<?xml version="1.0" encoding="utf-8"?><bwFrame xmlns:xsi="http://www.w3.org/2001/XMLSchema-instance" xmlns:xsd="http://www.w3.org/2001/XMLSchema" default_layout="pxnsnfns01001000010" textdirection="ltr" device="false" kbshortcuts="true" outputtype="ap"><layouts><layout name="pxnsnfns01001000010" font="Articulate" controllayout="pxnsnfns01001000010" colorscheme="pxnsnfns01001000010" string_table="pxnsnfns01001000010" /></layouts><control_options><optiongroups><optiongroup name="sidebaroptions"><options><option name="title_enabled" value="true"><options><option name="title_text" value="IntroductionToTesting" /></options></option><option name="logo_enabled" value="true"><options><option name="logo_url" value="presentation_content/logo.swf"><properties><property name="width" value="218" /><property name="height" value="123" /></properties></option><option name="html5_logo_url" value="mobile/6kI2GLwzn2l.jpg" /></options></option><option name="sidebar_enabled" value="true"><options><option name="sidebarpos" value="left" /></options></option><optionlist name="tabs"><listitems><listitem name="resources" value="false" group="linkright" /><listitem name="customlink" value="true" group="linkright"><properties><property name="title" value="Exit" /><property name="data" value="6lJXvbwiyxE" /><property name="ignoreSlideLock" value="true" /></properties></listitem><listitem name="outline" value="true" group="sidebar" /><listitem name="glossary" value="false" group="sidebar" /><listitem name="transcript" value="false" group="sidebar" /></listitems></optionlist><option name="time_enabled" value="false"><options><option name="time_format" value="totalelapsed" /></options></option><option name="info_enabled" value="false"><options><option name="default" value="default" /></options></option><option name="video_enabled" value="false"><options><option name="height" value="135" /></options></option></options></optiongroup><optiongroup name="menuoptions"><options><option name="flow" value="free" /><option name="wraplistitems" value="false" /><option name="tooltips" value="true" /><option name="autocollapse" value="true" /><option name="autonumber" value="true" /><option name="levelbehavior" value="reached" /><option name="levelrestriction" value="unrestricted" /><option name="enableresultsicons" value="false" /></options></optiongroup><optiongroup name="controls"><options><option name="volume" value="false" /><option name="seekbar" value="false"><options><option name="readonly" value="false" /></options></option><option name="search" value="true" /><option name="replay" value="false" /><option name="pauseplay" value="false" /><option name="enableKeyboardShortcuts" value="true" /><option name="elapsedandtotaltime" value="true" /><option name="use_fixed_output_size" value="true" /><option name="output_size_scale_percent" value="100" /></options></optiongroup><optiongroup name="bottombaroptions"><options><option name="bottombar_enabled" value="true" /></options></optiongroup></optiongroups></control_options><control_layouts><control_layout name="pxnsnfns01001000010"><control name="volume" enabled="false" /><control name="seekbar" enabled="false" /><control name="replay" enabled="false" /><control name="pauseplay" enabled="false" /><control name="logo" enabled="true" /><control name="previous" enabled="true" /><control name="next" enabled="true" /><control name="submit" enabled="false" /><control name="finish" enabled="false" /><control name="submitall" enabled="false" /><control name="resources" enabled="false" /><control name="glossary" enabled="false" /><control name="transcript" enabled="false" /><control name="outline" enabled="true"><controls><control name="search" enabled="true" /></controls></control><control name="close_btn" enabled="false" /></control_layout></control_layouts><colorschemes><colorscheme name="pxnsnfns01001000010"><color_group name="infopanel"><group_colors><color name="link_text"><fill type="linear" rotation="90"><colors><color rgb="0x7C2280" alpha="100" stop="0" /></colors></fill></color><color name="link_hover"><fill type="linear" rotation="90"><colors><color rgb="0x0000EE" alpha="100" stop="0" /></colors></fill></color><color name="bg"><fill type="linear" rotation="90"><colors><color rgb="0xFFFFFF" alpha="100" stop="0" /></colors></fill></color><color name="shadow"><fill type="linear" rotation="90"><colors><color rgb="0xB8B8B8" alpha="100" stop="0" /></colors></fill></color><color name="name_text"><fill type="linear" rotation="90"><colors><color rgb="0x444444" alpha="100" stop="0" /></colors></fill></color><color name="title_text"><fill type="linear" rotation="90"><colors><color rgb="0x999999" alpha="100" stop="0" /></colors></fill></color></group_colors></color_group><color_group name="infopanelpopup"><group_colors><color name="link_text"><fill type="linear" rotation="90"><colors><color rgb="0x7C2280" alpha="100" stop="0" /></colors></fill></color><color name="link_hover"><fill type="linear" rotation="90"><colors><color rgb="0x0000EE" alpha="100" stop="0" /></colors></fill></color><color name="bg"><fill type="linear" rotation="90"><colors><color rgb="0xE9E9E9" alpha="100" stop="0" /><color rgb="0xCFCFCF" alpha="100" stop="255" /></colors></fill></color><color name="shadow"><fill type="linear" rotation="90"><colors><color rgb="0xB8B8B8" alpha="100" stop="0" /></colors></fill></color><color name="name_text"><fill type="linear" rotation="90"><colors><color rgb="0x444444" alpha="100" stop="0" /></colors></fill></color><color name="bio_text"><fill type="linear" rotation="90"><colors><color rgb="0x999999" alpha="100" stop="0" /></colors></fill></color></group_colors></color_group><color_group name="timer"><group_colors><color name="duration"><fill type="linear" rotation="90"><colors><color rgb="0x00D7FF" alpha="100" stop="0" /><color rgb="0x00ABFF" alpha="100" stop="255" /></colors></fill></color><color name="elapsed"><fill type="linear" rotation="90"><colors><color rgb="0xFEE347" alpha="100" stop="0" /><color rgb="0xFCCC2A" alpha="100" stop="255" /></colors></fill></color><color name="stroke"><fill type="linear" rotation="90"><colors><color rgb="0xC7C7C7" alpha="100" stop="0" /></colors></fill></color><color name="inner"><fill type="linear" rotation="90"><colors><color rgb="0xFFFFFF" alpha="100" stop="0" /></colors></fill></color><color name="text"><fill type="linear" rotation="90"><colors><color rgb="0x555555" alpha="100" stop="0" /></colors></fill></color></group_colors></color_group><color_group name="window"><group_colors><color name="text"><fill type="linear" rotation="90"><colors><color rgb="0x555555" alpha="100" stop="0" /></colors></fill></color><color name="inner"><fill type="linear" rotation="90"><colors><color rgb="0xEAEAEA" alpha="100" stop="0" /><color rgb="0xCFCFCF" alpha="100" stop="255" /></colors></fill></color><color name="bg"><fill type="linear" rotation="90"><colors><color rgb="0xF3F3F3" alpha="100" stop="0" /></colors></fill></color><color name="diva"><fill type="linear" rotation="90"><colors><color rgb="0xF7F7F7" alpha="100" stop="0" /></colors></fill></color><color name="divb"><fill type="linear" rotation="90"><colors><color rgb="0xD3D3D3" alpha="100" stop="0" /></colors></fill></color><color name="shadow"><fill type="linear" rotation="90"><colors><color rgb="0x000000" alpha="20" stop="0" /></colors></fill></color></group_colors></color_group><color_group name="editor"><group_colors><color name="slide_text"><fill type="linear" rotation="90"><colors><color rgb="0x555555" alpha="100" stop="0" /></colors></fill></color><color name="html_text"><fill type="linear" rotation="90"><colors><color rgb="0x444444" alpha="100" stop="0" /></colors></fill></color><color name="btn_bg"><fill type="linear" rotation="90"><colors><color rgb="0xF5F5F5" alpha="100" stop="0" /><color rgb="0xC7C7C7" alpha="100" stop="255" /></colors></fill></color><color name="btn_hover"><fill type="linear" rotation="90"><colors><color rgb="0xF2F2F2" alpha="100" stop="0" /><color rgb="0xAFAFAF" alpha="100" stop="255" /></colors></fill></color><color name="btn_down"><fill type="linear" rotation="90"><colors><color rgb="0xC7C7C7" alpha="100" stop="0" /><color rgb="0xF4F4F4" alpha="100" stop="255" /></colors></fill></color><color name="btn_border"><fill type="linear" rotation="90"><colors><color rgb="0xB1B1B1" alpha="100" stop="0" /></colors></fill></color><color name="btn_text"><fill type="linear" rotation="90"><colors><color rgb="0x353535" alpha="100" stop="0" /></colors></fill></color><color name="btn_text_shadow"><fill type="linear" rotation="90"><colors><color rgb="0xF0F0F0" alpha="100" stop="0" /></colors></fill></color></group_colors></color_group><color_group name="listitem"><group_colors><color name="selected_text"><fill type="linear" rotation="90"><colors><color rgb="0x353535" alpha="100" stop="0" /></colors></fill></color><color name="lines"><fill type="linear" rotation="90"><colors><color rgb="0xDFDFDF" alpha="100" stop="0" /></colors></fill></color><color name="hover"><fill type="linear" rotation="90"><colors><color rgb="0xE6E6E6" alpha="100" stop="0" /></colors></fill></color><color name="viewed"><fill type="linear" rotation="90"><colors><color rgb="0x909090" alpha="100" stop="0" /></colors></fill></color><color name="text"><fill type="linear" rotation="90"><colors><color rgb="0x353535" alpha="100" stop="0" /></colors></fill></color><color name="selected"><fill type="linear" rotation="90"><colors><color rgb="0xC0E2F1" alpha="100" stop="0" /></colors></fill></color><color name="shadow"><fill type="linear" rotation="90"><colors><color rgb="0xFFFFFF" alpha="100" stop="0" /></colors></fill></color></group_colors></color_group><color_group name="base"><group_colors><color name="text"><fill type="linear" rotation="90"><colors><color rgb="0x555555" alpha="100" stop="0" /></colors></fill></color><color name="diva"><fill type="linear" rotation="90"><colors><color rgb="0xD3D3D3" alpha="100" stop="0" /></colors></fill></color><color name="divb"><fill type="linear" rotation="90"><colors><color rgb="0xF7F7F7" alpha="100" stop="0" /></colors></fill></color><color name="bg"><fill type="linear" rotation="90"><colors><color rgb="0xE9E9E9" alpha="100" stop="0" /><color rgb="0xCFCFCF" alpha="100" stop="255" /></colors></fill></color><color name="border"><fill type="linear" rotation="90"><colors><color rgb="0xE9E9E9" alpha="100" stop="0" /><color rgb="0xF3F3F3" alpha="100" stop="255" /></colors></fill></color><color name="menu_shade"><fill type="linear" rotation="90"><colors><color rgb="0xDBDBDB" alpha="100" stop="0" /><color rgb="0xC3C3C3" alpha="100" stop="255" /></colors></fill></color><color name="slide_bg"><fill type="linear" rotation="90"><colors><color rgb="0xE9E9E9" alpha="100" stop="0" /><color rgb="0xCFCFCF" alpha="100" stop="255" /></colors></fill></color></group_colors></color_group><color_group name="button"><group_colors><color name="btn_bg"><fill type="linear" rotation="90"><colors><color rgb="0xF5F5F5" alpha="100" stop="0" /><color rgb="0xC7C7C7" alpha="100" stop="255" /></colors></fill></color><color name="btn_hover"><fill type="linear" rotation="90"><colors><color rgb="0xF2F2F2" alpha="100" stop="0" /><color rgb="0xAFAFAF" alpha="100" stop="255" /></colors></fill></color><color name="btn_down"><fill type="linear" rotation="90"><colors><color rgb="0xC7C7C7" alpha="100" stop="0" /><color rgb="0xF4F4F4" alpha="100" stop="255" /></colors></fill></color><color name="btn_border"><fill type="linear" rotation="90"><colors><color rgb="0xB1B1B1" alpha="100" stop="0" /></colors></fill></color><color name="btn_text"><fill type="linear" rotation="90"><colors><color rgb="0x353535" alpha="100" stop="0" /></colors></fill></color><color name="btn_text_shadow"><fill type="linear" rotation="90"><colors><color rgb="0xF0F0F0" alpha="100" stop="0" /></colors></fill></color><color name="btn_icon_color"><fill type="linear" rotation="90"><colors><color rgb="0x353535" alpha="100" stop="0" /></colors></fill></color><color name="btn_glow"><fill type="linear" rotation="90"><colors><color rgb="0xCFCFCF" alpha="100" stop="0" /></colors></fill></color></group_colors></color_group><color_group name="checkbox"><group_colors><color name="border"><fill type="linear" rotation="90"><colors><color rgb="0xB8B8B8" alpha="100" stop="0" /></colors></fill></color><color name="bg"><fill type="linear" rotation="90"><colors><color rgb="0xFFFFFF" alpha="100" stop="0" /></colors></fill></color><color name="check"><fill type="linear" rotation="90"><colors><color rgb="0x33CC00" alpha="100" stop="0" /></colors></fill></color><color name="text"><fill type="linear" rotation="90"><colors><color rgb="0x444444" alpha="100" stop="0" /></colors></fill></color><color name="hover"><fill type="linear" rotation="90"><colors><color rgb="0x6BF8FF" alpha="100" stop="0" /></colors></fill></color></group_colors></color_group><color_group name="logo"><group_colors><color name="bg"><fill type="linear" rotation="90"><colors><color rgb="0xFFFFFF" alpha="100" stop="0" /></colors></fill></color><color name="shadow"><fill type="linear" rotation="90"><colors><color rgb="0xB8B8B8" alpha="100" stop="0" /></colors></fill></color></group_colors></color_group><color_group name="menu"><group_colors><color name="bg"><fill type="linear" rotation="90"><colors><color rgb="0xF3F3F3" alpha="100" stop="0" /></colors></fill></color><color name="shadow"><fill type="linear" rotation="90"><colors><color rgb="0xB8B8B8" alpha="100" stop="0" /></colors></fill></color></group_colors></color_group><color_group name="scrollarea"><group_colors><color name="bg"><fill type="linear" rotation="0"><colors><color rgb="0xDEDEDE" alpha="100" stop="0" /><color rgb="0xE8E8E8" alpha="100" stop="128" /></colors></fill></color><color name="border"><fill type="linear" rotation="90"><colors><color rgb="0xF6F6F6" alpha="100" stop="0" /><color rgb="0xF3F3F3" alpha="100" stop="255" /></colors></fill></color><color name="button_bg"><fill type="linear" rotation="90"><colors><color rgb="0xC4C4C4" alpha="100" stop="0" /><color rgb="0xB2B2B2" alpha="100" stop="255" /></colors></fill></color><color name="button_inner"><fill type="linear" rotation="90"><colors><color rgb="0xCBCBCB" alpha="100" stop="0" /><color rgb="0xBABABA" alpha="100" stop="255" /></colors></fill></color><color name="button_border"><fill type="linear" rotation="90"><colors><color rgb="0xB8B8B8" alpha="100" stop="0" /></colors></fill></color><color name="icons"><fill type="linear" rotation="90"><colors><color rgb="0x555555" alpha="100" stop="0" /></colors></fill></color><color name="shadow"><fill type="linear" rotation="90"><colors><color rgb="0xD9D9D9" alpha="100" stop="0" /></colors></fill></color><color name="detaila"><fill type="linear" rotation="90"><colors><color rgb="0xA7A7A7" alpha="100" stop="0" /></colors></fill></color><color name="detailb"><fill type="linear" rotation="90"><colors><color rgb="0xCFCFCF" alpha="100" stop="0" /></colors></fill></color></group_colors></color_group><color_group name="searchinput"><group_colors><color name="bg"><fill type="linear" rotation="90"><colors><color rgb="0xDFDFDF" alpha="100" stop="0" /></colors></fill></color><color name="border"><fill type="linear" rotation="90"><colors><color rgb="0xADADAD" alpha="100" stop="0" /><color rgb="0xFAFAFA" alpha="100" stop="255" /></colors></fill></color><color name="icon"><fill type="linear" rotation="90"><colors><color rgb="0x8A8A8A" alpha="100" stop="0" /></colors></fill></color><color name="button_hover"><fill type="linear" rotation="90"><colors><color rgb="0xF5F5F5" alpha="100" stop="0" /><color rgb="0xC7C7C7" alpha="100" stop="255" /></colors></fill></color><color name="hover_glow"><fill type="linear" rotation="90"><colors><color rgb="0x6BF8FF" alpha="100" stop="0" /></colors></fill></color><color name="search_text"><fill type="linear" rotation="90"><colors><color rgb="0x8A8A8A" alpha="100" stop="0" /></colors></fill></color><color name="bg_active"><fill type="linear" rotation="90"><colors><color rgb="0xFAFAFA" alpha="100" stop="0" /></colors></fill></color><color name="text_active"><fill type="linear" rotation="90"><colors><color rgb="0x333333" alpha="100" stop="0" /></colors></fill></color></group_colors></color_group><color_group name="seekcontrol"><group_colors><color name="bg"><fill type="linear" rotation="90"><colors><color rgb="0xF5F5F5" alpha="100" stop="0" /><color rgb="0xC7C7C7" alpha="100" stop="255" /></colors></fill></color><color name="border"><fill type="linear" rotation="90"><colors><color rgb="0xB1B1B1" alpha="100" stop="0" /></colors></fill></color><color name="seek_border"><fill type="linear" rotation="90"><colors><color rgb="0xB8B8B8" alpha="100" stop="0" /><color rgb="0xEEEEEE" alpha="100" stop="255" /></colors></fill></color><color name="seek_bg"><fill type="linear" rotation="90"><colors><color rgb="0xE7E7E7" alpha="100" stop="0" /></colors></fill></color><color name="seek_position"><fill type="linear" rotation="90"><colors><color rgb="0xFFFFFF" alpha="100" stop="0" /></colors></fill></color><color name="btn_icon_color"><fill type="linear" rotation="90"><colors><color rgb="0x2D2D2D" alpha="100" stop="0" /></colors></fill></color><color name="btn_icon_hover"><fill type="linear" rotation="90"><colors><color rgb="0x555555" alpha="100" stop="0" /></colors></fill></color><color name="btn_icon_shadow"><fill type="linear" rotation="90"><colors><color rgb="0xF0F0F0" alpha="100" stop="0" /></colors></fill></color></group_colors></color_group><color_group name="tabs"><group_colors><color name="bg"><fill type="linear" rotation="90"><colors><color rgb="0xF3F3F3" alpha="100" stop="0" /></colors></fill></color><color name="text"><fill type="linear" rotation="90"><colors><color rgb="0x555555" alpha="100" stop="0" /></colors></fill></color><color name="selected"><fill type="linear" rotation="90"><colors><color rgb="0x333333" alpha="100" stop="0" /></colors></fill></color><color name="hover"><fill type="linear" rotation="90"><colors><color rgb="0x333333" alpha="100" stop="0" /></colors></fill></color><color name="shadow"><fill type="linear" rotation="90"><colors><color rgb="0xF0F0F0" alpha="100" stop="0" /></colors></fill></color></group_colors></color_group><color_group name="transcript"><group_colors><color name="div"><fill type="linear" rotation="90"><colors><color rgb="0xE1E1E1" alpha="100" stop="0" /></colors></fill></color><color name="heading_text"><fill type="linear" rotation="90"><colors><color rgb="0x444444" alpha="100" stop="0" /></colors></fill></color></group_colors></color_group><color_group name="outline"><group_colors><color name="diva"><fill type="linear" rotation="90"><colors><color rgb="0xC6C6C6" alpha="100" stop="0" /></colors></fill></color><color name="divb"><fill type="linear" rotation="90"><colors><color rgb="0xF9F9F9" alpha="100" stop="0" /></colors></fill></color><color name="divc"><fill type="linear" rotation="90"><colors><color rgb="0xE1E1E1" alpha="100" stop="0" /></colors></fill></color><color name="search_text"><fill type="linear" rotation="90"><colors><color rgb="0x444444" alpha="100" stop="0" /></colors></fill></color><color name="search_hover"><fill type="linear" rotation="90"><colors><color rgb="0x0000EE" alpha="100" stop="0" /></colors></fill></color></group_colors></color_group><color_group name="resource"><group_colors><color name="separator"><fill type="linear" rotation="90"><colors><color rgb="0xE0E0E0" alpha="100" stop="0" /></colors></fill></color></group_colors></color_group><color_group name="glossary"><group_colors><color name="selected_text"><fill type="linear" rotation="90"><colors><color rgb="0x353535" alpha="100" stop="0" /></colors></fill></color><color name="selected"><fill type="linear" rotation="90"><colors><color rgb="0xC0E2F1" alpha="100" stop="0" /></colors></fill></color><color name="text"><fill type="linear" rotation="90"><colors><color rgb="0x353535" alpha="100" stop="0" /></colors></fill></color><color name="hover"><fill type="linear" rotation="90"><colors><color rgb="0xE6E6E6" alpha="100" stop="0" /></colors></fill></color><color name="diva"><fill type="linear" rotation="90"><colors><color rgb="0xE2E2E2" alpha="100" stop="0" /></colors></fill></color><color name="divb"><fill type="linear" rotation="90"><colors><color rgb="0xE2E2E2" alpha="100" stop="0" /></colors></fill></color><color name="divc"><fill type="linear" rotation="90"><colors><color rgb="0xFAFAFA" alpha="100" stop="0" /></colors></fill></color><color name="bg"><fill type="linear" rotation="90"><colors><color rgb="0xE7E7E7" alpha="100" stop="0" /></colors></fill></color><color name="heading_text"><fill type="linear" rotation="90"><colors><color rgb="0x444444" alpha="100" stop="0" /></colors></fill></color></group_colors></color_group><color_group name="volume"><group_colors><color name="thumb_border"><fill type="linear" rotation="90"><colors><color rgb="0xA5A5A5" alpha="100" stop="0" /></colors></fill></color><color name="thumb_inner"><fill type="linear" rotation="90"><colors><color rgb="0xD4D4D4" alpha="100" stop="0" /></colors></fill></color><color name="thumb_bg"><fill type="linear" rotation="90"><colors><color rgb="0xC8C8C8" alpha="100" stop="0" /></colors></fill></color><color name="slider_border"><fill type="linear" rotation="90"><colors><color rgb="0xF2F2F2" alpha="100" stop="0" /></colors></fill></color><color name="slider_bg"><fill type="linear" rotation="90"><colors><color rgb="0xBCBCBC" alpha="100" stop="0" /><color rgb="0xBCBCBC" alpha="100" stop="128" /><color rgb="0xC3C3C3" alpha="100" stop="255" /></colors></fill></color></group_colors></color_group><color_group name="HTML"><group_colors><color name="htmlpage_bg_color"><fill type="linear" rotation="90"><colors><color rgb="0xFFFFFF" alpha="100" stop="0" /></colors></fill></color></group_colors></color_group></colorscheme></colorschemes><string_tables><string_table name="pxnsnfns01001000010"><string id="prev">PREV</string><string id="next">NEXT</string><string id="submit">SUBMIT</string><string id="outline">Menu</string><string id="resources">Resources</string><string id="glossary">Glossary</string><string id="transcript">Notes</string><string id="clear">Clear and return to Menu</string><string id="search_results">Search Results</string><string id="filter">Filter</string><string id="slide_text_chk">Slide Text</string><string id="transcript_chk">Notes</string><string id="search_in">Search in:</string><string id="check_include">Check to include</string><string id="search">Search...</string><string id="terms">Terms</string><string id="definition">Definition</string><string id="finish">FINISH</string><string id="acc_finish">finish</string><string id="acc_definition">definition</string><string id="acc_resources">resources</string><string id="acc_search_input">search</string><string id="acc_pause">pause</string><string id="acc_play">play</string><string id="acc_replay">replay</string><string id="acc_submit">submit</string><string id="acc_next">next</string><string id="acc_previous">previous</string><string id="acc_volume">volume</string><string id="submitall">SUBMIT ALL</string><string id="acc_submitall">submit all</string><string id="question_list">Question List</string><string id="more_info">More info</string><string id="send_an_email">Send an email</string><string id="close">Close</string><string id="bio">Bio</string><string id="exit">Exit</string></string_table></string_tables><sounds enabled="false" /><nav_data><outline><links><slidelink slideid="4etq2uCpR4h.5uouDZLfHXU" displaytext="Slide 1" expand="false" type="slide" /><slidelink slideid="4etq2uCpR4h.69f8wDUoXh3" displaytext="Pre-Session Activity" expand="false" type="slide" /><slidelink slideid="4etq2uCpR4h.6JUVwlFUQIK" displaytext="Case Study 1" expand="false" type="slide" /><slidelink slideid="4etq2uCpR4h.6Mfb35NR4Om" displaytext="Case Study 2" expand="false" type="slide" /><slidelink slideid="4etq2uCpR4h.5vTrjMGgSFt" displaytext="Agenda" expand="false" type="slide" /><slidelink slideid="4etq2uCpR4h.5xqRcSYHmhL" displaytext="What is Software Testing" expand="false" type="slide" /><slidelink slideid="4etq2uCpR4h.5dj7zQXkGyH" displaytext="What is Software Testing" expand="false" type="slide" /><slidelink slideid="4etq2uCpR4h.5VbbxALSsZB" displaytext="What is Quality?" expand="false" type="slide" /><slidelink slideid="4etq2uCpR4h.61EADrbAMrL" displaytext="Quality Attributes" expand="false" type="slide" /><slidelink slideid="4etq2uCpR4h.62YNDNxOe92" displaytext="Quality Attributes" expand="false" type="slide" /><slidelink slideid="4etq2uCpR4h.5axVszKwmEp" displaytext="Quality Attributes" expand="false" type="slide" /><slidelink slideid="4etq2uCpR4h.6hCe0KEzdSY" displaytext="Testing Objectives" expand="false" type="slide" /><slidelink slideid="4etq2uCpR4h.5wAmWAg8edO" displaytext="How many Testers Versus Developer?" expand="false" type="slide" /><slidelink slideid="4etq2uCpR4h.6VmATQTwLrO" displaytext="Principles of Software Testing" expand="false" type="slide" /><slidelink slideid="4etq2uCpR4h.6I69pMTzSUr" displaytext="Principles of Software Testing" expand="false" type="slide" /><slidelink slideid="4etq2uCpR4h.5eZC3PnOF8M" displaytext="Principles of Software Testing" expand="false" type="slide" /><slidelink slideid="4etq2uCpR4h.5nGrv5UpEK9" displaytext="Principles of Software Testing" expand="false" type="slide" /><slidelink slideid="4etq2uCpR4h.5wQ1RSRpEgN" displaytext="Software Testing Myths" expand="false" type="slide" /><slidelink slideid="4etq2uCpR4h.6KEd55HR662" displaytext="Verification &amp; Validation" expand="false" type="slide" /><slidelink slideid="4etq2uCpR4h.6JRwQeDjEVr" displaytext="Verification &amp; Validation" expand="false" type="slide" /><slidelink slideid="4etq2uCpR4h.6ByGt4ILDt7" displaytext="Software Testing Limits" expand="false" type="slide" /><slidelink slideid="4etq2uCpR4h.5ti7TYOaIu3" displaytext="Software and Scope for Errors, Faults, and Failures" expand="false" type="slide" /><slidelink slideid="4etq2uCpR4h.6nWTkQ1XMUN" displaytext="Software testing as a creative and lucrative career" expand="false" type="slide" /><slidelink slideid="4etq2uCpR4h.5UssdnHP6lR" displaytext="Software testing as a creative and  lucrative career" expand="false" type="slide" /><slidelink slideid="4etq2uCpR4h.5iS0mzSAzI9" displaytext="Market Demand in Software Testing" expand="false" type="slide" /><slidelink slideid="4etq2uCpR4h.5lV81bHCJgR" displaytext="Current Trends in Software Testing" expand="false" type="slide" /><slidelink slideid="4etq2uCpR4h.5ZISyxjpbV6" displaytext="Current Trends in Software Testing" expand="false" type="slide" /><slidelink slideid="4etq2uCpR4h.6PB4xm6q8eI" displaytext="Current Trends in Software Testing" expand="false" type="slide" /><slidelink slideid="4etq2uCpR4h.6niMbXMx9WD" displaytext="Current Trends in Software Testing" expand="false" type="slide" /><slidelink slideid="4etq2uCpR4h.6OXdb9pZ7ro" displaytext="Career Growth and Options in Software Testing" expand="false" type="slide" /><slidelink slideid="4etq2uCpR4h.5rd0JAUeuiW" displaytext="Skills required for a Tester" expand="false" type="slide" /><slidelink slideid="4etq2uCpR4h.6D1Fxq9gSQL" displaytext="Manual Test Engineer – Role" expand="false" type="slide" /><slidelink slideid="4etq2uCpR4h.5tjMciYXuxQ" displaytext="Does Software Testing involve Scripting?" expand="false" type="slide" /><slidelink slideid="4etq2uCpR4h.5tMxMWIlWYV" displaytext="Automation Test Engineer – Role" expand="false" type="slide" /><slidelink slideid="4etq2uCpR4h.6KAGQbmREja" displaytext="Performance Test Engineer – Role" expand="false" type="slide" /><slidelink slideid="4etq2uCpR4h.6Wp4mON4fV6" displaytext="Test Lead – Role" expand="false" type="slide" /><slidelink slideid="4etq2uCpR4h.6qR94yY94kc" displaytext="Test Manager – Role" expand="false" type="slide" /><slidelink slideid="4etq2uCpR4h.5d9fndOBggF" displaytext="Business Analyst – Role" expand="false" type="slide" /><slidelink slideid="4etq2uCpR4h.5sJHnWa7KP0" displaytext="Various Roles in Testing" expand="false" type="slide" /><slidelink slideid="4etq2uCpR4h.6eYDzcLDEIJ" displaytext="Testing Roles in SDLC" expand="false" type="slide" /><slidelink slideid="4etq2uCpR4h.5c9CCW6tHEB" displaytext="Example for Revenue Loss" expand="false" type="slide" /><slidelink slideid="4etq2uCpR4h.6iQtyrvhSwX" displaytext="Post Session Activity -Quiz" expand="false" type="slide" /><slidelink slideid="4etq2uCpR4h.63kNLsj5I3X" displaytext="Post Session Activity -Quiz" expand="false" type="slide" /><slidelink slideid="4etq2uCpR4h.6Oiw8Sg264w" displaytext="Post Session Activity -Quiz" expand="false" type="slide" /><slidelink slideid="4etq2uCpR4h.6XayIqDb7xm" displaytext="Post Session Activity -Quiz" expand="false" type="slide" /><slidelink slideid="4etq2uCpR4h.61d6xiiiuw3" displaytext="Post Session Activity -Quiz" expand="false" type="slide" /><slidelink slideid="4etq2uCpR4h.6VqfppNpoyT" displaytext="Slide 47" expand="false" type="slide" /></links></outline><search><slidetext slideid="4etq2uCpR4h.5uouDZLfHXU" slidebank="false" type="slide">     hcl talentcare: confidential  version: 1.0 release date:  07-01-2016 introduction to software testing market demand for testing27-july-2015  version – 1.0&#xB;release date – 07-01-2016</slidetext><slidetext slideid="4etq2uCpR4h.69f8wDUoXh3" slidebank="false" type="slide">   ‹#›   hcl talentcare: confidential  version: 1.0 release date:  07-01-2016  pre-session activity trainees read the case study of at &amp; t failure from the link given below              http://users.csc.calpoly.edu/~jdalbey/swe/papers/att_collapse.html</slidetext><slidetext slideid="4etq2uCpR4h.6JUVwlFUQIK" slidebank="false" type="slide">   ‹#›   hcl talentcare: confidential  version: 1.0 release date:  07-01-2016  case study 1 irctc is an online train reservations application, where we can reserve the train tickets.   indian railway’s unique tatkal ticketing system offers the ability to book last minute trips one day before the date of travel starting at 10 a.m.    in the past, the e-ticketing system would often crash at 10 a.m. because of tatkal ticket demand, but the system experienced issues any time there were more than 40,000 concurrent users logged on to purchase tickets.  the system was so slow that it would take customers up to 15 minutes to buy a ticket-and often the system would time out and not allow customers to finish their purchases       as an end user what is your perception in this scenario</slidetext><slidetext slideid="4etq2uCpR4h.6Mfb35NR4Om" slidebank="false" type="slide">   ‹#›   hcl talentcare: confidential  version: 1.0 release date:  07-01-2016  case study 2 online banking systemthere is a banking software for maintaining the record of accounts of each customerthere are around 60,000 customers in each citydaily transactions need to be maintained. the number  of  customer increases over a period of time                analyse the above and list out the expectations as end user.</slidetext><slidetext slideid="4etq2uCpR4h.5vTrjMGgSFt" slidebank="false" type="slide">   ‹#›   hcl talentcare: confidential  version: 1.0 release date:  07-01-2016  agenda what is software testing?quality and quality attributesobjectives of software testingprinciple of software testingverification vs validationsoftware and scope for errors, faults, and failuressoftware testing as a creative and lucrative careermarket demand in software testingcurrent trends in software testingroles in testingquiz</slidetext><slidetext slideid="4etq2uCpR4h.5xqRcSYHmhL" slidebank="false" type="slide">   ‹#›   hcl talentcare: confidential  version: 1.0 release date:  07-01-2016  what is software testing “testing is the process of establishing confidence that a program or system does what it is supposed to”.“testing is the process of executing a program or system with the intent of finding errors.” by myers 1979“testing is any activity aimed at evaluating an attribute or capability of a program or system and determining that it meets its required results.” by hetzel 1983”.ieee definitionsoftware testing is the process of analysing a software item to detect the differences between existing and required conditions (that is, bugs) and to evaluate the features of the software item. &#xB;</slidetext><slidetext slideid="4etq2uCpR4h.5dj7zQXkGyH" slidebank="false" type="slide">   ‹#›   hcl talentcare: confidential  version: 1.0 release date:  07-01-2016  what is software testing  most critical phase of software development.a software process based on  well-defined software quality control and testing standards testing methods strategy test criteriatoolstesters perform various types of software testing activities to perform a software test process. the last quality checking point for software on its production line.</slidetext><slidetext slideid="4etq2uCpR4h.5VbbxALSsZB" slidebank="false" type="slide">   ‹#›   hcl talentcare: confidential  version: 1.0 release date:  07-01-2016  what is quality? degree of excellence – oxford dictionaryfitness for purpose – edward demingsatisfy our customers by delivering quality products and services that meet their requirements on time, every timethe characteristic of the software that defines how well the software meets the customer requirements, business requirements, coding standards etc.</slidetext><slidetext slideid="4etq2uCpR4h.61EADrbAMrL" slidebank="false" type="slide">   ‹#›   hcl talentcare: confidential  version: 1.0 release date:  07-01-2016  quality attributes quality attributes are properties of  software product.functionality : attribute that relate to functions and their properties.reliability :attribute that relate to the capability of the software and measures that  denotes a system will not fail.        examplelogin functionality of gmailsearch for results in university website examplegmail system should be available for 23 hours.user should be able to search for available trains on any time of the day. and search results should  be consistent</slidetext><slidetext slideid="4etq2uCpR4h.62YNDNxOe92" slidebank="false" type="slide">   ‹#›   hcl talentcare: confidential  version: 1.0 release date:  07-01-2016   quality attributes usability : attributes that define how well  the application meets the requirement of the user resulting in a good overall experience.maintainability : attributes that define the ability of the system to undergo changes. examplefacebook users increases since the application is user friendly.online shopping applications should allow first time user to place an orderwithin 5 minutes. exampleaddition of new games in facebook application.what's app new calling feature being added to the existing system.</slidetext><slidetext slideid="4etq2uCpR4h.5axVszKwmEp" slidebank="false" type="slide">   ‹#›   hcl talentcare: confidential  version: 1.0 release date:  07-01-2016  quality attributes portability :attributes that define the ability of a system to run under different computing environments.efficiency :attributes that define the level of performance of the system and the amount of resources used. exampleonline retail application works on all browsers like ie,firefox,mozilla. exampleonline retail application should support 5000 users  and no server errors should be displayed .</slidetext><slidetext slideid="4etq2uCpR4h.6hCe0KEzdSY" slidebank="false" type="slide">   ‹#›   hcl talentcare: confidential  version: 1.0 release date:  07-01-2016  testing objectives uncover as many as errors (or bugs) as possible in a given timeline.demonstrate a given software product matching its requirement specifications.to deliver a defect free product to the customerto deliver system which are fit for use by end users.improving the quality of software by correcting the defects found.&#xB;</slidetext><slidetext slideid="4etq2uCpR4h.5wAmWAg8edO" slidebank="false" type="slide">   ‹#›   hcl talentcare: confidential  version: 1.0 release date:  07-01-2016  how many testers versus developer? over the years, there has been much interest in finding the 'right' ratio of testers to developers. microsoft employs a 1-to-1 ratio of testers to developers, according to the book 'microsoft secrets’. in an informal poll of participants in a conference session, randall rice found the most common ratio was 1 tester to 3 developers.</slidetext><slidetext slideid="4etq2uCpR4h.6VmATQTwLrO" slidebank="false" type="slide">   ‹#›   hcl talentcare: confidential  version: 1.0 release date:  07-01-2016  principles of software testing principle 1: testing shows the presence of defects. failure to find bugs does not necessarily mean that none exist.tests must be designed to find as many bugs as possible.every product initially has bugs, a test that identifies bugs is better than one that finds none. principle 2: exhaustive testing is impossible. there are usually too many inputs that come into play.  testers must focus efforts on only the most critical priorities and risks.testing with all combinations of data is not practically possible.</slidetext><slidetext slideid="4etq2uCpR4h.6I69pMTzSUr" slidebank="false" type="slide">   ‹#›   hcl talentcare: confidential  version: 1.0 release date:  07-01-2016  principles of software testing principle 3: testing as early as possible. testing should start as early as possible in the software development life cycle. errors identified later in the process tend to be more expensive to mitigate.  principle 4: defect clustering. software problems tend to cluster around narrow areas or functions.a small module usually contain most of the defects.</slidetext><slidetext slideid="4etq2uCpR4h.5eZC3PnOF8M" slidebank="false" type="slide">   ‹#›   hcl talentcare: confidential  version: 1.0 release date:  07-01-2016  principles of software testing principle 5: pesticide paradox use variety of tests and techniques to expose a range of defects across different areas of the product.avoid using the same set of tests and test data over and over on the same product or application, because this will reduce the range of bugs you will find principle 6: context driven. the same tests should not be applied across the board because different software products have varying requirements, functions and purposes.approach of testing will vary for every project.</slidetext><slidetext slideid="4etq2uCpR4h.5nGrv5UpEK9" slidebank="false" type="slide">   ‹#›   hcl talentcare: confidential  version: 1.0 release date:  07-01-2016  principles of software testing principle 7: absence of error fallacy. finding and fixing defects does not help if the system build is unusable and does not full fill the users needs &amp; requirements.the system need to stable for the end user to perform the task.</slidetext><slidetext slideid="4etq2uCpR4h.5wQ1RSRpEgN" slidebank="false" type="slide">   ‹#›   hcl talentcare: confidential  version: 1.0 release date:  07-01-2016  software testing myths we can test a program completely. in other words, we test a program exhaustively.we can find all program errors as long as test engineers do a good job.we can test a program by trying all possible inputs and states of a program.a good test suite must include a great number of test cases.good test cases always are complicated ones.software test automation can replace test engineers to perform good software testing.software testing is simple and easy. anyone can do it. no training is needed.</slidetext><slidetext slideid="4etq2uCpR4h.6KEd55HR662" slidebank="false" type="slide">   ‹#›   hcl talentcare: confidential  version: 1.0 release date:  07-01-2016  verification &amp; validation verification is the process of evaluating a system or component to determine whether the products of a given development phase satisfy the conditions imposed at the start of that phase.              verification: are we building the product right?validation is process of evaluating a system or component during or at the end of the development process to determine whether it satisfies specified requirements.           validation: are we building the right product? 	</slidetext><slidetext slideid="4etq2uCpR4h.6JRwQeDjEVr" slidebank="false" type="slide">   ‹#›   hcl talentcare: confidential  version: 1.0 release date:  07-01-2016  verification &amp; validation verification               validation are you building the product right? are we building the right product? performed by developers performed by testers. verification takes place first and includes checking documentation, code. validation involves checking the overall product it includes reviews, inspections and walkthrough. dynamically executing the software against requirements.                 verification               validation are you building the product right? are we building the right product? performed by developers performed by testers. verification takes place first and includes checking documentation, code. validation involves checking the overall product it includes reviews, inspections and walkthrough. dynamically executing the software against requirements.</slidetext><slidetext slideid="4etq2uCpR4h.6ByGt4ILDt7" slidebank="false" type="slide">   ‹#›   hcl talentcare: confidential  version: 1.0 release date:  07-01-2016  software testing limits "complete" or "100%" testing is not possible. there are always 3 lacksresourcestimemoneydue to the testing time limit, it is impossible to achieve total confidence.we can never be sure the specifications are 100% correct.we can never be certain that a testing system (or tool) is correct.tester engineers never be sure that they completely understand a software product.we never have enough resources to perform software testing.we can never be certain that we achieve 100% adequate software testing.</slidetext><slidetext slideid="4etq2uCpR4h.5ti7TYOaIu3" slidebank="false" type="slide">   ‹#›   hcl talentcare: confidential  version: 1.0 release date:  07-01-2016  software and scope for errors, faults, and failures fault is a static defect in the software: incorrect instructionsmissing instructionsextra instructions error is an incorrect internal state that is the manifestation of some fault. failure is external, incorrect behaviour with respect to the requirements or other description of the expected behaviour.</slidetext><slidetext slideid="4etq2uCpR4h.6nWTkQ1XMUN" slidebank="false" type="slide">   ‹#›   hcl talentcare: confidential  version: 1.0 release date:  07-01-2016  software testing as a creative and lucrative career today, software testing is perceived as a solid and lucrative career especially for undergraduates and fresh graduates looking:to expand their knowledgebuild an exciting and creative careerat the same, get paid well. </slidetext><slidetext slideid="4etq2uCpR4h.5UssdnHP6lR" slidebank="false" type="slide">   ‹#›   hcl talentcare: confidential  version: 1.0 release date:  07-01-2016  software testing as a creative and&#xB; lucrative career but in order for you to advance in this career, you must equip yourself with the needed skills and knowledge for you to be valuable to any company.             test engineer    senior  test engineer       test manager    qa lead consultant</slidetext><slidetext slideid="4etq2uCpR4h.5iS0mzSAzI9" slidebank="false" type="slide">   ‹#›   hcl talentcare: confidential  version: 1.0 release date:  07-01-2016  market demand in software testing the market is witnessing increasing demand for testing software from companies because:the quality of applications is highly dependent upon testing. independent testing is a global business.source ready deployable talent  to work in a project is a major challenge.customers are focussed that software bugs does not demand penalty and will demand better testers.</slidetext><slidetext slideid="4etq2uCpR4h.5lV81bHCJgR" slidebank="false" type="slide">   ‹#›   hcl talentcare: confidential  version: 1.0 release date:  07-01-2016  current trends in software testing device testing:more than 40% of the internet users are accessing application using devices other than pc.the devices can be either tablets, smart phones etc and this has led to huge demand for device testing.              example:online retail applications can be accessed in tab, smart phones etc.</slidetext><slidetext slideid="4etq2uCpR4h.5ZISyxjpbV6" slidebank="false" type="slide">   ‹#›   hcl talentcare: confidential  version: 1.0 release date:  07-01-2016  current trends in software testing risk based testing: risk-based testing also involves measuring how well we are doing at finding and removing defects in critical areas. prioritization is based on their importance and likelihood or impact of failure.      cloud adoption and cloud based testingmost of the applications are hosted on cloud henceforth most of the applications need to be tested in this environment.various types of testing can be done on cloud including performance tests.             example:search functionality is  critical function in an online shopping function when compared to help functionality. example:we have to use microsoft office live as a mailing service to maintain secured way of sending mails</slidetext><slidetext slideid="4etq2uCpR4h.6PB4xm6q8eI" slidebank="false" type="slide">   ‹#›   hcl talentcare: confidential  version: 1.0 release date:  07-01-2016  current trends in software testing mobile testingmobile testing has increased significantly as most of the applications are migrating to mobile environmentmobile testing is now carried out in most of the organizations across various domains.mobile application testing is a process by which application software developed for hand held mobile devices is tested for its functionality usability consistency example:1.checking if application like red bus can be downloaded in a smart phone and can be accessed.2.checking if redbus application can be accessed in a browser of the mobile device.</slidetext><slidetext slideid="4etq2uCpR4h.6niMbXMx9WD" slidebank="false" type="slide">   ‹#›   hcl talentcare: confidential  version: 1.0 release date:  07-01-2016  current trends in software testing security testingsecurity testing is one of the major challenging areas in testing.the test process need to efficient to track if the data flow across the system is authentic.testing in agile environmentconstant delivery of software updates needs to be delivered in order to improve features and value.the current projects are driven by fast paced and responsive testing solutions need to be provided.a standard testing process that fits to agile development methodology with proper test tools are the major focus areas. example:all bank transactions done in mobile device need to be secure.</slidetext><slidetext slideid="4etq2uCpR4h.6OXdb9pZ7ro" slidebank="false" type="slide">   ‹#›   hcl talentcare: confidential  version: 1.0 release date:  07-01-2016  career growth and options in software testing roles in testing                                              roles in testing lead role manual test leadautomation test leadperformance test leadquality assurance test lead supporting role test environment specialistbusiness analystdefect co-ordinatortest consultant engineer rolemanual testerautomation testerperformance testersecurity testernetwork tester managerial rolestest manager  lead role manual test leadautomation test leadperformance test leadquality assurance test lead supporting role test environment specialistbusiness analystdefect co-ordinatortest consultant engineer rolemanual testerautomation testerperformance testersecurity testernetwork tester managerial rolestest manager</slidetext><slidetext slideid="4etq2uCpR4h.5rd0JAUeuiW" slidebank="false" type="slide">   ‹#›   hcl talentcare: confidential  version: 1.0 release date:  07-01-2016  skills required for a tester good testers have critical thinking, analytical, and investigative skills. they understand risk and have a deep understanding where bugs tend to hide. they should have excellent communication skills.</slidetext><slidetext slideid="4etq2uCpR4h.6D1Fxq9gSQL" slidebank="false" type="slide">   ‹#›   hcl talentcare: confidential  version: 1.0 release date:  07-01-2016  manual test engineer – role understanding system requirement specificationsraise clarificationsunderstanding system design (hld / lld)understanding system architecturepreparation of test cases based on srs and hld / lldreview of test casesbuilding traceability matrixexecute test caseslog defectstrack defects</slidetext><slidetext slideid="4etq2uCpR4h.5tjMciYXuxQ" slidebank="false" type="slide">   ‹#›   hcl talentcare: confidential  version: 1.0 release date:  07-01-2016  &#xB;&#xB;does software testing involve scripting?&#xB;&#xB; test automation is inherently a programming activity. anyone tasked with automating tests should know how to program (scripting).scripting language                                             they are interpreted within another program (like javascript is put within html and then interpreted by the browser)               programming languagethey are compiled into a more compact form that does not need to be interpreted by another application in the same way. the compiled result is stand-alone example:javascript,vb script, perl, ruby. example:java, c++,.net</slidetext><slidetext slideid="4etq2uCpR4h.5tMxMWIlWYV" slidebank="false" type="slide">   ‹#›   hcl talentcare: confidential  version: 1.0 release date:  07-01-2016  automation test engineer – role understanding the applicationraise technical clarificationspreparation of test scenarioreview of test scenariocreate test scripts using automation test toolexecute test scripts using record / playback functionanalyze test resultslog defectstrack defects</slidetext><slidetext slideid="4etq2uCpR4h.6KAGQbmREja" slidebank="false" type="slide">   ‹#›   hcl talentcare: confidential  version: 1.0 release date:  07-01-2016  performance test engineer – role understanding the applicationraise technical clarificationspreparation of test scenarioreview of test scenariocreate test scripts using performance test toolexecute test scripts using record / playback functionanalyze performance test resultsreport performance test analysis</slidetext><slidetext slideid="4etq2uCpR4h.6Wp4mON4fV6" slidebank="false" type="slide">   ‹#›   hcl talentcare: confidential  version: 1.0 release date:  07-01-2016  test lead – role  understand the system requirement specificationsunderstand system design (hld/lld)project proposals, project planning and project estimationcoaching and mentoring of team membersplanning, work allocation and follow-uponsite / offshore coordination</slidetext><slidetext slideid="4etq2uCpR4h.6qR94yY94kc" slidebank="false" type="slide">   ‹#›   hcl talentcare: confidential  version: 1.0 release date:  07-01-2016  test manager – role  ensures smooth functioning of the projectspeedy follow-up and closure of clarifications with the customerresource planning and forecastquality process adherencerisk managementissue management</slidetext><slidetext slideid="4etq2uCpR4h.5d9fndOBggF" slidebank="false" type="slide">   ‹#›   hcl talentcare: confidential  version: 1.0 release date:  07-01-2016  business analyst – role preparation of functional documentreview of functional documentconduct trainings on domain and applicationclosure of clarificationsreview of test artifactspreparation of business use casesexecution of business use cases</slidetext><slidetext slideid="4etq2uCpR4h.5sJHnWa7KP0" slidebank="false" type="slide">   ‹#›   hcl talentcare: confidential  version: 1.0 release date:  07-01-2016  various roles in testing test lead automation performance quality assurance test automation effort estimation        automation tool identification               test scripting / recording                    test result analysis                            team mentoring                                   work allocation and tracking                on/off coordination                             daily weekly status update                issues and risk mitigation                    tools evaluation                                   performance effort estimation             performance tool identification             test scripting / recording                    test result analysis                            team mentoring                                  work allocation and tracking               on/off coordination                            daily weekly status update                issues and risk mitigation                    tools evaluation                                    define qa process                            work product identification                verifying the work product under testexecution for execution audit             process training to the project team  define quality audit checklist            team mentoring                                work allocation and tracking            preparation of final inspection report   </slidetext><slidetext slideid="4etq2uCpR4h.6eYDzcLDEIJ" slidebank="false" type="slide">   ‹#›   hcl talentcare: confidential  version: 1.0 release date:  07-01-2016  testing roles in sdlc planning requirement design coding testing implementation          test lead      test engineer    business analyst           qa  test lead  test manager   business analyst  test lead test engineer           qa environment team developer   business analyst  test lead test engineer developer environment team           qa</slidetext><slidetext slideid="4etq2uCpR4h.5c9CCW6tHEB" slidebank="false" type="slide">   ‹#›   hcl talentcare: confidential  version: 1.0 release date:  07-01-2016  example for revenue loss https://www.youtube.com/watch?v=emvblg2mrls</slidetext><slidetext slideid="4etq2uCpR4h.6iQtyrvhSwX" slidebank="false" type="slide">   ‹#›   hcl talentcare: confidential  version: 1.0 release date:  07-01-2016  post session activity -quiz trainees will be able to answer the following questionswhy testing?because software is likely to have faultsto learn about the reliability of the softwareto fill the time between delivery of the software &amp; the release dateto prove that the software has no faultsto stay in businessbecause failures can be very expensive</slidetext><slidetext slideid="4etq2uCpR4h.63kNLsj5I3X" slidebank="false" type="slide">   ‹#›   hcl talentcare: confidential  version: 1.0 release date:  07-01-2016  post session activity -quiz which of the following is the role of a manual test engineer?a. review the test casesb. creating test scriptsc. analyzing which tool to used. scheduling</slidetext><slidetext slideid="4etq2uCpR4h.6Oiw8Sg264w" slidebank="false" type="slide">   ‹#›   hcl talentcare: confidential  version: 1.0 release date:  07-01-2016  post session activity -quiz a software development company develops software for banks &amp; insurance companies. it decided recently to diversify &amp; move into the mobile games domain. on the basis of their past experience they think ( )  i. since it is their 1st gaming product, they need to train their people in that domainii. mobile games do not involve any financial transactions still it is as serious a business as banking, so they need to be as stringent about documentationiii. mobile games need to be tested more stringently because of large number of usersiv. mobile games may need to be tested in a different manner to keep costs downa. only i,  ii &amp; iii are correctb. only i is correctc. only ii &amp; iii are correctd. only i &amp; iv are correct</slidetext><slidetext slideid="4etq2uCpR4h.6XayIqDb7xm" slidebank="false" type="slide">   ‹#›   hcl talentcare: confidential  version: 1.0 release date:  07-01-2016  post session activity -quiz a test team consistently finds between 90% and 95% of the defects present in the system under test. while the test manager understands that this is a good defect-detection percentage for her test team and industry, senior management and executives remain disappointed in the test group, saying that the test team misses too many bugs. given that the users are generally happy with the system and that the failures which have occurred have generally been low impact, which of the following testing principles is most likely to help the test manager explain to these managers and executives why some defects are likely to be missed?exhaustive testing is impossibledefect clusteringpesticide paradoxabsence-of-errors fallacy</slidetext><slidetext slideid="4etq2uCpR4h.61d6xiiiuw3" slidebank="false" type="slide">   ‹#›   hcl talentcare: confidential  version: 1.0 release date:  07-01-2016  post session activity -quiz which of the statements below is the best assessment of how the test principles apply across the test life cycle?test principles only affect the preparation for testing.test principles only affect test execution activities.test principles affect the early test activities such as review.test principles affect activities throughout the test life cycle.&#xB;</slidetext><slidetext slideid="4etq2uCpR4h.6VqfppNpoyT" slidebank="false" type="slide">     hcl talentcare: confidential  version: 1.0 release date:  07-01-2016  this document contains information that is proprietary and confidential to hcl talentcare private limited and shall not be disclosed outside the recipient's company or duplicated, used or disclosed in whole or in part by the recipient for any purpose other than to evaluate this document. any other use or disclosure in whole or in part of this information without the express written permission of hcl talentcare private limited is prohibited. further, this document does not constitute a contract to perform servicesthe reader should not act upon the information contained in this document without obtaining specific professional advice. no representation or warranty (express or implied) is given as to the accuracy or completeness of the information contained in this presentation, and, to the extent permitted by law; hcl talentcare private limited, its consultants, its members, employees and agents accept no liability, and disclaim all responsibility, for the consequences of reader or anyone else acting, or refraining to act, in reliance on the information contained in this document or for any decision based on it. thank you</slidetext></search></nav_data><resource_data description="" /><transcript_data /><glossary_data /></bwFrame>