<?xml version="1.0" encoding="utf-8"?><bwFrame xmlns:xsi="http://www.w3.org/2001/XMLSchema-instance" xmlns:xsd="http://www.w3.org/2001/XMLSchema" default_layout="pxnsnfns01001000010" textdirection="ltr" device="false" kbshortcuts="true" outputtype="ap"><layouts><layout name="pxnsnfns01001000010" font="Articulate" controllayout="pxnsnfns01001000010" colorscheme="pxnsnfns01001000010" string_table="pxnsnfns01001000010" /></layouts><control_options><optiongroups><optiongroup name="sidebaroptions"><options><option name="title_enabled" value="true"><options><option name="title_text" value="AccessibilityTesting" /></options></option><option name="logo_enabled" value="true"><options><option name="logo_url" value="presentation_content/logo.swf"><properties><property name="width" value="218" /><property name="height" value="123" /></properties></option><option name="html5_logo_url" value="mobile/6VXDDBTbipd.jpg" /></options></option><option name="sidebar_enabled" value="true"><options><option name="sidebarpos" value="left" /></options></option><optionlist name="tabs"><listitems><listitem name="resources" value="false" group="linkright" /><listitem name="customlink" value="true" group="linkright"><properties><property name="title" value="Exit" /><property name="data" value="5tq6cjgBWnn" /><property name="ignoreSlideLock" value="true" /></properties></listitem><listitem name="outline" value="true" group="sidebar" /><listitem name="glossary" value="false" group="sidebar" /><listitem name="transcript" value="false" group="sidebar" /></listitems></optionlist><option name="time_enabled" value="false"><options><option name="time_format" value="totalelapsed" /></options></option><option name="info_enabled" value="false"><options><option name="default" value="default" /></options></option><option name="video_enabled" value="false"><options><option name="height" value="135" /></options></option></options></optiongroup><optiongroup name="menuoptions"><options><option name="flow" value="free" /><option name="wraplistitems" value="false" /><option name="tooltips" value="true" /><option name="autocollapse" value="true" /><option name="autonumber" value="true" /><option name="levelbehavior" value="reached" /><option name="levelrestriction" value="unrestricted" /><option name="enableresultsicons" value="false" /></options></optiongroup><optiongroup name="controls"><options><option name="volume" value="false" /><option name="seekbar" value="false"><options><option name="readonly" value="false" /></options></option><option name="search" value="true" /><option name="replay" value="false" /><option name="pauseplay" value="false" /><option name="enableKeyboardShortcuts" value="true" /><option name="elapsedandtotaltime" value="true" /><option name="use_fixed_output_size" value="true" /><option name="output_size_scale_percent" value="100" /></options></optiongroup><optiongroup name="bottombaroptions"><options><option name="bottombar_enabled" value="true" /></options></optiongroup></optiongroups></control_options><control_layouts><control_layout name="pxnsnfns01001000010"><control name="volume" enabled="false" /><control name="seekbar" enabled="false" /><control name="replay" enabled="false" /><control name="pauseplay" enabled="false" /><control name="logo" enabled="true" /><control name="previous" enabled="true" /><control name="next" enabled="true" /><control name="submit" enabled="false" /><control name="finish" enabled="false" /><control name="submitall" enabled="false" /><control name="resources" enabled="false" /><control name="glossary" enabled="false" /><control name="transcript" enabled="false" /><control name="outline" enabled="true"><controls><control name="search" enabled="true" /></controls></control><control name="close_btn" enabled="false" /></control_layout></control_layouts><colorschemes><colorscheme name="pxnsnfns01001000010"><color_group name="infopanel"><group_colors><color name="link_text"><fill type="linear" rotation="90"><colors><color rgb="0x7C2280" alpha="100" stop="0" /></colors></fill></color><color name="link_hover"><fill type="linear" rotation="90"><colors><color rgb="0x0000EE" alpha="100" stop="0" /></colors></fill></color><color name="bg"><fill type="linear" rotation="90"><colors><color rgb="0xFFFFFF" alpha="100" stop="0" /></colors></fill></color><color name="shadow"><fill type="linear" rotation="90"><colors><color rgb="0xB8B8B8" alpha="100" stop="0" /></colors></fill></color><color name="name_text"><fill type="linear" rotation="90"><colors><color rgb="0x444444" alpha="100" stop="0" /></colors></fill></color><color name="title_text"><fill type="linear" rotation="90"><colors><color rgb="0x999999" alpha="100" stop="0" /></colors></fill></color></group_colors></color_group><color_group name="infopanelpopup"><group_colors><color name="link_text"><fill type="linear" rotation="90"><colors><color rgb="0x7C2280" alpha="100" stop="0" /></colors></fill></color><color name="link_hover"><fill type="linear" rotation="90"><colors><color rgb="0x0000EE" alpha="100" stop="0" /></colors></fill></color><color name="bg"><fill type="linear" rotation="90"><colors><color rgb="0xE9E9E9" alpha="100" stop="0" /><color rgb="0xCFCFCF" alpha="100" stop="255" /></colors></fill></color><color name="shadow"><fill type="linear" rotation="90"><colors><color rgb="0xB8B8B8" alpha="100" stop="0" /></colors></fill></color><color name="name_text"><fill type="linear" rotation="90"><colors><color rgb="0x444444" alpha="100" stop="0" /></colors></fill></color><color name="bio_text"><fill type="linear" rotation="90"><colors><color rgb="0x999999" alpha="100" stop="0" /></colors></fill></color></group_colors></color_group><color_group name="timer"><group_colors><color name="duration"><fill type="linear" rotation="90"><colors><color rgb="0x00D7FF" alpha="100" stop="0" /><color rgb="0x00ABFF" alpha="100" stop="255" /></colors></fill></color><color name="elapsed"><fill type="linear" rotation="90"><colors><color rgb="0xFEE347" alpha="100" stop="0" /><color rgb="0xFCCC2A" alpha="100" stop="255" /></colors></fill></color><color name="stroke"><fill type="linear" rotation="90"><colors><color rgb="0xC7C7C7" alpha="100" stop="0" /></colors></fill></color><color name="inner"><fill type="linear" rotation="90"><colors><color rgb="0xFFFFFF" alpha="100" stop="0" /></colors></fill></color><color name="text"><fill type="linear" rotation="90"><colors><color rgb="0x555555" alpha="100" stop="0" /></colors></fill></color></group_colors></color_group><color_group name="window"><group_colors><color name="text"><fill type="linear" rotation="90"><colors><color rgb="0x555555" alpha="100" stop="0" /></colors></fill></color><color name="inner"><fill type="linear" rotation="90"><colors><color rgb="0xEAEAEA" alpha="100" stop="0" /><color rgb="0xCFCFCF" alpha="100" stop="255" /></colors></fill></color><color name="bg"><fill type="linear" rotation="90"><colors><color rgb="0xF3F3F3" alpha="100" stop="0" /></colors></fill></color><color name="diva"><fill type="linear" rotation="90"><colors><color rgb="0xF7F7F7" alpha="100" stop="0" /></colors></fill></color><color name="divb"><fill type="linear" rotation="90"><colors><color rgb="0xD3D3D3" alpha="100" stop="0" /></colors></fill></color><color name="shadow"><fill type="linear" rotation="90"><colors><color rgb="0x000000" alpha="20" stop="0" /></colors></fill></color></group_colors></color_group><color_group name="editor"><group_colors><color name="slide_text"><fill type="linear" rotation="90"><colors><color rgb="0x555555" alpha="100" stop="0" /></colors></fill></color><color name="html_text"><fill type="linear" rotation="90"><colors><color rgb="0x444444" alpha="100" stop="0" /></colors></fill></color><color name="btn_bg"><fill type="linear" rotation="90"><colors><color rgb="0xF5F5F5" alpha="100" stop="0" /><color rgb="0xC7C7C7" alpha="100" stop="255" /></colors></fill></color><color name="btn_hover"><fill type="linear" rotation="90"><colors><color rgb="0xF2F2F2" alpha="100" stop="0" /><color rgb="0xAFAFAF" alpha="100" stop="255" /></colors></fill></color><color name="btn_down"><fill type="linear" rotation="90"><colors><color rgb="0xC7C7C7" alpha="100" stop="0" /><color rgb="0xF4F4F4" alpha="100" stop="255" /></colors></fill></color><color name="btn_border"><fill type="linear" rotation="90"><colors><color rgb="0xB1B1B1" alpha="100" stop="0" /></colors></fill></color><color name="btn_text"><fill type="linear" rotation="90"><colors><color rgb="0x353535" alpha="100" stop="0" /></colors></fill></color><color name="btn_text_shadow"><fill type="linear" rotation="90"><colors><color rgb="0xF0F0F0" alpha="100" stop="0" /></colors></fill></color></group_colors></color_group><color_group name="listitem"><group_colors><color name="selected_text"><fill type="linear" rotation="90"><colors><color rgb="0x353535" alpha="100" stop="0" /></colors></fill></color><color name="lines"><fill type="linear" rotation="90"><colors><color rgb="0xDFDFDF" alpha="100" stop="0" /></colors></fill></color><color name="hover"><fill type="linear" rotation="90"><colors><color rgb="0xE6E6E6" alpha="100" stop="0" /></colors></fill></color><color name="viewed"><fill type="linear" rotation="90"><colors><color rgb="0x909090" alpha="100" stop="0" /></colors></fill></color><color name="text"><fill type="linear" rotation="90"><colors><color rgb="0x353535" alpha="100" stop="0" /></colors></fill></color><color name="selected"><fill type="linear" rotation="90"><colors><color rgb="0xC0E2F1" alpha="100" stop="0" /></colors></fill></color><color name="shadow"><fill type="linear" rotation="90"><colors><color rgb="0xFFFFFF" alpha="100" stop="0" /></colors></fill></color></group_colors></color_group><color_group name="base"><group_colors><color name="text"><fill type="linear" rotation="90"><colors><color rgb="0x555555" alpha="100" stop="0" /></colors></fill></color><color name="diva"><fill type="linear" rotation="90"><colors><color rgb="0xD3D3D3" alpha="100" stop="0" /></colors></fill></color><color name="divb"><fill type="linear" rotation="90"><colors><color rgb="0xF7F7F7" alpha="100" stop="0" /></colors></fill></color><color name="bg"><fill type="linear" rotation="90"><colors><color rgb="0xE9E9E9" alpha="100" stop="0" /><color rgb="0xCFCFCF" alpha="100" stop="255" /></colors></fill></color><color name="border"><fill type="linear" rotation="90"><colors><color rgb="0xE9E9E9" alpha="100" stop="0" /><color rgb="0xF3F3F3" alpha="100" stop="255" /></colors></fill></color><color name="menu_shade"><fill type="linear" rotation="90"><colors><color rgb="0xDBDBDB" alpha="100" stop="0" /><color rgb="0xC3C3C3" alpha="100" stop="255" /></colors></fill></color><color name="slide_bg"><fill type="linear" rotation="90"><colors><color rgb="0xE9E9E9" alpha="100" stop="0" /><color rgb="0xCFCFCF" alpha="100" stop="255" /></colors></fill></color></group_colors></color_group><color_group name="button"><group_colors><color name="btn_bg"><fill type="linear" rotation="90"><colors><color rgb="0xF5F5F5" alpha="100" stop="0" /><color rgb="0xC7C7C7" alpha="100" stop="255" /></colors></fill></color><color name="btn_hover"><fill type="linear" rotation="90"><colors><color rgb="0xF2F2F2" alpha="100" stop="0" /><color rgb="0xAFAFAF" alpha="100" stop="255" /></colors></fill></color><color name="btn_down"><fill type="linear" rotation="90"><colors><color rgb="0xC7C7C7" alpha="100" stop="0" /><color rgb="0xF4F4F4" alpha="100" stop="255" /></colors></fill></color><color name="btn_border"><fill type="linear" rotation="90"><colors><color rgb="0xB1B1B1" alpha="100" stop="0" /></colors></fill></color><color name="btn_text"><fill type="linear" rotation="90"><colors><color rgb="0x353535" alpha="100" stop="0" /></colors></fill></color><color name="btn_text_shadow"><fill type="linear" rotation="90"><colors><color rgb="0xF0F0F0" alpha="100" stop="0" /></colors></fill></color><color name="btn_icon_color"><fill type="linear" rotation="90"><colors><color rgb="0x353535" alpha="100" stop="0" /></colors></fill></color><color name="btn_glow"><fill type="linear" rotation="90"><colors><color rgb="0xCFCFCF" alpha="100" stop="0" /></colors></fill></color></group_colors></color_group><color_group name="checkbox"><group_colors><color name="border"><fill type="linear" rotation="90"><colors><color rgb="0xB8B8B8" alpha="100" stop="0" /></colors></fill></color><color name="bg"><fill type="linear" rotation="90"><colors><color rgb="0xFFFFFF" alpha="100" stop="0" /></colors></fill></color><color name="check"><fill type="linear" rotation="90"><colors><color rgb="0x33CC00" alpha="100" stop="0" /></colors></fill></color><color name="text"><fill type="linear" rotation="90"><colors><color rgb="0x444444" alpha="100" stop="0" /></colors></fill></color><color name="hover"><fill type="linear" rotation="90"><colors><color rgb="0x6BF8FF" alpha="100" stop="0" /></colors></fill></color></group_colors></color_group><color_group name="logo"><group_colors><color name="bg"><fill type="linear" rotation="90"><colors><color rgb="0xFFFFFF" alpha="100" stop="0" /></colors></fill></color><color name="shadow"><fill type="linear" rotation="90"><colors><color rgb="0xB8B8B8" alpha="100" stop="0" /></colors></fill></color></group_colors></color_group><color_group name="menu"><group_colors><color name="bg"><fill type="linear" rotation="90"><colors><color rgb="0xF3F3F3" alpha="100" stop="0" /></colors></fill></color><color name="shadow"><fill type="linear" rotation="90"><colors><color rgb="0xB8B8B8" alpha="100" stop="0" /></colors></fill></color></group_colors></color_group><color_group name="scrollarea"><group_colors><color name="bg"><fill type="linear" rotation="0"><colors><color rgb="0xDEDEDE" alpha="100" stop="0" /><color rgb="0xE8E8E8" alpha="100" stop="128" /></colors></fill></color><color name="border"><fill type="linear" rotation="90"><colors><color rgb="0xF6F6F6" alpha="100" stop="0" /><color rgb="0xF3F3F3" alpha="100" stop="255" /></colors></fill></color><color name="button_bg"><fill type="linear" rotation="90"><colors><color rgb="0xC4C4C4" alpha="100" stop="0" /><color rgb="0xB2B2B2" alpha="100" stop="255" /></colors></fill></color><color name="button_inner"><fill type="linear" rotation="90"><colors><color rgb="0xCBCBCB" alpha="100" stop="0" /><color rgb="0xBABABA" alpha="100" stop="255" /></colors></fill></color><color name="button_border"><fill type="linear" rotation="90"><colors><color rgb="0xB8B8B8" alpha="100" stop="0" /></colors></fill></color><color name="icons"><fill type="linear" rotation="90"><colors><color rgb="0x555555" alpha="100" stop="0" /></colors></fill></color><color name="shadow"><fill type="linear" rotation="90"><colors><color rgb="0xD9D9D9" alpha="100" stop="0" /></colors></fill></color><color name="detaila"><fill type="linear" rotation="90"><colors><color rgb="0xA7A7A7" alpha="100" stop="0" /></colors></fill></color><color name="detailb"><fill type="linear" rotation="90"><colors><color rgb="0xCFCFCF" alpha="100" stop="0" /></colors></fill></color></group_colors></color_group><color_group name="searchinput"><group_colors><color name="bg"><fill type="linear" rotation="90"><colors><color rgb="0xDFDFDF" alpha="100" stop="0" /></colors></fill></color><color name="border"><fill type="linear" rotation="90"><colors><color rgb="0xADADAD" alpha="100" stop="0" /><color rgb="0xFAFAFA" alpha="100" stop="255" /></colors></fill></color><color name="icon"><fill type="linear" rotation="90"><colors><color rgb="0x8A8A8A" alpha="100" stop="0" /></colors></fill></color><color name="button_hover"><fill type="linear" rotation="90"><colors><color rgb="0xF5F5F5" alpha="100" stop="0" /><color rgb="0xC7C7C7" alpha="100" stop="255" /></colors></fill></color><color name="hover_glow"><fill type="linear" rotation="90"><colors><color rgb="0x6BF8FF" alpha="100" stop="0" /></colors></fill></color><color name="search_text"><fill type="linear" rotation="90"><colors><color rgb="0x8A8A8A" alpha="100" stop="0" /></colors></fill></color><color name="bg_active"><fill type="linear" rotation="90"><colors><color rgb="0xFAFAFA" alpha="100" stop="0" /></colors></fill></color><color name="text_active"><fill type="linear" rotation="90"><colors><color rgb="0x333333" alpha="100" stop="0" /></colors></fill></color></group_colors></color_group><color_group name="seekcontrol"><group_colors><color name="bg"><fill type="linear" rotation="90"><colors><color rgb="0xF5F5F5" alpha="100" stop="0" /><color rgb="0xC7C7C7" alpha="100" stop="255" /></colors></fill></color><color name="border"><fill type="linear" rotation="90"><colors><color rgb="0xB1B1B1" alpha="100" stop="0" /></colors></fill></color><color name="seek_border"><fill type="linear" rotation="90"><colors><color rgb="0xB8B8B8" alpha="100" stop="0" /><color rgb="0xEEEEEE" alpha="100" stop="255" /></colors></fill></color><color name="seek_bg"><fill type="linear" rotation="90"><colors><color rgb="0xE7E7E7" alpha="100" stop="0" /></colors></fill></color><color name="seek_position"><fill type="linear" rotation="90"><colors><color rgb="0xFFFFFF" alpha="100" stop="0" /></colors></fill></color><color name="btn_icon_color"><fill type="linear" rotation="90"><colors><color rgb="0x2D2D2D" alpha="100" stop="0" /></colors></fill></color><color name="btn_icon_hover"><fill type="linear" rotation="90"><colors><color rgb="0x555555" alpha="100" stop="0" /></colors></fill></color><color name="btn_icon_shadow"><fill type="linear" rotation="90"><colors><color rgb="0xF0F0F0" alpha="100" stop="0" /></colors></fill></color></group_colors></color_group><color_group name="tabs"><group_colors><color name="bg"><fill type="linear" rotation="90"><colors><color rgb="0xF3F3F3" alpha="100" stop="0" /></colors></fill></color><color name="text"><fill type="linear" rotation="90"><colors><color rgb="0x555555" alpha="100" stop="0" /></colors></fill></color><color name="selected"><fill type="linear" rotation="90"><colors><color rgb="0x333333" alpha="100" stop="0" /></colors></fill></color><color name="hover"><fill type="linear" rotation="90"><colors><color rgb="0x333333" alpha="100" stop="0" /></colors></fill></color><color name="shadow"><fill type="linear" rotation="90"><colors><color rgb="0xF0F0F0" alpha="100" stop="0" /></colors></fill></color></group_colors></color_group><color_group name="transcript"><group_colors><color name="div"><fill type="linear" rotation="90"><colors><color rgb="0xE1E1E1" alpha="100" stop="0" /></colors></fill></color><color name="heading_text"><fill type="linear" rotation="90"><colors><color rgb="0x444444" alpha="100" stop="0" /></colors></fill></color></group_colors></color_group><color_group name="outline"><group_colors><color name="diva"><fill type="linear" rotation="90"><colors><color rgb="0xC6C6C6" alpha="100" stop="0" /></colors></fill></color><color name="divb"><fill type="linear" rotation="90"><colors><color rgb="0xF9F9F9" alpha="100" stop="0" /></colors></fill></color><color name="divc"><fill type="linear" rotation="90"><colors><color rgb="0xE1E1E1" alpha="100" stop="0" /></colors></fill></color><color name="search_text"><fill type="linear" rotation="90"><colors><color rgb="0x444444" alpha="100" stop="0" /></colors></fill></color><color name="search_hover"><fill type="linear" rotation="90"><colors><color rgb="0x0000EE" alpha="100" stop="0" /></colors></fill></color></group_colors></color_group><color_group name="resource"><group_colors><color name="separator"><fill type="linear" rotation="90"><colors><color rgb="0xE0E0E0" alpha="100" stop="0" /></colors></fill></color></group_colors></color_group><color_group name="glossary"><group_colors><color name="selected_text"><fill type="linear" rotation="90"><colors><color rgb="0x353535" alpha="100" stop="0" /></colors></fill></color><color name="selected"><fill type="linear" rotation="90"><colors><color rgb="0xC0E2F1" alpha="100" stop="0" /></colors></fill></color><color name="text"><fill type="linear" rotation="90"><colors><color rgb="0x353535" alpha="100" stop="0" /></colors></fill></color><color name="hover"><fill type="linear" rotation="90"><colors><color rgb="0xE6E6E6" alpha="100" stop="0" /></colors></fill></color><color name="diva"><fill type="linear" rotation="90"><colors><color rgb="0xE2E2E2" alpha="100" stop="0" /></colors></fill></color><color name="divb"><fill type="linear" rotation="90"><colors><color rgb="0xE2E2E2" alpha="100" stop="0" /></colors></fill></color><color name="divc"><fill type="linear" rotation="90"><colors><color rgb="0xFAFAFA" alpha="100" stop="0" /></colors></fill></color><color name="bg"><fill type="linear" rotation="90"><colors><color rgb="0xE7E7E7" alpha="100" stop="0" /></colors></fill></color><color name="heading_text"><fill type="linear" rotation="90"><colors><color rgb="0x444444" alpha="100" stop="0" /></colors></fill></color></group_colors></color_group><color_group name="volume"><group_colors><color name="thumb_border"><fill type="linear" rotation="90"><colors><color rgb="0xA5A5A5" alpha="100" stop="0" /></colors></fill></color><color name="thumb_inner"><fill type="linear" rotation="90"><colors><color rgb="0xD4D4D4" alpha="100" stop="0" /></colors></fill></color><color name="thumb_bg"><fill type="linear" rotation="90"><colors><color rgb="0xC8C8C8" alpha="100" stop="0" /></colors></fill></color><color name="slider_border"><fill type="linear" rotation="90"><colors><color rgb="0xF2F2F2" alpha="100" stop="0" /></colors></fill></color><color name="slider_bg"><fill type="linear" rotation="90"><colors><color rgb="0xBCBCBC" alpha="100" stop="0" /><color rgb="0xBCBCBC" alpha="100" stop="128" /><color rgb="0xC3C3C3" alpha="100" stop="255" /></colors></fill></color></group_colors></color_group><color_group name="HTML"><group_colors><color name="htmlpage_bg_color"><fill type="linear" rotation="90"><colors><color rgb="0xFFFFFF" alpha="100" stop="0" /></colors></fill></color></group_colors></color_group></colorscheme></colorschemes><string_tables><string_table name="pxnsnfns01001000010"><string id="prev">PREV</string><string id="next">NEXT</string><string id="submit">SUBMIT</string><string id="outline">Menu</string><string id="resources">Resources</string><string id="glossary">Glossary</string><string id="transcript">Notes</string><string id="clear">Clear and return to Menu</string><string id="search_results">Search Results</string><string id="filter">Filter</string><string id="slide_text_chk">Slide Text</string><string id="transcript_chk">Notes</string><string id="search_in">Search in:</string><string id="check_include">Check to include</string><string id="search">Search...</string><string id="terms">Terms</string><string id="definition">Definition</string><string id="finish">FINISH</string><string id="acc_finish">finish</string><string id="acc_definition">definition</string><string id="acc_resources">resources</string><string id="acc_search_input">search</string><string id="acc_pause">pause</string><string id="acc_play">play</string><string id="acc_replay">replay</string><string id="acc_submit">submit</string><string id="acc_next">next</string><string id="acc_previous">previous</string><string id="acc_volume">volume</string><string id="submitall">SUBMIT ALL</string><string id="acc_submitall">submit all</string><string id="question_list">Question List</string><string id="more_info">More info</string><string id="send_an_email">Send an email</string><string id="close">Close</string><string id="bio">Bio</string><string id="exit">Exit</string></string_table></string_tables><sounds enabled="false" /><nav_data><outline><links><slidelink slideid="4OZrdqpNEFm.6FyRwkQ4tmC" displaytext="Slide 1" expand="false" type="slide" /><slidelink slideid="4OZrdqpNEFm.69GGeokCu18" displaytext="Agenda" expand="false" type="slide" /><slidelink slideid="4OZrdqpNEFm.5Xkmp6j5Lc6" displaytext="Pre-Session Activity" expand="false" type="slide" /><slidelink slideid="4OZrdqpNEFm.5X8l7ubrJY2" displaytext="Accessibility testing" expand="false" type="slide" /><slidelink slideid="4OZrdqpNEFm.6rgEs5ooEjQ" displaytext="Accessibility Versus Usability" expand="false" type="slide" /><slidelink slideid="4OZrdqpNEFm.5Wbhv5ylqBh" displaytext="Accessibility Versus Usability" expand="false" type="slide" /><slidelink slideid="4OZrdqpNEFm.5XIz7CwYotO" displaytext="Accessibility Strategies" expand="false" type="slide" /><slidelink slideid="4OZrdqpNEFm.6i5wOrVphM4" displaytext="Accessibility Guidelines –Part1" expand="false" type="slide" /><slidelink slideid="4OZrdqpNEFm.6pL3FQNblsa" displaytext="Accessibility Guidelines –Part2" expand="false" type="slide" /><slidelink slideid="4OZrdqpNEFm.624nozh6Cgb" displaytext="Testing for Accessibility" expand="false" type="slide" /><slidelink slideid="4OZrdqpNEFm.6VLAaGTVnCy" displaytext="Techniques for Developing Accessible Web Pages" expand="false" type="slide" /><slidelink slideid="4OZrdqpNEFm.6DGjmCgNW6c" displaytext="Test for Browser and Version Differences" expand="false" type="slide" /><slidelink slideid="4OZrdqpNEFm.6f1abvc3UL5" displaytext="Browsers Designed for persons with Disabilities" expand="false" type="slide" /><slidelink slideid="4OZrdqpNEFm.6HhClbqLWTs" displaytext="Essential Components of Web Accessibility" expand="false" type="slide" /><slidelink slideid="4OZrdqpNEFm.6JJaOfzkSSB" displaytext="How these Components Relate" expand="false" type="slide" /><slidelink slideid="4OZrdqpNEFm.5bHNiFlghHv" displaytext="Guidelines for Different Components" expand="false" type="slide" /><slidelink slideid="4OZrdqpNEFm.6LE0DyLQ0OA" displaytext="Accessibility Automation Tools" expand="false" type="slide" /><slidelink slideid="4OZrdqpNEFm.5blTmFcp82E" displaytext="Post Session" expand="false" type="slide" /><slidelink slideid="4OZrdqpNEFm.64mMPclHV8M" displaytext="Post Session" expand="false" type="slide" /><slidelink slideid="4OZrdqpNEFm.5nxgOfeB4aX" displaytext="Slide 20" expand="false" type="slide" /></links></outline><search><slidetext slideid="4OZrdqpNEFm.6FyRwkQ4tmC" slidebank="false" type="slide">     hcl talentcare: confidential  version: 1.0 release date:  07-01-2016 accessibility testing  version – 1.0&#xB;release date – 07-01-2016</slidetext><slidetext slideid="4OZrdqpNEFm.69GGeokCu18" slidebank="false" type="slide">   ‹#›    hcl talentcare: confidential  version: 1.0 release date:  07-01-2016 agenda accessibility testing</slidetext><slidetext slideid="4OZrdqpNEFm.5Xkmp6j5Lc6" slidebank="false" type="slide">   ‹#›    hcl talentcare: confidential  version: 1.0 release date:  07-01-2016 pre-session activity given a scenario xyz company is working on banking project , team of seven members are working on specific module. out of these seven members, two are special people with some impairment.what do you think how they are able to work on this project and list out 10 challenges they are going to face?</slidetext><slidetext slideid="4OZrdqpNEFm.5X8l7ubrJY2" slidebank="false" type="slide">   ‹#›    hcl talentcare: confidential  version: 1.0 release date:  07-01-2016 accessibility testing accessibility testing is a type of systems testing designed to determine whether individuals with disabilities will be able to use the system in question, which could be software, hardware, or some other type of system. the significance of this testing is to verify both usability and accessibility.accessibility aims to cater people of different abilities such as:visual impairmentsphysical impairmenthearing impairmentcognitive impairmentlearning impairment</slidetext><slidetext slideid="4OZrdqpNEFm.6rgEs5ooEjQ" slidebank="false" type="slide">   ‹#›    hcl talentcare: confidential  version: 1.0 release date:  07-01-2016 accessibility versus usability usabilitythis can be applied to any interaction between a person and tool. usability is made up of several key considerationsease of learning-how steep the learning curve to use a site is.efficiency of use—how quickly a person can perform a task on a site, that may be finding a certain piece of information, using the navigation getting a download and many other tasks (depending on what the site was created for).ease of memorisation—how simple (or difficult) it is to remember how to perform a particular task.error trapping—ensuring errors are few in number and when they occur that the user experience is not completely broken. whilst this is most relevant to dynamic data-driven sites, small sites can often improve themselves with things like trapping of 404 errors or ensuring redirects are put in place when content is moved.satisfaction -a user is able to perform a given task on a site satisfactorily.</slidetext><slidetext slideid="4OZrdqpNEFm.5Wbhv5ylqBh" slidebank="false" type="slide">   ‹#›    hcl talentcare: confidential  version: 1.0 release date:  07-01-2016 accessibility versus usability accessibilitythis describe equal access to web sites for the disabled. someone who is blind will use a screen reader, whilst a salesman uses a pda.it focusses on users.</slidetext><slidetext slideid="4OZrdqpNEFm.5XIz7CwYotO" slidebank="false" type="slide">   ‹#›    hcl talentcare: confidential  version: 1.0 release date:  07-01-2016 accessibility strategies accessibility strategiesadhere to accessibility guidelinestest for accessibilityprovide alternate pages to accommodate users with varying needs</slidetext><slidetext slideid="4OZrdqpNEFm.6i5wOrVphM4" slidebank="false" type="slide">   ‹#›    hcl talentcare: confidential  version: 1.0 release date:  07-01-2016 accessibility guidelines –part1 accessibility guidelines tables are fine, if they read left-right/top-bottomtext columns are ok if the spacing works in various environments’fancy stuff' - i.e. fonts, style sheets - as long as page is functional with these options turned offprovide 'alt' text for graphicsmake image maps client sideprovide useful text links (e.g. not 'click here')</slidetext><slidetext slideid="4OZrdqpNEFm.6pL3FQNblsa" slidebank="false" type="slide">   ‹#›    hcl talentcare: confidential  version: 1.0 release date:  07-01-2016 accessibility guidelines –part2 provide good keyboard navigationalternatives for controls and appletsbe aware of unusual formatsavoid scrolling marqueesprovide titles/names for most objects</slidetext><slidetext slideid="4OZrdqpNEFm.624nozh6Cgb" slidebank="false" type="slide">   ‹#›    hcl talentcare: confidential  version: 1.0 release date:  07-01-2016 testing for accessibility turn off graphicsturn off soundturn off style sheetschoose "high contrast" optionuse largest font sizere-size browser windownavigate using keyboardselect all text and copy into clipboard, paste elsewhereuse a specialized browser or analysis tools</slidetext><slidetext slideid="4OZrdqpNEFm.6VLAaGTVnCy" slidebank="false" type="slide">   ‹#›    hcl talentcare: confidential  version: 1.0 release date:  07-01-2016 techniques for developing accessible web pages use the alt (alternate text) attribute for all graphicsfor audio - provide transcriptfor video - provide transcript and closed captioningmake sure that links make sense out of context (avoid “click here”)use headings (h1 - h6) - be consistentuse lists where possibleif scripts and applets are used they must be accessible or provided in alternate wayif you use a plug-in: choose one that is accessible, provide adequate instructions for downloading and installing it. </slidetext><slidetext slideid="4OZrdqpNEFm.6DGjmCgNW6c" slidebank="false" type="slide">   ‹#›    hcl talentcare: confidential  version: 1.0 release date:  07-01-2016 test for browser and version differences accessibility test for browser will test following things:may interpret standard html elements differently accessibility featuresstyle sheet support deprecated elements</slidetext><slidetext slideid="4OZrdqpNEFm.6f1abvc3UL5" slidebank="false" type="slide">   ‹#›    hcl talentcare: confidential  version: 1.0 release date:  07-01-2016 browsers designed for persons with disabilities browsers designed for persons with disabilities has following features:complete keyboard controlspeech synthesisscreen magnification</slidetext><slidetext slideid="4OZrdqpNEFm.6HhClbqLWTs" slidebank="false" type="slide">   ‹#›    hcl talentcare: confidential  version: 1.0 release date:  07-01-2016 essential components of web accessibility content - the information in a web page or web application, including:natural information such as text, images, and sounds code or markup that defines structure, presentation, etc. web browsers, media players, and other "user agents" assistive technology, in some cases - screen readers, alternative keyboards, switches, scanning software, etc. users' knowledge, experiences, and in some cases, adaptive strategies using the web.developers, designers, coders, authors, etc., including developers with disabilities and users who contribute content.authoring tools - software that creates web sites.evaluation tools - web accessibility evaluation tools, html validators, css validators, etc.</slidetext><slidetext slideid="4OZrdqpNEFm.6JJaOfzkSSB" slidebank="false" type="slide">   ‹#›    hcl talentcare: confidential  version: 1.0 release date:  07-01-2016 how these components relate web developers usually use authoring tools and evaluation tools to create web content.people ("users") use web browsers, media players, assistive technologies, or other "user agents" to get and interact with the content.interdependencies between componentsthere are significant interdependencies between the components; that is, the components must work together in order for the web to be accessible. when accessibility features are effectively implemented in one component, the other components are more likely to implement them</slidetext><slidetext slideid="4OZrdqpNEFm.5bHNiFlghHv" slidebank="false" type="slide">   ‹#›    hcl talentcare: confidential  version: 1.0 release date:  07-01-2016 guidelines for different components authoring tool accessibility guidelines (atag) addresses authoring tools.web content accessibility guidelines (wcag) addresses web content, and is used by developers, authoring tools, and accessibility evaluation tools user agent accessibility guidelines (uaag) addresses web browsers and media players, including some aspects of assistive technologies.</slidetext><slidetext slideid="4OZrdqpNEFm.6LE0DyLQ0OA" slidebank="false" type="slide">   ‹#›    hcl talentcare: confidential  version: 1.0 release date:  07-01-2016 accessibility automation tools the different tools available for web accessibility are:adesigner:this simulates the experience of visually impaired individuals so that the designer can better understand the needs of disabled people and develop applications accordingly.web anywhere:this is a browser based tool that works similarly to the screen readers. it assists the readers how to read the web page.vischeckthis tool is used to simulate how a web page or an image will be viewed by people affected with color-blindness. this can be done by entering url or uploading images.web accessibility toolbarwat is an extension of internet explorer or opera that offers web page designers with useful features in the analysis of web page.</slidetext><slidetext slideid="4OZrdqpNEFm.5blTmFcp82E" slidebank="false" type="slide">   ‹#›    hcl talentcare: confidential  version: 1.0 release date:  07-01-2016 post session perform the manual accessibility test following is the list of manual tests which can be executed on different browsers (ie, firefox, chrome etc.) to perform accessibility testing:1. valid html- use the html validator service by w3c to validate your code.open the w3c html validator site. enter the url of application in address and click the check button. </slidetext><slidetext slideid="4OZrdqpNEFm.64mMPclHV8M" slidebank="false" type="slide">   ‹#›    hcl talentcare: confidential  version: 1.0 release date:  07-01-2016 post session 2. large fonts- in your browser window change the text size to ‘largest’ to test the large fonts. for instance, to activate large fonts in internet explorer, open ie&gt;navigate to the view menu&gt;text size&gt;select “largest”. verify text size is increased. also verify text size of form fields is also increased.3.alternate text- text associated with an image is alternate text. images should include alt text in order to make these images accessible especially for people with visual disabilities. screen readers can read text associated with images for the people who cannot see. in internet explorer, hover the mouse over each image; the alt text will display for the image as tool tip.4. captions and transcripts - captions and transcripts allow the web audio and video content to be accessible to people who have hearing disabilities and who cannot access to audio or video. check that your videos recordings have captions and transcripts accompany audio. </slidetext><slidetext slideid="4OZrdqpNEFm.5nxgOfeB4aX" slidebank="false" type="slide">     hcl talentcare: confidential  version: 1.0 release date:  07-01-2016  this document contains information that is proprietary and confidential to hcl talentcare private limited and shall not be disclosed outside the recipient's company or duplicated, used or disclosed in whole or in part by the recipient for any purpose other than to evaluate this document. any other use or disclosure in whole or in part of this information without the express written permission of hcl talentcare private limited is prohibited. further, this document does not constitute a contract to perform servicesthe reader should not act upon the information contained in this document without obtaining specific professional advice. no representation or warranty (express or implied) is given as to the accuracy or completeness of the information contained in this presentation, and, to the extent permitted by law; hcl talentcare private limited, its consultants, its members, employees and agents accept no liability, and disclaim all responsibility, for the consequences of reader or anyone else acting, or refraining to act, in reliance on the information contained in this document or for any decision based on it. thank you</slidetext></search></nav_data><resource_data description="" /><transcript_data /><glossary_data /></bwFrame>