<?xml version="1.0" encoding="utf-8"?>
<manifest identifier="_624Dlae8JG7_course_id" version="1.0" xmlns="http://www.imsproject.org/xsd/imscp_rootv1p1p2" xmlns:adlcp="http://www.adlnet.org/xsd/adlcp_rootv1p2" xmlns:xsi="http://www.w3.org/2001/XMLSchema-instance" xsi:schemaLocation="http://www.imsproject.org/xsd/imscp_rootv1p1p2 imscp_rootv1p1p2.xsd http://www.imsglobal.org/xsd/imsmd_rootv1p2p1 imsmd_rootv1p2p1.xsd http://www.adlnet.org/xsd/adlcp_rootv1p2 adlcp_rootv1p2.xsd">
  <metadata>
    <schema>ADL SCORM</schema>
    <schemaversion>1.2</schemaversion>
    <lom xmlns="http://www.imsglobal.org/xsd/imsmd_rootv1p2p1" xmlns:xsi="http://www.w3.org/2001/XMLSchema-instance" xsi:schemaLocation="http://www.imsglobal.org/xsd/imsmd_rootv1p2p1 imsmd_rootv1p2p1.xsd">
      <general>
        <title>
          <langstring xml:lang="x-none">TestPlanning</langstring>
        </title>
      </general>
      <lifecycle>
        <version>
          <langstring xml:lang="x-none">1</langstring>
        </version>
        <status>
          <source>
            <langstring xml:lang="x-none">LOMv1.0</langstring>
          </source>
          <value>
            <langstring xml:lang="x-none">Final</langstring>
          </value>
        </status>
      </lifecycle>
      <metametadata>
        <metadatascheme>ADL SCORM 1.2</metadatascheme>
      </metametadata>
      <educational>
        <typicallearningtime>
          <datetime>PT0H0M0S</datetime>
        </typicallearningtime>
      </educational>
      <rights>
        <cost>
          <source>
            <langstring xml:lang="x-none">LOMv1.0</langstring>
          </source>
          <value>
            <langstring xml:lang="x-none">yes</langstring>
          </value>
        </cost>
        <copyrightandotherrestrictions>
          <source>
            <langstring xml:lang="x-none">LOMv1.0</langstring>
          </source>
          <value>
            <langstring xml:lang="x-none">yes</langstring>
          </value>
        </copyrightandotherrestrictions>
      </rights>
    </lom>
  </metadata>
  <organizations default="TestPlanning_ORG">
    <organization identifier="TestPlanning_ORG">
      <title>TestPlanning</title>
      <item identifier="TestPlanning_SCO" isvisible="true" identifierref="__624Dlae8JG7_course_id_RES">
        <title>TestPlanning</title>
      </item>
    </organization>
  </organizations>
  <resources>
    <resource identifier="__624Dlae8JG7_course_id_RES" type="webcontent" href="index_lms.html" adlcp:scormtype="sco">
      <file href="presentation_content/thumbnail.jpg" />
      <file href="presentation_content/6jitRW6nhoB_d11_HCLTemplatecl465_TitleSlideshp14_80_DX1440_DY1440.swf" />
      <file href="mobile/6jitRW6nhoB_d11_HCLTemplatecl465_TitleSlideshp14_80_DX1440_DY1440_CX720_CY278.png" />
      <file href="presentation_content/6jitRW6nhoB_d11_HCLTemplatecl465_TitleSlideshp2_80_DX1440_DY1440.swf" />
      <file href="mobile/6jitRW6nhoB_d11_HCLTemplatecl465_TitleSlideshp2_80_DX1440_DY1440_CX720_CY21.png" />
      <file href="presentation_content/6jitRW6nhoB_d11_HCLTemplatecl465_TitleSlideshp15_80_DX1116_DY1116.swf" />
      <file href="mobile/6jitRW6nhoB_d11_HCLTemplatecl465_TitleSlideshp15_80_DX1116_DY1116_CX558_CY76.png" />
      <file href="presentation_content/6jitRW6nhoB_5fhYXhv8ZUs_80_DX216_DY216.swf" />
      <file href="mobile/6jitRW6nhoB_5fhYXhv8ZUs_80_DX216_DY216_CX108_CY38.png" />
      <file href="presentation_content/6jitRW6nhoB_d11_HCLTemplatesmshp19_80_DX1116_DY1116.swf" />
      <file href="mobile/6jitRW6nhoB_d11_HCLTemplatesmshp19_80_DX1116_DY1116_CX558_CY76.png" />
      <file href="presentation_content/6jitRW6nhoB_5chVnVi4Ptk_80_DX216_DY216.swf" />
      <file href="mobile/6jitRW6nhoB_5chVnVi4Ptk_80_DX216_DY216_CX108_CY38.png" />
      <file href="presentation_content/6jitRW6nhoB_6SzSNs6oq9O_80_DX1350_DY1350.swf" />
      <file href="mobile/6jitRW6nhoB_6SzSNs6oq9O_80_DX1350_DY1350_CX675_CY262.png" />
      <file href="presentation_content/6jitRW6nhoB_5o1QRB62X0W_80_DX216_DY216.swf" />
      <file href="mobile/6jitRW6nhoB_5o1QRB62X0W_80_DX216_DY216_CX108_CY38.png" />
      <file href="presentation_content/6jitRW6nhoB_5gAPHzjmT1A_80_DX1350_DY1350.swf" />
      <file href="mobile/6jitRW6nhoB_5gAPHzjmT1A_80_DX1350_DY1350_CX675_CY262.png" />
      <file href="presentation_content/6jitRW6nhoB_6dIycDd28KT_80_DX216_DY216.swf" />
      <file href="mobile/6jitRW6nhoB_6dIycDd28KT_80_DX216_DY216_CX108_CY38.png" />
      <file href="presentation_content/6jitRW6nhoB_5WeXeGuZRqP_80_DX1350_DY1350.swf" />
      <file href="mobile/6jitRW6nhoB_5WeXeGuZRqP_80_DX1350_DY1350_CX675_CY262.png" />
      <file href="presentation_content/6jitRW6nhoB_6pOvWwyvWSM_80_DX216_DY216.swf" />
      <file href="mobile/6jitRW6nhoB_6pOvWwyvWSM_80_DX216_DY216_CX108_CY38.png" />
      <file href="presentation_content/6jitRW6nhoB_5yriUWLdM4Z_80_DX1350_DY1350.swf" />
      <file href="mobile/6jitRW6nhoB_5yriUWLdM4Z_80_DX1350_DY1350_CX675_CY262.png" />
      <file href="presentation_content/6jitRW6nhoB_5wCpMVWxdIu_80_DX216_DY216.swf" />
      <file href="mobile/6jitRW6nhoB_5wCpMVWxdIu_80_DX216_DY216_CX108_CY38.png" />
      <file href="presentation_content/6jitRW6nhoB_65NP02EgDMn_80_DX1350_DY1350.swf" />
      <file href="mobile/6jitRW6nhoB_65NP02EgDMn_80_DX1350_DY1350_CX675_CY262.png" />
      <file href="presentation_content/6jitRW6nhoB_664si9R8SB4_80_DX216_DY216.swf" />
      <file href="mobile/6jitRW6nhoB_664si9R8SB4_80_DX216_DY216_CX108_CY38.png" />
      <file href="presentation_content/6jitRW6nhoB_6iaWFHtZoeK_80_DX1350_DY1350.swf" />
      <file href="mobile/6jitRW6nhoB_6iaWFHtZoeK_80_DX1350_DY1350_CX675_CY262.png" />
      <file href="presentation_content/6jitRW6nhoB_5irtKK4LGhp_80_DX216_DY216.swf" />
      <file href="mobile/6jitRW6nhoB_5irtKK4LGhp_80_DX216_DY216_CX108_CY38.png" />
      <file href="presentation_content/6jitRW6nhoB_6jYhf9aHAPD_80_DX1350_DY1350.swf" />
      <file href="mobile/6jitRW6nhoB_6jYhf9aHAPD_80_DX1350_DY1350_CX675_CY262.png" />
      <file href="presentation_content/6jitRW6nhoB_6ioZoXSxZh1_80_DX216_DY216.swf" />
      <file href="mobile/6jitRW6nhoB_6ioZoXSxZh1_80_DX216_DY216_CX108_CY38.png" />
      <file href="presentation_content/6jitRW6nhoB_6GX1poROANM_80_DX1350_DY1350.swf" />
      <file href="mobile/6jitRW6nhoB_6GX1poROANM_80_DX1350_DY1350_CX675_CY262.png" />
      <file href="presentation_content/6jitRW6nhoB_5gccWR1tbqd_80_DX216_DY216.swf" />
      <file href="mobile/6jitRW6nhoB_5gccWR1tbqd_80_DX216_DY216_CX108_CY38.png" />
      <file href="presentation_content/6jitRW6nhoB_5txBXNeO7Zs_80_DX1350_DY1350.swf" />
      <file href="mobile/6jitRW6nhoB_5txBXNeO7Zs_80_DX1350_DY1350_CX675_CY262.png" />
      <file href="presentation_content/6jitRW6nhoB_6BWTlvJW62t_80_DX216_DY216.swf" />
      <file href="mobile/6jitRW6nhoB_6BWTlvJW62t_80_DX216_DY216_CX108_CY38.png" />
      <file href="presentation_content/6jitRW6nhoB_6l8cUwJRIe5_80_DX1350_DY1350.swf" />
      <file href="mobile/6jitRW6nhoB_6l8cUwJRIe5_80_DX1350_DY1350_CX675_CY262.png" />
      <file href="presentation_content/6jitRW6nhoB_6ilyyAoIcCs_80_DX216_DY216.swf" />
      <file href="mobile/6jitRW6nhoB_6ilyyAoIcCs_80_DX216_DY216_CX108_CY38.png" />
      <file href="presentation_content/6jitRW6nhoB_6bB5oDbB0ii_80_DX1350_DY1350.swf" />
      <file href="mobile/6jitRW6nhoB_6bB5oDbB0ii_80_DX1350_DY1350_CX675_CY262.png" />
      <file href="presentation_content/6jitRW6nhoB_62CETE4Bpfe_80_DX216_DY216.swf" />
      <file href="mobile/6jitRW6nhoB_62CETE4Bpfe_80_DX216_DY216_CX108_CY38.png" />
      <file href="presentation_content/6jitRW6nhoB_6rCtLRwgUNd_80_DX1350_DY1350.swf" />
      <file href="mobile/6jitRW6nhoB_6rCtLRwgUNd_80_DX1350_DY1350_CX675_CY262.png" />
      <file href="presentation_content/6jitRW6nhoB_5yzus8ZgOsP_80_DX216_DY216.swf" />
      <file href="mobile/6jitRW6nhoB_5yzus8ZgOsP_80_DX216_DY216_CX108_CY38.png" />
      <file href="presentation_content/6jitRW6nhoB_5utTSCaQLaN_80_DX1350_DY1350.swf" />
      <file href="mobile/6jitRW6nhoB_5utTSCaQLaN_80_DX1350_DY1350_CX675_CY262.png" />
      <file href="presentation_content/6jitRW6nhoB_6LBMNLONuf7_80_DX216_DY216.swf" />
      <file href="mobile/6jitRW6nhoB_6LBMNLONuf7_80_DX216_DY216_CX108_CY38.png" />
      <file href="presentation_content/6jitRW6nhoB_6N3woezi2Tj_80_DX1350_DY1350.swf" />
      <file href="mobile/6jitRW6nhoB_6N3woezi2Tj_80_DX1350_DY1350_CX675_CY262.png" />
      <file href="presentation_content/6jitRW6nhoB_6nDA6eJm0Zt_80_DX216_DY216.swf" />
      <file href="mobile/6jitRW6nhoB_6nDA6eJm0Zt_80_DX216_DY216_CX108_CY38.png" />
      <file href="presentation_content/6jitRW6nhoB_6YyECK1y5M6_80_DX1350_DY1350.swf" />
      <file href="mobile/6jitRW6nhoB_6YyECK1y5M6_80_DX1350_DY1350_CX675_CY262.png" />
      <file href="presentation_content/6jitRW6nhoB_6n8MYlQUO7l_80_DX216_DY216.swf" />
      <file href="mobile/6jitRW6nhoB_6n8MYlQUO7l_80_DX216_DY216_CX108_CY38.png" />
      <file href="presentation_content/6jitRW6nhoB_5xmVYj3iKzZ_80_DX1350_DY1350.swf" />
      <file href="mobile/6jitRW6nhoB_5xmVYj3iKzZ_80_DX1350_DY1350_CX675_CY262.png" />
      <file href="presentation_content/6jitRW6nhoB_6hyWJSD3IBl_80_DX216_DY216.swf" />
      <file href="mobile/6jitRW6nhoB_6hyWJSD3IBl_80_DX216_DY216_CX108_CY38.png" />
      <file href="presentation_content/6jitRW6nhoB_6XlyJSuRsi9_80_DX1350_DY1350.swf" />
      <file href="mobile/6jitRW6nhoB_6XlyJSuRsi9_80_DX1350_DY1350_CX675_CY262.png" />
      <file href="presentation_content/6jitRW6nhoB_6KyVvdBp2fq_80_DX216_DY216.swf" />
      <file href="mobile/6jitRW6nhoB_6KyVvdBp2fq_80_DX216_DY216_CX108_CY38.png" />
      <file href="presentation_content/6jitRW6nhoB_5gppIohs5yp_80_DX1350_DY1350.swf" />
      <file href="mobile/6jitRW6nhoB_5gppIohs5yp_80_DX1350_DY1350_CX675_CY262.png" />
      <file href="presentation_content/6jitRW6nhoB_6Csr3wGyUfI_80_DX216_DY216.swf" />
      <file href="mobile/6jitRW6nhoB_6Csr3wGyUfI_80_DX216_DY216_CX108_CY38.png" />
      <file href="presentation_content/6jitRW6nhoB_62Utr8HtkW9_80_DX1350_DY1350.swf" />
      <file href="mobile/6jitRW6nhoB_62Utr8HtkW9_80_DX1350_DY1350_CX675_CY262.png" />
      <file href="presentation_content/6jitRW6nhoB_5asyqGKSSrn_80_DX216_DY216.swf" />
      <file href="mobile/6jitRW6nhoB_5asyqGKSSrn_80_DX216_DY216_CX108_CY38.png" />
      <file href="presentation_content/6jitRW6nhoB_609jOi3K31J_80_DX1350_DY1350.swf" />
      <file href="mobile/6jitRW6nhoB_609jOi3K31J_80_DX1350_DY1350_CX675_CY262.png" />
      <file href="presentation_content/6jitRW6nhoB_5Y57SWe0DgO_80_DX216_DY216.swf" />
      <file href="mobile/6jitRW6nhoB_5Y57SWe0DgO_80_DX216_DY216_CX108_CY38.png" />
      <file href="presentation_content/6jitRW6nhoB_5apwlqWqkBv_80_DX1350_DY1350.swf" />
      <file href="mobile/6jitRW6nhoB_5apwlqWqkBv_80_DX1350_DY1350_CX675_CY262.png" />
      <file href="presentation_content/6jitRW6nhoB_6phzbm881rj_80_DX216_DY216.swf" />
      <file href="mobile/6jitRW6nhoB_6phzbm881rj_80_DX216_DY216_CX108_CY38.png" />
      <file href="presentation_content/6jitRW6nhoB_61tJmQSZZct_80_DX1350_DY1350.swf" />
      <file href="mobile/6jitRW6nhoB_61tJmQSZZct_80_DX1350_DY1350_CX675_CY262.png" />
      <file href="presentation_content/6jitRW6nhoB_5dDplnpbzMB_80_DX216_DY216.swf" />
      <file href="mobile/6jitRW6nhoB_5dDplnpbzMB_80_DX216_DY216_CX108_CY38.png" />
      <file href="presentation_content/6jitRW6nhoB_6aRIJIbGLnz_80_DX1350_DY1350.swf" />
      <file href="mobile/6jitRW6nhoB_6aRIJIbGLnz_80_DX1350_DY1350_CX675_CY262.png" />
      <file href="presentation_content/6jitRW6nhoB_6ojWUKdnslo_80_DX216_DY216.swf" />
      <file href="mobile/6jitRW6nhoB_6ojWUKdnslo_80_DX216_DY216_CX108_CY38.png" />
      <file href="meta.xml" />
      <file href="mobile/69rfxD2eYu8.jpg" />
      <file href="presentation_content/logo.swf" />
      <file href="presentation_content/frame.xml" />
      <file href="presentation_content/frame.js" />
      <file href="presentation_content/user.js" />
      <file href="presentation_unsupported.html" />
      <file href="mobile/Slide6jitRW6nhoB_d1sm.jpg" />
      <file href="mobile/app_store.png" />
      <file href="mobile/linen_background.jpg" />
      <file href="mobile/mobile_icon.png" />
      <file href="mobile/player.css" />
      <file href="mobile/player_compiled.js" />
      <file href="presentation_content/fonts.swf" />
      <file href="mobile/fonts.js" />
      <file href="presentation.swf" />
      <file href="presentation_content/frame.swf" />
      <file href="presentation_content/slides/65YU1zSKBct.swf" />
      <file href="mobile/slides/65YU1zSKBct.js" />
      <file href="presentation_content/slides/5gV92UxpJ8M.swf" />
      <file href="mobile/slides/5gV92UxpJ8M.js" />
      <file href="presentation_content/slides/5xDCuHcsufo.swf" />
      <file href="mobile/slides/5xDCuHcsufo.js" />
      <file href="presentation_content/slides/5dISriEJ5lU.swf" />
      <file href="mobile/slides/5dISriEJ5lU.js" />
      <file href="presentation_content/slides/5x91cwG9JLC.swf" />
      <file href="mobile/slides/5x91cwG9JLC.js" />
      <file href="presentation_content/slides/6jcH7atCy9G.swf" />
      <file href="mobile/slides/6jcH7atCy9G.js" />
      <file href="presentation_content/slides/6QIGWhflZ2w.swf" />
      <file href="mobile/slides/6QIGWhflZ2w.js" />
      <file href="presentation_content/slides/64m1fztnZLu.swf" />
      <file href="mobile/slides/64m1fztnZLu.js" />
      <file href="presentation_content/slides/6ZJcO08JdM2.swf" />
      <file href="mobile/slides/6ZJcO08JdM2.js" />
      <file href="presentation_content/slides/6YrUqlSz9ZZ.swf" />
      <file href="mobile/slides/6YrUqlSz9ZZ.js" />
      <file href="presentation_content/slides/6E6L139FgCk.swf" />
      <file href="mobile/slides/6E6L139FgCk.js" />
      <file href="presentation_content/slides/6gEY53XPThc.swf" />
      <file href="mobile/slides/6gEY53XPThc.js" />
      <file href="presentation_content/slides/6dgKasfKk5f.swf" />
      <file href="mobile/slides/6dgKasfKk5f.js" />
      <file href="presentation_content/slides/6CVlDTey87a.swf" />
      <file href="mobile/slides/6CVlDTey87a.js" />
      <file href="presentation_content/slides/5ktx1JiKi3n.swf" />
      <file href="mobile/slides/5ktx1JiKi3n.js" />
      <file href="presentation_content/slides/5p1Ff2npQZo.swf" />
      <file href="mobile/slides/5p1Ff2npQZo.js" />
      <file href="presentation_content/slides/5VpQjeoQwLM.swf" />
      <file href="mobile/slides/5VpQjeoQwLM.js" />
      <file href="presentation_content/slides/6SzqhP9pvl8.swf" />
      <file href="mobile/slides/6SzqhP9pvl8.js" />
      <file href="presentation_content/slides/6bjMWbKaHqf.swf" />
      <file href="mobile/slides/6bjMWbKaHqf.js" />
      <file href="presentation_content/slides/5n80UDHt9e4.swf" />
      <file href="mobile/slides/5n80UDHt9e4.js" />
      <file href="presentation_content/slides/5mdmQ3UnPVh.swf" />
      <file href="mobile/slides/5mdmQ3UnPVh.js" />
      <file href="presentation_content/slides/5XQtyqvPphc.swf" />
      <file href="mobile/slides/5XQtyqvPphc.js" />
      <file href="presentation_content/slides/5f49M30UvBh.swf" />
      <file href="mobile/slides/5f49M30UvBh.js" />
      <file href="presentation_content/slides/6L4WqORL7Ik.swf" />
      <file href="mobile/slides/6L4WqORL7Ik.js" />
      <file href="presentation_content/slides/6nN80HhuNIz.swf" />
      <file href="mobile/slides/6nN80HhuNIz.js" />
      <file href="presentation_content/data.swf" />
      <file href="mobile/data.js" />
      <file href="mobile/masks.js" />
      <file href="presentation.html" />
      <file href="presentation_html5.html" />
      <file href="index_lms_html5.html" />
      <file href="presentation_content/blank.html" />
      <file href="presentation_content/presentation.js" />
      <file href="index_lms.html" />
      <file href="lms/AICCComm.html" />
      <file href="lms/AICCFunctions.js" />
      <file href="lms/API.js" />
      <file href="lms/APIConstants.js" />
      <file href="lms/blank.html" />
      <file href="lms/browsersniff.js" />
      <file href="lms/Configuration.js" />
      <file href="lms/goodbye.html" />
      <file href="lms/lms.js" />
      <file href="lms/LMSAPI.js" />
      <file href="lms/NONEFunctions.js" />
      <file href="lms/SCORM2004Functions.js" />
      <file href="lms/SCORMFunctions.js" />
      <file href="lms/UtilityFunctions.js" />
    </resource>
  </resources>
</manifest>