<?xml version="1.0" encoding="utf-8"?><bwFrame xmlns:xsi="http://www.w3.org/2001/XMLSchema-instance" xmlns:xsd="http://www.w3.org/2001/XMLSchema" default_layout="pxnsnfns01001000010" textdirection="ltr" device="false" kbshortcuts="true" outputtype="ap"><layouts><layout name="pxnsnfns01001000010" font="Articulate" controllayout="pxnsnfns01001000010" colorscheme="pxnsnfns01001000010" string_table="pxnsnfns01001000010" /></layouts><control_options><optiongroups><optiongroup name="sidebaroptions"><options><option name="title_enabled" value="true"><options><option name="title_text" value="PerformanceTesting" /></options></option><option name="logo_enabled" value="true"><options><option name="logo_url" value="presentation_content/logo.swf"><properties><property name="width" value="218" /><property name="height" value="123" /></properties></option><option name="html5_logo_url" value="mobile/6pgmzsmWuGe.jpg" /></options></option><option name="sidebar_enabled" value="true"><options><option name="sidebarpos" value="left" /></options></option><optionlist name="tabs"><listitems><listitem name="resources" value="false" group="linkright" /><listitem name="customlink" value="true" group="linkright"><properties><property name="title" value="Exit" /><property name="data" value="6Dih5gbpzAy" /><property name="ignoreSlideLock" value="true" /></properties></listitem><listitem name="outline" value="true" group="sidebar" /><listitem name="glossary" value="false" group="sidebar" /><listitem name="transcript" value="false" group="sidebar" /></listitems></optionlist><option name="time_enabled" value="false"><options><option name="time_format" value="totalelapsed" /></options></option><option name="info_enabled" value="false"><options><option name="default" value="default" /></options></option><option name="video_enabled" value="false"><options><option name="height" value="135" /></options></option></options></optiongroup><optiongroup name="menuoptions"><options><option name="flow" value="free" /><option name="wraplistitems" value="false" /><option name="tooltips" value="true" /><option name="autocollapse" value="true" /><option name="autonumber" value="true" /><option name="levelbehavior" value="reached" /><option name="levelrestriction" value="unrestricted" /><option name="enableresultsicons" value="false" /></options></optiongroup><optiongroup name="controls"><options><option name="volume" value="false" /><option name="seekbar" value="false"><options><option name="readonly" value="false" /></options></option><option name="search" value="true" /><option name="replay" value="false" /><option name="pauseplay" value="false" /><option name="enableKeyboardShortcuts" value="true" /><option name="elapsedandtotaltime" value="true" /><option name="use_fixed_output_size" value="true" /><option name="output_size_scale_percent" value="100" /></options></optiongroup><optiongroup name="bottombaroptions"><options><option name="bottombar_enabled" value="true" /></options></optiongroup></optiongroups></control_options><control_layouts><control_layout name="pxnsnfns01001000010"><control name="volume" enabled="false" /><control name="seekbar" enabled="false" /><control name="replay" enabled="false" /><control name="pauseplay" enabled="false" /><control name="logo" enabled="true" /><control name="previous" enabled="true" /><control name="next" enabled="true" /><control name="submit" enabled="false" /><control name="finish" enabled="false" /><control name="submitall" enabled="false" /><control name="resources" enabled="false" /><control name="glossary" enabled="false" /><control name="transcript" enabled="false" /><control name="outline" enabled="true"><controls><control name="search" enabled="true" /></controls></control><control name="close_btn" enabled="false" /></control_layout></control_layouts><colorschemes><colorscheme name="pxnsnfns01001000010"><color_group name="infopanel"><group_colors><color name="link_text"><fill type="linear" rotation="90"><colors><color rgb="0x7C2280" alpha="100" stop="0" /></colors></fill></color><color name="link_hover"><fill type="linear" rotation="90"><colors><color rgb="0x0000EE" alpha="100" stop="0" /></colors></fill></color><color name="bg"><fill type="linear" rotation="90"><colors><color rgb="0xFFFFFF" alpha="100" stop="0" /></colors></fill></color><color name="shadow"><fill type="linear" rotation="90"><colors><color rgb="0xB8B8B8" alpha="100" stop="0" /></colors></fill></color><color name="name_text"><fill type="linear" rotation="90"><colors><color rgb="0x444444" alpha="100" stop="0" /></colors></fill></color><color name="title_text"><fill type="linear" rotation="90"><colors><color rgb="0x999999" alpha="100" stop="0" /></colors></fill></color></group_colors></color_group><color_group name="infopanelpopup"><group_colors><color name="link_text"><fill type="linear" rotation="90"><colors><color rgb="0x7C2280" alpha="100" stop="0" /></colors></fill></color><color name="link_hover"><fill type="linear" rotation="90"><colors><color rgb="0x0000EE" alpha="100" stop="0" /></colors></fill></color><color name="bg"><fill type="linear" rotation="90"><colors><color rgb="0xE9E9E9" alpha="100" stop="0" /><color rgb="0xCFCFCF" alpha="100" stop="255" /></colors></fill></color><color name="shadow"><fill type="linear" rotation="90"><colors><color rgb="0xB8B8B8" alpha="100" stop="0" /></colors></fill></color><color name="name_text"><fill type="linear" rotation="90"><colors><color rgb="0x444444" alpha="100" stop="0" /></colors></fill></color><color name="bio_text"><fill type="linear" rotation="90"><colors><color rgb="0x999999" alpha="100" stop="0" /></colors></fill></color></group_colors></color_group><color_group name="timer"><group_colors><color name="duration"><fill type="linear" rotation="90"><colors><color rgb="0x00D7FF" alpha="100" stop="0" /><color rgb="0x00ABFF" alpha="100" stop="255" /></colors></fill></color><color name="elapsed"><fill type="linear" rotation="90"><colors><color rgb="0xFEE347" alpha="100" stop="0" /><color rgb="0xFCCC2A" alpha="100" stop="255" /></colors></fill></color><color name="stroke"><fill type="linear" rotation="90"><colors><color rgb="0xC7C7C7" alpha="100" stop="0" /></colors></fill></color><color name="inner"><fill type="linear" rotation="90"><colors><color rgb="0xFFFFFF" alpha="100" stop="0" /></colors></fill></color><color name="text"><fill type="linear" rotation="90"><colors><color rgb="0x555555" alpha="100" stop="0" /></colors></fill></color></group_colors></color_group><color_group name="window"><group_colors><color name="text"><fill type="linear" rotation="90"><colors><color rgb="0x555555" alpha="100" stop="0" /></colors></fill></color><color name="inner"><fill type="linear" rotation="90"><colors><color rgb="0xEAEAEA" alpha="100" stop="0" /><color rgb="0xCFCFCF" alpha="100" stop="255" /></colors></fill></color><color name="bg"><fill type="linear" rotation="90"><colors><color rgb="0xF3F3F3" alpha="100" stop="0" /></colors></fill></color><color name="diva"><fill type="linear" rotation="90"><colors><color rgb="0xF7F7F7" alpha="100" stop="0" /></colors></fill></color><color name="divb"><fill type="linear" rotation="90"><colors><color rgb="0xD3D3D3" alpha="100" stop="0" /></colors></fill></color><color name="shadow"><fill type="linear" rotation="90"><colors><color rgb="0x000000" alpha="20" stop="0" /></colors></fill></color></group_colors></color_group><color_group name="editor"><group_colors><color name="slide_text"><fill type="linear" rotation="90"><colors><color rgb="0x555555" alpha="100" stop="0" /></colors></fill></color><color name="html_text"><fill type="linear" rotation="90"><colors><color rgb="0x444444" alpha="100" stop="0" /></colors></fill></color><color name="btn_bg"><fill type="linear" rotation="90"><colors><color rgb="0xF5F5F5" alpha="100" stop="0" /><color rgb="0xC7C7C7" alpha="100" stop="255" /></colors></fill></color><color name="btn_hover"><fill type="linear" rotation="90"><colors><color rgb="0xF2F2F2" alpha="100" stop="0" /><color rgb="0xAFAFAF" alpha="100" stop="255" /></colors></fill></color><color name="btn_down"><fill type="linear" rotation="90"><colors><color rgb="0xC7C7C7" alpha="100" stop="0" /><color rgb="0xF4F4F4" alpha="100" stop="255" /></colors></fill></color><color name="btn_border"><fill type="linear" rotation="90"><colors><color rgb="0xB1B1B1" alpha="100" stop="0" /></colors></fill></color><color name="btn_text"><fill type="linear" rotation="90"><colors><color rgb="0x353535" alpha="100" stop="0" /></colors></fill></color><color name="btn_text_shadow"><fill type="linear" rotation="90"><colors><color rgb="0xF0F0F0" alpha="100" stop="0" /></colors></fill></color></group_colors></color_group><color_group name="listitem"><group_colors><color name="selected_text"><fill type="linear" rotation="90"><colors><color rgb="0x353535" alpha="100" stop="0" /></colors></fill></color><color name="lines"><fill type="linear" rotation="90"><colors><color rgb="0xDFDFDF" alpha="100" stop="0" /></colors></fill></color><color name="hover"><fill type="linear" rotation="90"><colors><color rgb="0xE6E6E6" alpha="100" stop="0" /></colors></fill></color><color name="viewed"><fill type="linear" rotation="90"><colors><color rgb="0x909090" alpha="100" stop="0" /></colors></fill></color><color name="text"><fill type="linear" rotation="90"><colors><color rgb="0x353535" alpha="100" stop="0" /></colors></fill></color><color name="selected"><fill type="linear" rotation="90"><colors><color rgb="0xC0E2F1" alpha="100" stop="0" /></colors></fill></color><color name="shadow"><fill type="linear" rotation="90"><colors><color rgb="0xFFFFFF" alpha="100" stop="0" /></colors></fill></color></group_colors></color_group><color_group name="base"><group_colors><color name="text"><fill type="linear" rotation="90"><colors><color rgb="0x555555" alpha="100" stop="0" /></colors></fill></color><color name="diva"><fill type="linear" rotation="90"><colors><color rgb="0xD3D3D3" alpha="100" stop="0" /></colors></fill></color><color name="divb"><fill type="linear" rotation="90"><colors><color rgb="0xF7F7F7" alpha="100" stop="0" /></colors></fill></color><color name="bg"><fill type="linear" rotation="90"><colors><color rgb="0xE9E9E9" alpha="100" stop="0" /><color rgb="0xCFCFCF" alpha="100" stop="255" /></colors></fill></color><color name="border"><fill type="linear" rotation="90"><colors><color rgb="0xE9E9E9" alpha="100" stop="0" /><color rgb="0xF3F3F3" alpha="100" stop="255" /></colors></fill></color><color name="menu_shade"><fill type="linear" rotation="90"><colors><color rgb="0xDBDBDB" alpha="100" stop="0" /><color rgb="0xC3C3C3" alpha="100" stop="255" /></colors></fill></color><color name="slide_bg"><fill type="linear" rotation="90"><colors><color rgb="0xE9E9E9" alpha="100" stop="0" /><color rgb="0xCFCFCF" alpha="100" stop="255" /></colors></fill></color></group_colors></color_group><color_group name="button"><group_colors><color name="btn_bg"><fill type="linear" rotation="90"><colors><color rgb="0xF5F5F5" alpha="100" stop="0" /><color rgb="0xC7C7C7" alpha="100" stop="255" /></colors></fill></color><color name="btn_hover"><fill type="linear" rotation="90"><colors><color rgb="0xF2F2F2" alpha="100" stop="0" /><color rgb="0xAFAFAF" alpha="100" stop="255" /></colors></fill></color><color name="btn_down"><fill type="linear" rotation="90"><colors><color rgb="0xC7C7C7" alpha="100" stop="0" /><color rgb="0xF4F4F4" alpha="100" stop="255" /></colors></fill></color><color name="btn_border"><fill type="linear" rotation="90"><colors><color rgb="0xB1B1B1" alpha="100" stop="0" /></colors></fill></color><color name="btn_text"><fill type="linear" rotation="90"><colors><color rgb="0x353535" alpha="100" stop="0" /></colors></fill></color><color name="btn_text_shadow"><fill type="linear" rotation="90"><colors><color rgb="0xF0F0F0" alpha="100" stop="0" /></colors></fill></color><color name="btn_icon_color"><fill type="linear" rotation="90"><colors><color rgb="0x353535" alpha="100" stop="0" /></colors></fill></color><color name="btn_glow"><fill type="linear" rotation="90"><colors><color rgb="0xCFCFCF" alpha="100" stop="0" /></colors></fill></color></group_colors></color_group><color_group name="checkbox"><group_colors><color name="border"><fill type="linear" rotation="90"><colors><color rgb="0xB8B8B8" alpha="100" stop="0" /></colors></fill></color><color name="bg"><fill type="linear" rotation="90"><colors><color rgb="0xFFFFFF" alpha="100" stop="0" /></colors></fill></color><color name="check"><fill type="linear" rotation="90"><colors><color rgb="0x33CC00" alpha="100" stop="0" /></colors></fill></color><color name="text"><fill type="linear" rotation="90"><colors><color rgb="0x444444" alpha="100" stop="0" /></colors></fill></color><color name="hover"><fill type="linear" rotation="90"><colors><color rgb="0x6BF8FF" alpha="100" stop="0" /></colors></fill></color></group_colors></color_group><color_group name="logo"><group_colors><color name="bg"><fill type="linear" rotation="90"><colors><color rgb="0xFFFFFF" alpha="100" stop="0" /></colors></fill></color><color name="shadow"><fill type="linear" rotation="90"><colors><color rgb="0xB8B8B8" alpha="100" stop="0" /></colors></fill></color></group_colors></color_group><color_group name="menu"><group_colors><color name="bg"><fill type="linear" rotation="90"><colors><color rgb="0xF3F3F3" alpha="100" stop="0" /></colors></fill></color><color name="shadow"><fill type="linear" rotation="90"><colors><color rgb="0xB8B8B8" alpha="100" stop="0" /></colors></fill></color></group_colors></color_group><color_group name="scrollarea"><group_colors><color name="bg"><fill type="linear" rotation="0"><colors><color rgb="0xDEDEDE" alpha="100" stop="0" /><color rgb="0xE8E8E8" alpha="100" stop="128" /></colors></fill></color><color name="border"><fill type="linear" rotation="90"><colors><color rgb="0xF6F6F6" alpha="100" stop="0" /><color rgb="0xF3F3F3" alpha="100" stop="255" /></colors></fill></color><color name="button_bg"><fill type="linear" rotation="90"><colors><color rgb="0xC4C4C4" alpha="100" stop="0" /><color rgb="0xB2B2B2" alpha="100" stop="255" /></colors></fill></color><color name="button_inner"><fill type="linear" rotation="90"><colors><color rgb="0xCBCBCB" alpha="100" stop="0" /><color rgb="0xBABABA" alpha="100" stop="255" /></colors></fill></color><color name="button_border"><fill type="linear" rotation="90"><colors><color rgb="0xB8B8B8" alpha="100" stop="0" /></colors></fill></color><color name="icons"><fill type="linear" rotation="90"><colors><color rgb="0x555555" alpha="100" stop="0" /></colors></fill></color><color name="shadow"><fill type="linear" rotation="90"><colors><color rgb="0xD9D9D9" alpha="100" stop="0" /></colors></fill></color><color name="detaila"><fill type="linear" rotation="90"><colors><color rgb="0xA7A7A7" alpha="100" stop="0" /></colors></fill></color><color name="detailb"><fill type="linear" rotation="90"><colors><color rgb="0xCFCFCF" alpha="100" stop="0" /></colors></fill></color></group_colors></color_group><color_group name="searchinput"><group_colors><color name="bg"><fill type="linear" rotation="90"><colors><color rgb="0xDFDFDF" alpha="100" stop="0" /></colors></fill></color><color name="border"><fill type="linear" rotation="90"><colors><color rgb="0xADADAD" alpha="100" stop="0" /><color rgb="0xFAFAFA" alpha="100" stop="255" /></colors></fill></color><color name="icon"><fill type="linear" rotation="90"><colors><color rgb="0x8A8A8A" alpha="100" stop="0" /></colors></fill></color><color name="button_hover"><fill type="linear" rotation="90"><colors><color rgb="0xF5F5F5" alpha="100" stop="0" /><color rgb="0xC7C7C7" alpha="100" stop="255" /></colors></fill></color><color name="hover_glow"><fill type="linear" rotation="90"><colors><color rgb="0x6BF8FF" alpha="100" stop="0" /></colors></fill></color><color name="search_text"><fill type="linear" rotation="90"><colors><color rgb="0x8A8A8A" alpha="100" stop="0" /></colors></fill></color><color name="bg_active"><fill type="linear" rotation="90"><colors><color rgb="0xFAFAFA" alpha="100" stop="0" /></colors></fill></color><color name="text_active"><fill type="linear" rotation="90"><colors><color rgb="0x333333" alpha="100" stop="0" /></colors></fill></color></group_colors></color_group><color_group name="seekcontrol"><group_colors><color name="bg"><fill type="linear" rotation="90"><colors><color rgb="0xF5F5F5" alpha="100" stop="0" /><color rgb="0xC7C7C7" alpha="100" stop="255" /></colors></fill></color><color name="border"><fill type="linear" rotation="90"><colors><color rgb="0xB1B1B1" alpha="100" stop="0" /></colors></fill></color><color name="seek_border"><fill type="linear" rotation="90"><colors><color rgb="0xB8B8B8" alpha="100" stop="0" /><color rgb="0xEEEEEE" alpha="100" stop="255" /></colors></fill></color><color name="seek_bg"><fill type="linear" rotation="90"><colors><color rgb="0xE7E7E7" alpha="100" stop="0" /></colors></fill></color><color name="seek_position"><fill type="linear" rotation="90"><colors><color rgb="0xFFFFFF" alpha="100" stop="0" /></colors></fill></color><color name="btn_icon_color"><fill type="linear" rotation="90"><colors><color rgb="0x2D2D2D" alpha="100" stop="0" /></colors></fill></color><color name="btn_icon_hover"><fill type="linear" rotation="90"><colors><color rgb="0x555555" alpha="100" stop="0" /></colors></fill></color><color name="btn_icon_shadow"><fill type="linear" rotation="90"><colors><color rgb="0xF0F0F0" alpha="100" stop="0" /></colors></fill></color></group_colors></color_group><color_group name="tabs"><group_colors><color name="bg"><fill type="linear" rotation="90"><colors><color rgb="0xF3F3F3" alpha="100" stop="0" /></colors></fill></color><color name="text"><fill type="linear" rotation="90"><colors><color rgb="0x555555" alpha="100" stop="0" /></colors></fill></color><color name="selected"><fill type="linear" rotation="90"><colors><color rgb="0x333333" alpha="100" stop="0" /></colors></fill></color><color name="hover"><fill type="linear" rotation="90"><colors><color rgb="0x333333" alpha="100" stop="0" /></colors></fill></color><color name="shadow"><fill type="linear" rotation="90"><colors><color rgb="0xF0F0F0" alpha="100" stop="0" /></colors></fill></color></group_colors></color_group><color_group name="transcript"><group_colors><color name="div"><fill type="linear" rotation="90"><colors><color rgb="0xE1E1E1" alpha="100" stop="0" /></colors></fill></color><color name="heading_text"><fill type="linear" rotation="90"><colors><color rgb="0x444444" alpha="100" stop="0" /></colors></fill></color></group_colors></color_group><color_group name="outline"><group_colors><color name="diva"><fill type="linear" rotation="90"><colors><color rgb="0xC6C6C6" alpha="100" stop="0" /></colors></fill></color><color name="divb"><fill type="linear" rotation="90"><colors><color rgb="0xF9F9F9" alpha="100" stop="0" /></colors></fill></color><color name="divc"><fill type="linear" rotation="90"><colors><color rgb="0xE1E1E1" alpha="100" stop="0" /></colors></fill></color><color name="search_text"><fill type="linear" rotation="90"><colors><color rgb="0x444444" alpha="100" stop="0" /></colors></fill></color><color name="search_hover"><fill type="linear" rotation="90"><colors><color rgb="0x0000EE" alpha="100" stop="0" /></colors></fill></color></group_colors></color_group><color_group name="resource"><group_colors><color name="separator"><fill type="linear" rotation="90"><colors><color rgb="0xE0E0E0" alpha="100" stop="0" /></colors></fill></color></group_colors></color_group><color_group name="glossary"><group_colors><color name="selected_text"><fill type="linear" rotation="90"><colors><color rgb="0x353535" alpha="100" stop="0" /></colors></fill></color><color name="selected"><fill type="linear" rotation="90"><colors><color rgb="0xC0E2F1" alpha="100" stop="0" /></colors></fill></color><color name="text"><fill type="linear" rotation="90"><colors><color rgb="0x353535" alpha="100" stop="0" /></colors></fill></color><color name="hover"><fill type="linear" rotation="90"><colors><color rgb="0xE6E6E6" alpha="100" stop="0" /></colors></fill></color><color name="diva"><fill type="linear" rotation="90"><colors><color rgb="0xE2E2E2" alpha="100" stop="0" /></colors></fill></color><color name="divb"><fill type="linear" rotation="90"><colors><color rgb="0xE2E2E2" alpha="100" stop="0" /></colors></fill></color><color name="divc"><fill type="linear" rotation="90"><colors><color rgb="0xFAFAFA" alpha="100" stop="0" /></colors></fill></color><color name="bg"><fill type="linear" rotation="90"><colors><color rgb="0xE7E7E7" alpha="100" stop="0" /></colors></fill></color><color name="heading_text"><fill type="linear" rotation="90"><colors><color rgb="0x444444" alpha="100" stop="0" /></colors></fill></color></group_colors></color_group><color_group name="volume"><group_colors><color name="thumb_border"><fill type="linear" rotation="90"><colors><color rgb="0xA5A5A5" alpha="100" stop="0" /></colors></fill></color><color name="thumb_inner"><fill type="linear" rotation="90"><colors><color rgb="0xD4D4D4" alpha="100" stop="0" /></colors></fill></color><color name="thumb_bg"><fill type="linear" rotation="90"><colors><color rgb="0xC8C8C8" alpha="100" stop="0" /></colors></fill></color><color name="slider_border"><fill type="linear" rotation="90"><colors><color rgb="0xF2F2F2" alpha="100" stop="0" /></colors></fill></color><color name="slider_bg"><fill type="linear" rotation="90"><colors><color rgb="0xBCBCBC" alpha="100" stop="0" /><color rgb="0xBCBCBC" alpha="100" stop="128" /><color rgb="0xC3C3C3" alpha="100" stop="255" /></colors></fill></color></group_colors></color_group><color_group name="HTML"><group_colors><color name="htmlpage_bg_color"><fill type="linear" rotation="90"><colors><color rgb="0xFFFFFF" alpha="100" stop="0" /></colors></fill></color></group_colors></color_group></colorscheme></colorschemes><string_tables><string_table name="pxnsnfns01001000010"><string id="prev">PREV</string><string id="next">NEXT</string><string id="submit">SUBMIT</string><string id="outline">Menu</string><string id="resources">Resources</string><string id="glossary">Glossary</string><string id="transcript">Notes</string><string id="clear">Clear and return to Menu</string><string id="search_results">Search Results</string><string id="filter">Filter</string><string id="slide_text_chk">Slide Text</string><string id="transcript_chk">Notes</string><string id="search_in">Search in:</string><string id="check_include">Check to include</string><string id="search">Search...</string><string id="terms">Terms</string><string id="definition">Definition</string><string id="finish">FINISH</string><string id="acc_finish">finish</string><string id="acc_definition">definition</string><string id="acc_resources">resources</string><string id="acc_search_input">search</string><string id="acc_pause">pause</string><string id="acc_play">play</string><string id="acc_replay">replay</string><string id="acc_submit">submit</string><string id="acc_next">next</string><string id="acc_previous">previous</string><string id="acc_volume">volume</string><string id="submitall">SUBMIT ALL</string><string id="acc_submitall">submit all</string><string id="question_list">Question List</string><string id="more_info">More info</string><string id="send_an_email">Send an email</string><string id="close">Close</string><string id="bio">Bio</string><string id="exit">Exit</string></string_table></string_tables><sounds enabled="false" /><nav_data><outline><links><slidelink slideid="5lj1D2G6qXZ.6WESdzaPqUy" displaytext="Slide 1" expand="false" type="slide" /><slidelink slideid="5lj1D2G6qXZ.5tccPrHik30" displaytext="Pre Session Activity" expand="false" type="slide" /><slidelink slideid="5lj1D2G6qXZ.6ByqNOvu6XK" displaytext="Agenda" expand="false" type="slide" /><slidelink slideid="5lj1D2G6qXZ.6TvNgcAueGp" displaytext="Performance Testing - Overview" expand="false" type="slide" /><slidelink slideid="5lj1D2G6qXZ.6CHiedHiexy" displaytext="Overview… (continued)" expand="false" type="slide" /><slidelink slideid="5lj1D2G6qXZ.6jeaoNim1wK" displaytext="Why do we need Performance Testing?" expand="false" type="slide" /><slidelink slideid="5lj1D2G6qXZ.60f4nD7EjmU" displaytext="Why do we need Performance Testing?" expand="false" type="slide" /><slidelink slideid="5lj1D2G6qXZ.6FaFNf7C891" displaytext="Benefits of Performance Testing" expand="false" type="slide" /><slidelink slideid="5lj1D2G6qXZ.6XJFoKY6bBH" displaytext="Benefits of Performance Testing" expand="false" type="slide" /><slidelink slideid="5lj1D2G6qXZ.5le370daZCc" displaytext="Performance Engineering &amp;  Performance Testing" expand="false" type="slide" /><slidelink slideid="5lj1D2G6qXZ.6mt5lT2iymE" displaytext="Performance Testing Types" expand="false" type="slide" /><slidelink slideid="5lj1D2G6qXZ.6rO84Gh3ReM" displaytext="Performance Testing Types" expand="false" type="slide" /><slidelink slideid="5lj1D2G6qXZ.5zEmYxK7Ccr" displaytext="Performance Testing Types" expand="false" type="slide" /><slidelink slideid="5lj1D2G6qXZ.6P7gUNgmsdX" displaytext="Performance Testing Types" expand="false" type="slide" /><slidelink slideid="5lj1D2G6qXZ.6cSP1nGUgiL" displaytext="Performance monitoring" expand="false" type="slide" /><slidelink slideid="5lj1D2G6qXZ.5vHLtESlu7e" displaytext="Performance monitoring" expand="false" type="slide" /><slidelink slideid="5lj1D2G6qXZ.5e6P8BXRcs8" displaytext="Steps Involved in Load Testing" expand="false" type="slide" /><slidelink slideid="5lj1D2G6qXZ.5lhBS6fLBUW" displaytext="Performance Testing – Components" expand="false" type="slide" /><slidelink slideid="5lj1D2G6qXZ.6QTgsNgVR1b" displaytext="Manual Vs Automated  Performance Testing" expand="false" type="slide" /><slidelink slideid="5lj1D2G6qXZ.5yj9TDIEOaC" displaytext="Performance Testing – Lab Set up" expand="false" type="slide" /><slidelink slideid="5lj1D2G6qXZ.5X9qgyvrsFE" displaytext="Terminology used in Performance Testing" expand="false" type="slide" /><slidelink slideid="5lj1D2G6qXZ.5vnbUCBub4K" displaytext="Terminology used in Performance Testing" expand="false" type="slide" /><slidelink slideid="5lj1D2G6qXZ.6ZNqMlezc7u" displaytext="Terminology used in Performance Testing" expand="false" type="slide" /><slidelink slideid="5lj1D2G6qXZ.66PQ1CIyUGr" displaytext="Terminology used in Performance Testing" expand="false" type="slide" /><slidelink slideid="5lj1D2G6qXZ.6Ux4m7wEa5F" displaytext="Terminology used in Performance Testing" expand="false" type="slide" /><slidelink slideid="5lj1D2G6qXZ.6Vz7xjDDSh0" displaytext="Terminology used in Performance Testing" expand="false" type="slide" /><slidelink slideid="5lj1D2G6qXZ.6KlkBx4uz7d" displaytext="Terminology used in  Performance Testing" expand="false" type="slide" /><slidelink slideid="5lj1D2G6qXZ.6YRWMqGTX3w" displaytext="Terminology used in Performance Testing" expand="false" type="slide" /><slidelink slideid="5lj1D2G6qXZ.5uDDeO3KQLI" displaytext="Terminology used in Performance Testing" expand="false" type="slide" /><slidelink slideid="5lj1D2G6qXZ.6qSOrvXtd2H" displaytext="Tools" expand="false" type="slide" /><slidelink slideid="5lj1D2G6qXZ.6MFTm4bntdL" displaytext="Best Practices" expand="false" type="slide" /><slidelink slideid="5lj1D2G6qXZ.666rqhCyRln" displaytext="Best practices… (contd)" expand="false" type="slide" /><slidelink slideid="5lj1D2G6qXZ.5hVntsHI6VS" displaytext="Typical Challenges" expand="false" type="slide" /><slidelink slideid="5lj1D2G6qXZ.5mmfJgt40q7" displaytext="Post Session –Case Study" expand="false" type="slide" /><slidelink slideid="5lj1D2G6qXZ.6rE9VBNfchI" displaytext="Post Session Activity -Quiz" expand="false" type="slide" /><slidelink slideid="5lj1D2G6qXZ.6V6zeuXMho0" displaytext="Post Session Activity -Quiz" expand="false" type="slide" /><slidelink slideid="5lj1D2G6qXZ.66nEb1dn3cV" displaytext="Slide 37" expand="false" type="slide" /></links></outline><search><slidetext slideid="5lj1D2G6qXZ.6WESdzaPqUy" slidebank="false" type="slide">     hcl talentcare: confidential  version: 1.0 release date:  07-01-2016 performance testing – an overview    version – 1.0&#xB;release date – 07-01-2016</slidetext><slidetext slideid="5lj1D2G6qXZ.5tccPrHik30" slidebank="false" type="slide">   ‹#›   hcl talentcare: confidential  version: 1.0 release date:  07-01-2016  pre session activity tech solutions was working with a mailing application. they have completed testing the functional part of the application.now they are supposed to test  the following requirementit has to be accessible to at least 1000 users at a particular instance application response also has to be 1.0045 seconds to 2 seconds. testing this was tedious for them thinking that there are only 50 employees and testing 1000 users is not possible.  and calculating the exact time is also tedious.</slidetext><slidetext slideid="5lj1D2G6qXZ.6ByqNOvu6XK" slidebank="false" type="slide">   ‹#›   hcl talentcare: confidential  version: 1.0 release date:  07-01-2016  agenda  performance testing – an overview performance testing types and objectives performance test  process performance monitoring tools and best practices  typical challenges</slidetext><slidetext slideid="5lj1D2G6qXZ.6TvNgcAueGp" slidebank="false" type="slide">   ‹#›   hcl talentcare: confidential  version: 1.0 release date:  07-01-2016  performance testing - overview what is performance testing?testing conducted to evaluate the compliance of a system or component with specified performance requirements. [ieee] measured as a weighted mix of three characteristics of a system: throughput, response, availability.what are the objectives of performance testing?to narrow down on the maximum number of concurrent users that the application can supportto identify bottlenecks within the application architectureto analyze the impact of a software or hardware changeto check for any scalability issues</slidetext><slidetext slideid="5lj1D2G6qXZ.6CHiedHiexy" slidebank="false" type="slide">   ‹#›   hcl talentcare: confidential  version: 1.0 release date:  07-01-2016  overview… (continued) what is the cost of failure?business to consumersite abandonment = lost revenue, lost brand valuebusiness to businessdamaged business relationships = lost opportunityinternalloss of organizational efficiencyslower time-to-market</slidetext><slidetext slideid="5lj1D2G6qXZ.6jeaoNim1wK" slidebank="false" type="slide">   ‹#›   hcl talentcare: confidential  version: 1.0 release date:  07-01-2016  &#xB;why do we need performance testing?&#xB;   to verify if we have enough hardware  to check whether the target load can be handled or not?  is the system fast enough to make customers happy?  the failure of a mission-critical web application can be costly.  assure performance and functionality under real-world conditions.  locate and resolve potential problems before it hits the users.  reduce infrastructure cost</slidetext><slidetext slideid="5lj1D2G6qXZ.60f4nD7EjmU" slidebank="false" type="slide">   ‹#›   hcl talentcare: confidential  version: 1.0 release date:  07-01-2016  &#xB;why do we need performance testing?&#xB; web site load &#xB;(number of concurrent users) web siteresponse&#xB;time    good(0 - 8 sec.) borderline(9 – 15 sec.) unacceptable(15 – 30 sec.) virtuallyoffline(&gt; 30 sec.)   the 8 second barrier web site load &#xB;(number of concurrent users) web siteresponse&#xB;time    good(0 - 8 sec.) borderline(9 – 15 sec.) unacceptable(15 – 30 sec.) virtuallyoffline(&gt; 30 sec.)   the 8 second barrier performance is important   crash</slidetext><slidetext slideid="5lj1D2G6qXZ.6FaFNf7C891" slidebank="false" type="slide">   ‹#›   hcl talentcare: confidential  version: 1.0 release date:  07-01-2016  &#xB;benefits of performance testing&#xB; performance  is  the  key  to  success  of  any application.we will get to know the maximum capacity the system can handle for a given applicationassuring performance and functionality under real-world conditionslocating potential problems before your customers do.we can decide whether we should go for hardware upgrades or performance tuningperformance testing is critical as competition in market is high and speed and accuracy is the ask of the day</slidetext><slidetext slideid="5lj1D2G6qXZ.6XJFoKY6bBH" slidebank="false" type="slide">   ‹#›   hcl talentcare: confidential  version: 1.0 release date:  07-01-2016  benefits of performance testing   performance testing can protect revenue by helping to isolate and fix problems in the software infrastructure  improve availability, functionality, and scalability of business critical applications  ensure products are delivered to market with high confidence that system   performance will be acceptable  proactive performance testing can decrease costs of production support and help desk  a good performance testing process is essential to get performance testing done right and on time!</slidetext><slidetext slideid="5lj1D2G6qXZ.5le370daZCc" slidebank="false" type="slide">   ‹#›   hcl talentcare: confidential  version: 1.0 release date:  07-01-2016  identify scenarios develop load test scripts conduct performance test do the results  match slas for the application? craft performance test report code tuning h/w tuning performance analysis report performance bottleneck analysis  code profiling resource profiling      yes no       performance engineering &amp;&#xB; performance testing</slidetext><slidetext slideid="5lj1D2G6qXZ.6mt5lT2iymE" slidebank="false" type="slide">   ‹#›   hcl talentcare: confidential  version: 1.0 release date:  07-01-2016  performance testing types load testinga type of testing where application is subjected to different workload patterns for a given time interval. enables us to get an insight into the working of the system under normal conditions.load testing consists of simulating real-life workload conditions for the application under test. the test can be performed several times with a different number of users working concurrently to find out how various parts of the application react to the increasing load. exampleto check if the application can handle 500 users.</slidetext><slidetext slideid="5lj1D2G6qXZ.6rO84Gh3ReM" slidebank="false" type="slide">   ‹#›   hcl talentcare: confidential  version: 1.0 release date:  07-01-2016  &#xB;performance testing types&#xB; stress testingit measures whether the application environment is properly configured to handle expected, or potentially unexpected, high transaction volumes. ideally, stress testing emulates the maximum capacity the application can support before causing a system outage or disruption. it ensures the application which is tested for expected load can take on spikes in the load condition like increase in rate of transactions and study its impact on the system resources and helps tune and configure the system optimally. exampleto check if the application can handle user volume greater than 500 users.</slidetext><slidetext slideid="5lj1D2G6qXZ.5zEmYxK7Ccr" slidebank="false" type="slide">   ‹#›   hcl talentcare: confidential  version: 1.0 release date:  07-01-2016  performance testing types endurance testingit is a type a testing where application is subjected to more or less a constant workload for extended duration of hours. the duration can be as minimal as 12 hours and can go to maximum of 2 to 3 days. the main idea is to check for the behavior of the application when it is subjected to stress for longer duration of time. another name for endurance testing is soak testing. examplerunning a test for 72 hours to check for memory utilization, cpu cycles</slidetext><slidetext slideid="5lj1D2G6qXZ.6P7gUNgmsdX" slidebank="false" type="slide">   ‹#›   hcl talentcare: confidential  version: 1.0 release date:  07-01-2016  performance testing types volume testingvolume testing is a typical load testing except that a large volume of data is populated on the database to study its impact on the application response time and database overall health.scalability testingthe purpose of scalability testing is to determine whether the application scales for the workload growth. example:the response time  of a search does not increase even if the size of the database increases from  10,000 records to 1,00,000  records . example1) assume a  company website has designed to handle 500 users. there is a 25% increase in user volume. scalability test will check if the application can handle the user volume</slidetext><slidetext slideid="5lj1D2G6qXZ.6cSP1nGUgiL" slidebank="false" type="slide">   ‹#›   hcl talentcare: confidential  version: 1.0 release date:  07-01-2016  performance monitoring system monitoringdetermine in-depth performance information on a server/user/transaction/resource level.policy-based change and configuration managementdetermine server loaddatabase monitoringmonitor the availability and optimal performance of databasesautomatically maintain dynamic thresholds, analyze, diagnose and report on problemsapplication monitoringprevents performance slowdowns by pinpointing and helping to solve system problems.</slidetext><slidetext slideid="5lj1D2G6qXZ.5vHLtESlu7e" slidebank="false" type="slide">   ‹#›   hcl talentcare: confidential  version: 1.0 release date:  07-01-2016  &#xB;performance monitoring&#xB; operating system monitoringensure that dns, dhcp, and wins servers are providing networking servicesmonitor any application to ensure performance and availabilitymonitor active directory /ldap for availability and performance.help to automatically maintain dynamic thresholds, analyze, diagnose and report on problemsexample of the tools:ca unicenterhp open viewibm tivoli</slidetext><slidetext slideid="5lj1D2G6qXZ.5e6P8BXRcs8" slidebank="false" type="slide">   ‹#›   hcl talentcare: confidential  version: 1.0 release date:  07-01-2016  steps involved in load testing identify performance acceptance criteria identify key scenarios create a workload model identify target load levels identify metrics design specific tests run tests analyze the results step 1 step 2 step 3 step 4 step 5 step 6 step 7 step 8</slidetext><slidetext slideid="5lj1D2G6qXZ.5lhBS6fLBUW" slidebank="false" type="slide">   ‹#›   hcl talentcare: confidential  version: 1.0 release date:  07-01-2016  performance testing – components virtual user: emulate the end user action by sending request and receiving responseload generator: emulates the end-user business processcontroller: organizes, manages and monitors the load testanalysis: collect  results from the controller when the testing is performed.</slidetext><slidetext slideid="5lj1D2G6qXZ.6QTgsNgVR1b" slidebank="false" type="slide">   ‹#›   hcl talentcare: confidential  version: 1.0 release date:  07-01-2016  manual vs automated &#xB;performance testing    manual automated</slidetext><slidetext slideid="5lj1D2G6qXZ.5yj9TDIEOaC" slidebank="false" type="slide">   ‹#›   hcl talentcare: confidential  version: 1.0 release date:  07-01-2016  performance testing – lab set up	 </slidetext><slidetext slideid="5lj1D2G6qXZ.5X9qgyvrsFE" slidebank="false" type="slide">   ‹#›   hcl talentcare: confidential  version: 1.0 release date:  07-01-2016  terminology used in performance testing systema system is an assemblage of objectsconcurrencyit is a set of users acting upon an application in a similar manner and at the same time database  web servers / application servers  operating systems  external storage  front end gui   database  web servers / application servers  operating systems  external storage  front end gui</slidetext><slidetext slideid="5lj1D2G6qXZ.5vnbUCBub4K" slidebank="false" type="slide">   ‹#›   hcl talentcare: confidential  version: 1.0 release date:  07-01-2016  terminology used in performance testing scenario:a scenario is a sequence of steps in the application under test.example: searching for a ticket availabilityworkload:a workload is a mix of demands placed on the application under testexample: concurrent users, data volumes, # of transactionsoperational profile:it is the list of demands with frequency of use.</slidetext><slidetext slideid="5lj1D2G6qXZ.6ZNqMlezc7u" slidebank="false" type="slide">   ‹#›   hcl talentcare: confidential  version: 1.0 release date:  07-01-2016  terminology used in performance testing benchmarking:benchmarking involves comparing with standard workload or industry wide performance parameters.benchmarking processdata gatheringdetermining gapimplementing changereview and accept </slidetext><slidetext slideid="5lj1D2G6qXZ.66PQ1CIyUGr" slidebank="false" type="slide">   ‹#›   hcl talentcare: confidential  version: 1.0 release date:  07-01-2016  terminology used in performance testing throughput:it is the capability of a product to handle multiple transactions in a given period.it represents the number of requests/business transactions processed by the product in a    specified time duration </slidetext><slidetext slideid="5lj1D2G6qXZ.6Ux4m7wEa5F" slidebank="false" type="slide">   ‹#›   hcl talentcare: confidential  version: 1.0 release date:  07-01-2016  terminology used in performance testing tuning:it is the process by which the product performance is enhanced.done by modifying parameters of the product, os and other components.enhances product performance </slidetext><slidetext slideid="5lj1D2G6qXZ.6Vz7xjDDSh0" slidebank="false" type="slide">   ‹#›   hcl talentcare: confidential  version: 1.0 release date:  07-01-2016  terminology used in performance testing bandwidth:it is the measure of the amount of data that can travel through a network.measured in kilobytes per second (kbps)latency:it is the resistance to flow of datait is a synonym for delaycan be considered as an expression of how much time it takes for a packet of data to get from one designated point to another.</slidetext><slidetext slideid="5lj1D2G6qXZ.6KlkBx4uz7d" slidebank="false" type="slide">   ‹#›   hcl talentcare: confidential  version: 1.0 release date:  07-01-2016  terminology used in  performance testing response time:it is the time interval between the users request and the systems response.it indicates the delay between the request and response.think time:it is a measurement of the time that a real user consumes to pause between the execution of steps in a business process. </slidetext><slidetext slideid="5lj1D2G6qXZ.6YRWMqGTX3w" slidebank="false" type="slide">   ‹#›   hcl talentcare: confidential  version: 1.0 release date:  07-01-2016  terminology used in performance testing reaction time:it is the time between submission of a request and the beginning of its execution by systemturn around time:it is the time between the submission of a batch job and the completion of its outputstretch factor:the ratio of response time at a particular load to that at the minimum load</slidetext><slidetext slideid="5lj1D2G6qXZ.5uDDeO3KQLI" slidebank="false" type="slide">   ‹#›   hcl talentcare: confidential  version: 1.0 release date:  07-01-2016  terminology used in performance testing  users finishes  request  users finishes  request system's starts  execution  system's starts  execution  users  starts  request  users  starts  request users starts  request  users starts  request system's starts  response  system's starts  response  system's completes  response  system's completes  response    reaction time reaction time   response time      turn around time turn around time    think time   </slidetext><slidetext slideid="5lj1D2G6qXZ.6qSOrvXtd2H" slidebank="false" type="slide">   ‹#›   hcl talentcare: confidential  version: 1.0 release date:  07-01-2016  tools tool provider tool name hp(mercury interactive) load runner, astra load ibm(rational software) performance tester, rational robot borland(segue corp) silk performer, silk performer lite, silk central performance  manager rad view  web load compuware qa load , qc center for performance microsoft ocracoke emprix  eloadexpert  tool provider tool name hp(mercury interactive) load runner, astra load ibm(rational software) performance tester, rational robot borland(segue corp) silk performer, silk performer lite, silk central performance  manager rad view  web load compuware qa load , qc center for performance microsoft ocracoke emprix  eloadexpert</slidetext><slidetext slideid="5lj1D2G6qXZ.6MFTm4bntdL" slidebank="false" type="slide">   ‹#›   hcl talentcare: confidential  version: 1.0 release date:  07-01-2016  best practices requirements gathering  deployment scenario and process interaction usage patterns and magnitude of information submitted/retrieved increase in product user base and business growth workload pattern data retention and purging frequency quality of service (qos) environment and tools performance measure counters test planning and strategizing  preparation of workload model document usage of standard estimation model ensuring accuracy of effort estimates definition and usage of a standard release methodology ensuring higher control over deliverables and their quality  requirements gathering  deployment scenario and process interaction usage patterns and magnitude of information submitted/retrieved increase in product user base and business growth workload pattern data retention and purging frequency quality of service (qos) environment and tools performance measure counters test planning and strategizing  preparation of workload model document usage of standard estimation model ensuring accuracy of effort estimates definition and usage of a standard release methodology ensuring higher control over deliverables and their quality</slidetext><slidetext slideid="5lj1D2G6qXZ.666rqhCyRln" slidebank="false" type="slide">   ‹#›   hcl talentcare: confidential  version: 1.0 release date:  07-01-2016  best practices… (contd) test design and development  usage of test accelerators for cutting down on the test design and development timeframe coding standards and scripting guidelines usage of custom built tools and utilities for log files analysis creation and usage of reusable code maintenance of scripts in a version control tool test execution and monitoring  develop shell scripts for monitoring servers periodic checking for health of the servers and monitored parameters during extended tests execute tests multiple times to get consistent results test analysis and reporting  inbuilt tools to extract relevant information from the logs  pre-defined set of graphs and values that can easily isolate bottlenecks  test design and development  usage of test accelerators for cutting down on the test design and development timeframe coding standards and scripting guidelines usage of custom built tools and utilities for log files analysis creation and usage of reusable code maintenance of scripts in a version control tool test execution and monitoring  develop shell scripts for monitoring servers periodic checking for health of the servers and monitored parameters during extended tests execute tests multiple times to get consistent results test analysis and reporting  inbuilt tools to extract relevant information from the logs  pre-defined set of graphs and values that can easily isolate bottlenecks</slidetext><slidetext slideid="5lj1D2G6qXZ.5hVntsHI6VS" slidebank="false" type="slide">   ‹#›   hcl talentcare: confidential  version: 1.0 release date:  07-01-2016  typical challenges clear definition of benchmarks and sign-off on benchmarksdefining the load patterns and durations of load testshow long should an endurance / volume test run?failures during executionrequirements for the system are not well documented beforehand and are not realistic to the clients’ needs availability of performance test environmentdifficult to catch up if you fall behind scheduletest data creation</slidetext><slidetext slideid="5lj1D2G6qXZ.5mmfJgt40q7" slidebank="false" type="slide">   ‹#›   hcl talentcare: confidential  version: 1.0 release date:  07-01-2016  post session –case study read the case study provided  in the post session activity uploaded in the lms</slidetext><slidetext slideid="5lj1D2G6qXZ.6rE9VBNfchI" slidebank="false" type="slide">   ‹#›   hcl talentcare: confidential  version: 1.0 release date:  07-01-2016  post session activity -quiz which of the following is not a client side statistics in load testinga. hits per secondb. throughputc. cache hit ratiod. transaction per second</slidetext><slidetext slideid="5lj1D2G6qXZ.6V6zeuXMho0" slidebank="false" type="slide">   ‹#›   hcl talentcare: confidential  version: 1.0 release date:  07-01-2016  post session activity -quiz feasibility study is more important before load testing of _____________a. web applicationsb. client- server applicationsc. mainframe applicationsd. citrix application</slidetext><slidetext slideid="5lj1D2G6qXZ.66nEb1dn3cV" slidebank="false" type="slide">     hcl talentcare: confidential  version: 1.0 release date:  07-01-2016  this document contains information that is proprietary and confidential to hcl talentcare private limited and shall not be disclosed outside the recipient's company or duplicated, used or disclosed in whole or in part by the recipient for any purpose other than to evaluate this document. any other use or disclosure in whole or in part of this information without the express written permission of hcl talentcare private limited is prohibited. further, this document does not constitute a contract to perform servicesthe reader should not act upon the information contained in this document without obtaining specific professional advice. no representation or warranty (express or implied) is given as to the accuracy or completeness of the information contained in this presentation, and, to the extent permitted by law; hcl talentcare private limited, its consultants, its members, employees and agents accept no liability, and disclaim all responsibility, for the consequences of reader or anyone else acting, or refraining to act, in reliance on the information contained in this document or for any decision based on it. thank you</slidetext></search></nav_data><resource_data description="" /><transcript_data><slidetranscripts><slidetranscript slideid="5lj1D2G6qXZ.5e6P8BXRcs8" slidebank="false" type="slide" noteswf="presentation_content/notes/5e6P8BXRcs8.swf" notespng="mobile/notes/5e6P8BXRcs8.png">&lt;html&gt;&lt;p align='left'&gt;&lt;textformat leading='1' tabstops='[48, 96]' leftmargin='0' indent='0'&gt;&lt;font face='Microsoft Sans Serif' size='10.9933pt' color='#000000'&gt;Let us now understand the steps involved in Load Testing. &lt;br&gt;The first step involves the identification of Performance Acceptance Criteria.&lt;br&gt;Test objectives frequently include the following:  &lt;br&gt;a. Response time.  For example, the product catalog must be displayed in less than 3 seconds. &lt;br&gt;b. Throughput.  For example, the system must support 100 transactions per second. &lt;br&gt;c. Resource utilization.  A frequently overlooked aspect is the amount of resources your application is consuming, in terms of processor, memory, disk input output (I/O), and network I/O. •   Maximum user load.  This test objective determines how many users can run on a specific hardware configuration. &lt;br&gt;d. Business related metrics.  This objective is mapped to business volume at normal and peak values; for example, the number of orders or Help desk calls handled at a given time. &lt;br&gt;The second step in the Load Testing process involves the identification of Key scenarios. Scenarios are anticipated user paths that generally incorporate multiple application activities. Key scenarios are those for which you have specific performance goals, those considered to be high-risk, those that are most commonly used, or those with a significant performance impact. &lt;br&gt;The third step involves creation of a workload model. A user scenario is defined as a navigational path, including intermediate steps or activities, taken by the user to complete a task. This can also be thought of as a user session.  A user will typically pause between pages during a session. This is known as user delay or think time.  A session will have an average duration when viewed across multiple users. It is important to account for this when defining the load levels that will translate into concurrent usage, overlapping users, or user sessions per unit of time.  Not all scenarios can be performed by a new user, a returning user, or either; know who you expect your primary users to be and test accordingly. &lt;br&gt;The fourth step in the Load Testing process involves the identification of Target Load Levels to be applied to the workload distribution(s) identified during the previous step. The purpose of identifying target load levels is to ensure that your tests can be used to predict or compare a variety of production load conditions.&lt;br&gt;The fifth step involves the identification of metrics. There is a virtually unlimited number of metrics that can be collected during a performance test execution. However, collecting too many metrics can make analysis unwieldy as well as negatively impact the application’s actual performance. or these reasons, it is important to identify the metrics that are most relevant to your performance objectives and those that you anticipate will help you to identify bottlenecks. &lt;br&gt;The sixth step involves the design of specific tests. Using your scenarios, key metrics, and workload analysis, you can now design specific tests to be conducted. Each test will generally have a different purpose, collect different data, include different scenarios, and have different target load levels. The key is to design tests that will help the team collect the information it needs in order to understand, evaluate, or tune the application&lt;br&gt;The penultimate step involves execution of the load tests.&lt;br&gt;The final step involves results of the load tests that have been conducted. We can analyze the test results to find performance bottlenecks between each test run or after all testing has been completed. Analyzing the results correctly requires training and experience with graphing correlated response time and system data. &lt;/font&gt;&lt;/textformat&gt;&lt;/p&gt;&lt;/html&gt;</slidetranscript><slidetranscript slideid="5lj1D2G6qXZ.6QTgsNgVR1b" slidebank="false" type="slide" noteswf="presentation_content/notes/6QTgsNgVR1b.swf" notespng="mobile/notes/6QTgsNgVR1b.png">&lt;html&gt;&lt;p align='left'&gt;&lt;textformat leading='1' tabstops='[48, 96]' leftmargin='0' indent='0'&gt;&lt;font face='Microsoft Sans Serif' size='10.9933pt' color='#000000'&gt;Performance Testing cannot be done manually. Using manual methods we will be unable to create the loads or the user patterns. It would be expensive, requiring large amounts of both personnel and machinery. &lt;br&gt;&lt;br&gt;Hence, performance testing is generally done using an automated tool. Using a tool gives us the following advantages:&lt;br&gt;It solves the resource limitations. We can run many Vusers on a few machines. We would be able to control and manages the virtual users and analyze the results with graphs and reports. &lt;br&gt;&lt;tab&gt;&lt;/tab&gt;&lt;br&gt;&lt;br&gt;&lt;/font&gt;&lt;/textformat&gt;&lt;/p&gt;&lt;/html&gt;</slidetranscript><slidetranscript slideid="5lj1D2G6qXZ.5yj9TDIEOaC" slidebank="false" type="slide" noteswf="presentation_content/notes/5yj9TDIEOaC.swf" notespng="mobile/notes/5yj9TDIEOaC.png">&lt;html&gt;&lt;p align='left'&gt;&lt;textformat leading='1' tabstops='[48, 96]' leftmargin='0' indent='0'&gt;&lt;font face='Microsoft Sans Serif' size='10.9933pt' color='#000000'&gt;Carefully notice the set up given in the image on the slide. You have a performance tester who simulates different virtual users. These virtual user’s work on the load generator. The controller is the machine you designate to manage and maintain your  scenarios and allows you to control all the virtual users of the scenario from a  single location. The scenarios and transactions that run on the load generators makes calls to the web application server and the database server. The response time from all these locations are monitored and measured.&lt;br&gt;&lt;br&gt;This is a typical Performance Testing set up.&lt;/font&gt;&lt;/textformat&gt;&lt;/p&gt;&lt;/html&gt;</slidetranscript><slidetranscript slideid="5lj1D2G6qXZ.5uDDeO3KQLI" slidebank="false" type="slide" noteswf="presentation_content/notes/5uDDeO3KQLI.swf" notespng="mobile/notes/5uDDeO3KQLI.png">&lt;html&gt;&lt;p align='left'&gt;&lt;textformat leading='1' tabstops='[48, 96]' leftmargin='0' indent='0'&gt;&lt;font face='Microsoft Sans Serif' size='10.9933pt' color='#000000'&gt;The image that you see on the screen depicts the various timings that we measure during a performance testing. The parameters of Reaction time, Response time, and think time are explained diagrammatically.&lt;br&gt;The time between the instant when the user finishes his request and the system starts execution is called reaction time.&lt;br&gt;The time between the instant when the user finishes his request and the system starts or completes its response is called Response time. &lt;br&gt;The time between the instant when the system completes its response and the user starts his next request is called Think time.&lt;/font&gt;&lt;/textformat&gt;&lt;/p&gt;&lt;/html&gt;</slidetranscript></slidetranscripts></transcript_data><glossary_data /></bwFrame>