<?xml version="1.0" encoding="utf-8"?>
<manifest identifier="_4umpHvPqJt7_course_id" version="1.0" xmlns="http://www.imsproject.org/xsd/imscp_rootv1p1p2" xmlns:adlcp="http://www.adlnet.org/xsd/adlcp_rootv1p2" xmlns:xsi="http://www.w3.org/2001/XMLSchema-instance" xsi:schemaLocation="http://www.imsproject.org/xsd/imscp_rootv1p1p2 imscp_rootv1p1p2.xsd http://www.imsglobal.org/xsd/imsmd_rootv1p2p1 imsmd_rootv1p2p1.xsd http://www.adlnet.org/xsd/adlcp_rootv1p2 adlcp_rootv1p2.xsd">
  <metadata>
    <schema>ADL SCORM</schema>
    <schemaversion>1.2</schemaversion>
    <lom xmlns="http://www.imsglobal.org/xsd/imsmd_rootv1p2p1" xmlns:xsi="http://www.w3.org/2001/XMLSchema-instance" xsi:schemaLocation="http://www.imsglobal.org/xsd/imsmd_rootv1p2p1 imsmd_rootv1p2p1.xsd">
      <general>
        <title>
          <langstring xml:lang="x-none">LevelsOfTesting</langstring>
        </title>
      </general>
      <lifecycle>
        <version>
          <langstring xml:lang="x-none">1</langstring>
        </version>
        <status>
          <source>
            <langstring xml:lang="x-none">LOMv1.0</langstring>
          </source>
          <value>
            <langstring xml:lang="x-none">Final</langstring>
          </value>
        </status>
      </lifecycle>
      <metametadata>
        <metadatascheme>ADL SCORM 1.2</metadatascheme>
      </metametadata>
      <educational>
        <typicallearningtime>
          <datetime>PT0H0M0S</datetime>
        </typicallearningtime>
      </educational>
      <rights>
        <cost>
          <source>
            <langstring xml:lang="x-none">LOMv1.0</langstring>
          </source>
          <value>
            <langstring xml:lang="x-none">yes</langstring>
          </value>
        </cost>
        <copyrightandotherrestrictions>
          <source>
            <langstring xml:lang="x-none">LOMv1.0</langstring>
          </source>
          <value>
            <langstring xml:lang="x-none">yes</langstring>
          </value>
        </copyrightandotherrestrictions>
      </rights>
    </lom>
  </metadata>
  <organizations default="LevelsOfTesting_ORG">
    <organization identifier="LevelsOfTesting_ORG">
      <title>LevelsOfTesting</title>
      <item identifier="LevelsOfTesting_SCO" isvisible="true" identifierref="__4umpHvPqJt7_course_id_RES">
        <title>LevelsOfTesting</title>
      </item>
    </organization>
  </organizations>
  <resources>
    <resource identifier="__4umpHvPqJt7_course_id_RES" type="webcontent" href="index_lms.html" adlcp:scormtype="sco">
      <file href="presentation_content/thumbnail.jpg" />
      <file href="presentation_content/6GFnElSQXFH_d11_HCLTemplatecl465_TitleSlideshp14_80_DX1440_DY1440.swf" />
      <file href="mobile/6GFnElSQXFH_d11_HCLTemplatecl465_TitleSlideshp14_80_DX1440_DY1440_CX720_CY278.png" />
      <file href="presentation_content/6GFnElSQXFH_d11_HCLTemplatecl465_TitleSlideshp2_80_DX1440_DY1440.swf" />
      <file href="mobile/6GFnElSQXFH_d11_HCLTemplatecl465_TitleSlideshp2_80_DX1440_DY1440_CX720_CY21.png" />
      <file href="presentation_content/6GFnElSQXFH_d11_HCLTemplatecl465_TitleSlideshp15_80_DX1116_DY1116.swf" />
      <file href="mobile/6GFnElSQXFH_d11_HCLTemplatecl465_TitleSlideshp15_80_DX1116_DY1116_CX558_CY76.png" />
      <file href="presentation_content/6GFnElSQXFH_5yLZTw9zZr4_80_DX216_DY216.swf" />
      <file href="mobile/6GFnElSQXFH_5yLZTw9zZr4_80_DX216_DY216_CX108_CY38.png" />
      <file href="presentation_content/6GFnElSQXFH_d11_HCLTemplatesmshp19_80_DX1116_DY1116.swf" />
      <file href="mobile/6GFnElSQXFH_d11_HCLTemplatesmshp19_80_DX1116_DY1116_CX558_CY76.png" />
      <file href="presentation_content/6GFnElSQXFH_6Gsis6O4eS2_80_DX216_DY216.swf" />
      <file href="mobile/6GFnElSQXFH_6Gsis6O4eS2_80_DX216_DY216_CX108_CY38.png" />
      <file href="presentation_content/6GFnElSQXFH_5ulSrDdYfiW_80_DX1350_DY1350.swf" />
      <file href="mobile/6GFnElSQXFH_5ulSrDdYfiW_80_DX1350_DY1350_CX675_CY262.png" />
      <file href="presentation_content/6GFnElSQXFH_5ty5bmJnqao_80_DX216_DY216.swf" />
      <file href="mobile/6GFnElSQXFH_5ty5bmJnqao_80_DX216_DY216_CX108_CY38.png" />
      <file href="presentation_content/6GFnElSQXFH_5cLQSlsMl6t_80_DX1350_DY1350.swf" />
      <file href="mobile/6GFnElSQXFH_5cLQSlsMl6t_80_DX1350_DY1350_CX675_CY262.png" />
      <file href="presentation_content/6GFnElSQXFH_6MNnAtwVzC6_80_DX216_DY216.swf" />
      <file href="mobile/6GFnElSQXFH_6MNnAtwVzC6_80_DX216_DY216_CX108_CY38.png" />
      <file href="presentation_content/6GFnElSQXFH_5g16LqF0jvU_80_DX1350_DY1350.swf" />
      <file href="mobile/6GFnElSQXFH_5g16LqF0jvU_80_DX1350_DY1350_CX675_CY262.png" />
      <file href="presentation_content/6GFnElSQXFH_5a52VIV3s1x_80_DX216_DY216.swf" />
      <file href="mobile/6GFnElSQXFH_5a52VIV3s1x_80_DX216_DY216_CX108_CY38.png" />
      <file href="presentation_content/6GFnElSQXFH_6bFp7Sy4eFl_80_DX1350_DY1350.swf" />
      <file href="mobile/6GFnElSQXFH_6bFp7Sy4eFl_80_DX1350_DY1350_CX675_CY262.png" />
      <file href="presentation_content/6GFnElSQXFH_5XOZs1REcaA_80_DX216_DY216.swf" />
      <file href="mobile/6GFnElSQXFH_5XOZs1REcaA_80_DX216_DY216_CX108_CY38.png" />
      <file href="presentation_content/6GFnElSQXFH_6ZBgkIO4kmB_80_DX1350_DY1350.swf" />
      <file href="mobile/6GFnElSQXFH_6ZBgkIO4kmB_80_DX1350_DY1350_CX675_CY262.png" />
      <file href="presentation_content/6GFnElSQXFH_sl675shp20_80_DX270_DY270.swf" />
      <file href="mobile/6GFnElSQXFH_sl675shp20_80_DX270_DY270_CX135_CY51.png" />
      <file href="presentation_content/6GFnElSQXFH_sl675shp22_80_DX258_DY258.swf" />
      <file href="mobile/6GFnElSQXFH_sl675shp22_80_DX258_DY258_CX129_CY51.png" />
      <file href="presentation_content/6GFnElSQXFH_sl675shp23_80_DX244_DY244.swf" />
      <file href="mobile/6GFnElSQXFH_sl675shp23_80_DX244_DY244_CX122_CY50.png" />
      <file href="presentation_content/6GFnElSQXFH_sl675shp24_80_DX200_DY200.swf" />
      <file href="mobile/6GFnElSQXFH_sl675shp24_80_DX200_DY200_CX100_CY51.png" />
      <file href="presentation_content/6GFnElSQXFH_6V7LpNcchlD_80_DX216_DY216.swf" />
      <file href="mobile/6GFnElSQXFH_6V7LpNcchlD_80_DX216_DY216_CX108_CY38.png" />
      <file href="presentation_content/6GFnElSQXFH_5wOeIK04nOm_80_DX1350_DY1350.swf" />
      <file href="mobile/6GFnElSQXFH_5wOeIK04nOm_80_DX1350_DY1350_CX675_CY262.png" />
      <file href="presentation_content/6GFnElSQXFH_5l5uBCvvc73_80_DX216_DY216.swf" />
      <file href="mobile/6GFnElSQXFH_5l5uBCvvc73_80_DX216_DY216_CX108_CY38.png" />
      <file href="presentation_content/6GFnElSQXFH_6lVziQROrM9_80_DX1350_DY1350.swf" />
      <file href="mobile/6GFnElSQXFH_6lVziQROrM9_80_DX1350_DY1350_CX675_CY262.png" />
      <file href="presentation_content/6GFnElSQXFH_6cjV77ykYRy_80_DX216_DY216.swf" />
      <file href="mobile/6GFnElSQXFH_6cjV77ykYRy_80_DX216_DY216_CX108_CY38.png" />
      <file href="presentation_content/6GFnElSQXFH_5XrV2mCm5Ht_80_DX1350_DY1350.swf" />
      <file href="mobile/6GFnElSQXFH_5XrV2mCm5Ht_80_DX1350_DY1350_CX675_CY262.png" />
      <file href="presentation_content/6GFnElSQXFH_5lRWu4iCC0H_80_DX216_DY216.swf" />
      <file href="mobile/6GFnElSQXFH_5lRWu4iCC0H_80_DX216_DY216_CX108_CY38.png" />
      <file href="presentation_content/6GFnElSQXFH_5nss2Rxdwd3_80_DX1350_DY1350.swf" />
      <file href="mobile/6GFnElSQXFH_5nss2Rxdwd3_80_DX1350_DY1350_CX675_CY262.png" />
      <file href="presentation_content/6GFnElSQXFH_5fW9zvmUubH_80_DX216_DY216.swf" />
      <file href="mobile/6GFnElSQXFH_5fW9zvmUubH_80_DX216_DY216_CX108_CY38.png" />
      <file href="presentation_content/6GFnElSQXFH_5XiA8Wgf0FL_80_DX1350_DY1350.swf" />
      <file href="mobile/6GFnElSQXFH_5XiA8Wgf0FL_80_DX1350_DY1350_CX675_CY262.png" />
      <file href="presentation_content/6GFnElSQXFH_6B7h3HsErU7_80_DX216_DY216.swf" />
      <file href="mobile/6GFnElSQXFH_6B7h3HsErU7_80_DX216_DY216_CX108_CY38.png" />
      <file href="presentation_content/6GFnElSQXFH_6EYy8z5MjLv_80_DX1350_DY1350.swf" />
      <file href="mobile/6GFnElSQXFH_6EYy8z5MjLv_80_DX1350_DY1350_CX675_CY262.png" />
      <file href="presentation_content/6GFnElSQXFH_6LyvEeDKQM5_80_DX216_DY216.swf" />
      <file href="mobile/6GFnElSQXFH_6LyvEeDKQM5_80_DX216_DY216_CX108_CY38.png" />
      <file href="presentation_content/6GFnElSQXFH_6qHQP9cRJng_80_DX1350_DY1350.swf" />
      <file href="mobile/6GFnElSQXFH_6qHQP9cRJng_80_DX1350_DY1350_CX675_CY262.png" />
      <file href="presentation_content/6GFnElSQXFH_5van5Qzi2dP_80_DX216_DY216.swf" />
      <file href="mobile/6GFnElSQXFH_5van5Qzi2dP_80_DX216_DY216_CX108_CY38.png" />
      <file href="presentation_content/6GFnElSQXFH_6QdtV6gqzKM_80_DX1350_DY1350.swf" />
      <file href="mobile/6GFnElSQXFH_6QdtV6gqzKM_80_DX1350_DY1350_CX675_CY262.png" />
      <file href="presentation_content/6GFnElSQXFH_6paqnOmuIgS_80_DX216_DY216.swf" />
      <file href="mobile/6GFnElSQXFH_6paqnOmuIgS_80_DX216_DY216_CX108_CY38.png" />
      <file href="presentation_content/6GFnElSQXFH_6hqiPavQPhU_80_DX1350_DY1350.swf" />
      <file href="mobile/6GFnElSQXFH_6hqiPavQPhU_80_DX1350_DY1350_CX675_CY262.png" />
      <file href="presentation_content/6GFnElSQXFH_5rivLF8Caw5_80_DX216_DY216.swf" />
      <file href="mobile/6GFnElSQXFH_5rivLF8Caw5_80_DX216_DY216_CX108_CY38.png" />
      <file href="presentation_content/6GFnElSQXFH_5iYu1RcnMvI_80_DX1350_DY1350.swf" />
      <file href="mobile/6GFnElSQXFH_5iYu1RcnMvI_80_DX1350_DY1350_CX675_CY262.png" />
      <file href="presentation_content/6GFnElSQXFH_5cKcm3hbprG_80_DX216_DY216.swf" />
      <file href="mobile/6GFnElSQXFH_5cKcm3hbprG_80_DX216_DY216_CX108_CY38.png" />
      <file href="presentation_content/6GFnElSQXFH_67ccZf8XcZN_80_DX1350_DY1350.swf" />
      <file href="mobile/6GFnElSQXFH_67ccZf8XcZN_80_DX1350_DY1350_CX675_CY262.png" />
      <file href="presentation_content/6GFnElSQXFH_5cjC35JFEkO_80_DX216_DY216.swf" />
      <file href="mobile/6GFnElSQXFH_5cjC35JFEkO_80_DX216_DY216_CX108_CY38.png" />
      <file href="presentation_content/6GFnElSQXFH_6o9wtkJcUtx_80_DX1350_DY1350.swf" />
      <file href="mobile/6GFnElSQXFH_6o9wtkJcUtx_80_DX1350_DY1350_CX675_CY262.png" />
      <file href="presentation_content/6GFnElSQXFH_6ILTMCNiLSf_80_DX216_DY216.swf" />
      <file href="mobile/6GFnElSQXFH_6ILTMCNiLSf_80_DX216_DY216_CX108_CY38.png" />
      <file href="presentation_content/6GFnElSQXFH_6mQIpnh3aCn_80_DX1350_DY1350.swf" />
      <file href="mobile/6GFnElSQXFH_6mQIpnh3aCn_80_DX1350_DY1350_CX675_CY262.png" />
      <file href="presentation_content/6GFnElSQXFH_6hNH5Ryq3oC_80_DX216_DY216.swf" />
      <file href="mobile/6GFnElSQXFH_6hNH5Ryq3oC_80_DX216_DY216_CX108_CY38.png" />
      <file href="presentation_content/6GFnElSQXFH_6KXaQegklR5_80_DX1350_DY1350.swf" />
      <file href="mobile/6GFnElSQXFH_6KXaQegklR5_80_DX1350_DY1350_CX675_CY262.png" />
      <file href="presentation_content/6GFnElSQXFH_6l7TVY6xxhJ_80_DX216_DY216.swf" />
      <file href="mobile/6GFnElSQXFH_6l7TVY6xxhJ_80_DX216_DY216_CX108_CY38.png" />
      <file href="presentation_content/6GFnElSQXFH_6mL9hj4znrh_80_DX1350_DY1350.swf" />
      <file href="mobile/6GFnElSQXFH_6mL9hj4znrh_80_DX1350_DY1350_CX675_CY262.png" />
      <file href="presentation_content/6GFnElSQXFH_5bjuwpGnR88_80_DX216_DY216.swf" />
      <file href="mobile/6GFnElSQXFH_5bjuwpGnR88_80_DX216_DY216_CX108_CY38.png" />
      <file href="presentation_content/6GFnElSQXFH_6aysfTWJbtg_80_DX1350_DY1350.swf" />
      <file href="mobile/6GFnElSQXFH_6aysfTWJbtg_80_DX1350_DY1350_CX675_CY262.png" />
      <file href="presentation_content/6GFnElSQXFH_6gg5c0gxDJb_80_DX216_DY216.swf" />
      <file href="mobile/6GFnElSQXFH_6gg5c0gxDJb_80_DX216_DY216_CX108_CY38.png" />
      <file href="presentation_content/6GFnElSQXFH_6Nd8NwYdXIU_80_DX1350_DY1350.swf" />
      <file href="mobile/6GFnElSQXFH_6Nd8NwYdXIU_80_DX1350_DY1350_CX675_CY262.png" />
      <file href="presentation_content/6GFnElSQXFH_5ryJwFxTMcY_80_DX216_DY216.swf" />
      <file href="mobile/6GFnElSQXFH_5ryJwFxTMcY_80_DX216_DY216_CX108_CY38.png" />
      <file href="presentation_content/6GFnElSQXFH_62ADwHIxEQr_80_DX1350_DY1350.swf" />
      <file href="mobile/6GFnElSQXFH_62ADwHIxEQr_80_DX1350_DY1350_CX675_CY262.png" />
      <file href="presentation_content/6GFnElSQXFH_61HnKE8SbQ3_80_DX216_DY216.swf" />
      <file href="mobile/6GFnElSQXFH_61HnKE8SbQ3_80_DX216_DY216_CX108_CY38.png" />
      <file href="presentation_content/6GFnElSQXFH_6ks3Hzuajkk_80_DX1350_DY1350.swf" />
      <file href="mobile/6GFnElSQXFH_6ks3Hzuajkk_80_DX1350_DY1350_CX675_CY262.png" />
      <file href="presentation_content/6GFnElSQXFH_6rD5gMMni5a_80_DX216_DY216.swf" />
      <file href="mobile/6GFnElSQXFH_6rD5gMMni5a_80_DX216_DY216_CX108_CY38.png" />
      <file href="presentation_content/6GFnElSQXFH_6n2CKjd5ESC_80_DX1350_DY1350.swf" />
      <file href="mobile/6GFnElSQXFH_6n2CKjd5ESC_80_DX1350_DY1350_CX675_CY262.png" />
      <file href="presentation_content/6GFnElSQXFH_6E3r17khRYs_80_DX216_DY216.swf" />
      <file href="mobile/6GFnElSQXFH_6E3r17khRYs_80_DX216_DY216_CX108_CY38.png" />
      <file href="presentation_content/6GFnElSQXFH_6Wdu1oGanNr_80_DX1350_DY1350.swf" />
      <file href="mobile/6GFnElSQXFH_6Wdu1oGanNr_80_DX1350_DY1350_CX675_CY262.png" />
      <file href="presentation_content/6GFnElSQXFH_6hWcIfjGoqe_80_DX216_DY216.swf" />
      <file href="mobile/6GFnElSQXFH_6hWcIfjGoqe_80_DX216_DY216_CX108_CY38.png" />
      <file href="presentation_content/6GFnElSQXFH_5cjyPg1crxB_80_DX1350_DY1350.swf" />
      <file href="mobile/6GFnElSQXFH_5cjyPg1crxB_80_DX1350_DY1350_CX675_CY262.png" />
      <file href="presentation_content/6GFnElSQXFH_6Bz7zKE8dhn_80_DX216_DY216.swf" />
      <file href="mobile/6GFnElSQXFH_6Bz7zKE8dhn_80_DX216_DY216_CX108_CY38.png" />
      <file href="presentation_content/6GFnElSQXFH_5ghGF5clL8x_80_DX1350_DY1350.swf" />
      <file href="mobile/6GFnElSQXFH_5ghGF5clL8x_80_DX1350_DY1350_CX675_CY262.png" />
      <file href="presentation_content/6GFnElSQXFH_6dPz9QXFqeQ_80_DX216_DY216.swf" />
      <file href="mobile/6GFnElSQXFH_6dPz9QXFqeQ_80_DX216_DY216_CX108_CY38.png" />
      <file href="presentation_content/6GFnElSQXFH_6oBl01Qed8D_80_DX1350_DY1350.swf" />
      <file href="mobile/6GFnElSQXFH_6oBl01Qed8D_80_DX1350_DY1350_CX675_CY262.png" />
      <file href="presentation_content/6GFnElSQXFH_6Xdf74EiFtL_80_DX216_DY216.swf" />
      <file href="mobile/6GFnElSQXFH_6Xdf74EiFtL_80_DX216_DY216_CX108_CY38.png" />
      <file href="presentation_content/6GFnElSQXFH_6TlilzKqrJo_80_DX1350_DY1350.swf" />
      <file href="mobile/6GFnElSQXFH_6TlilzKqrJo_80_DX1350_DY1350_CX675_CY262.png" />
      <file href="presentation_content/6GFnElSQXFH_6jBRCjE0iTZ_80_DX216_DY216.swf" />
      <file href="mobile/6GFnElSQXFH_6jBRCjE0iTZ_80_DX216_DY216_CX108_CY38.png" />
      <file href="presentation_content/6GFnElSQXFH_5qAXPJSIWGX_80_DX1350_DY1350.swf" />
      <file href="mobile/6GFnElSQXFH_5qAXPJSIWGX_80_DX1350_DY1350_CX675_CY262.png" />
      <file href="presentation_content/6GFnElSQXFH_5eqNqndgqUq_80_DX216_DY216.swf" />
      <file href="mobile/6GFnElSQXFH_5eqNqndgqUq_80_DX216_DY216_CX108_CY38.png" />
      <file href="presentation_content/6GFnElSQXFH_6bZReuXNkAs_80_DX1350_DY1350.swf" />
      <file href="mobile/6GFnElSQXFH_6bZReuXNkAs_80_DX1350_DY1350_CX675_CY262.png" />
      <file href="presentation_content/6GFnElSQXFH_6Cchv8hfsOr_80_DX216_DY216.swf" />
      <file href="mobile/6GFnElSQXFH_6Cchv8hfsOr_80_DX216_DY216_CX108_CY38.png" />
      <file href="presentation_content/6GFnElSQXFH_60GKE0fQLBz_80_DX1350_DY1350.swf" />
      <file href="mobile/6GFnElSQXFH_60GKE0fQLBz_80_DX1350_DY1350_CX675_CY262.png" />
      <file href="presentation_content/6GFnElSQXFH_5V62WDrlGsZ_80_DX216_DY216.swf" />
      <file href="mobile/6GFnElSQXFH_5V62WDrlGsZ_80_DX216_DY216_CX108_CY38.png" />
      <file href="presentation_content/6GFnElSQXFH_5XjYOk1sa1N_80_DX1350_DY1350.swf" />
      <file href="mobile/6GFnElSQXFH_5XjYOk1sa1N_80_DX1350_DY1350_CX675_CY262.png" />
      <file href="presentation_content/6GFnElSQXFH_5vBjhbGIuxY_80_DX216_DY216.swf" />
      <file href="mobile/6GFnElSQXFH_5vBjhbGIuxY_80_DX216_DY216_CX108_CY38.png" />
      <file href="meta.xml" />
      <file href="mobile/68Xd4j3EsGZ.jpg" />
      <file href="presentation_content/logo.swf" />
      <file href="presentation_content/frame.xml" />
      <file href="presentation_content/frame.js" />
      <file href="presentation_content/user.js" />
      <file href="presentation_unsupported.html" />
      <file href="mobile/Slide6GFnElSQXFH_d1sm.jpg" />
      <file href="mobile/app_store.png" />
      <file href="mobile/linen_background.jpg" />
      <file href="mobile/mobile_icon.png" />
      <file href="mobile/player.css" />
      <file href="mobile/player_compiled.js" />
      <file href="presentation_content/fonts.swf" />
      <file href="mobile/fonts.js" />
      <file href="presentation.swf" />
      <file href="presentation_content/frame.swf" />
      <file href="presentation_content/slides/5stTkNSoOpr.swf" />
      <file href="mobile/slides/5stTkNSoOpr.js" />
      <file href="presentation_content/slides/5dM9oemvgKh.swf" />
      <file href="mobile/slides/5dM9oemvgKh.js" />
      <file href="presentation_content/slides/6MGMtH4tafa.swf" />
      <file href="mobile/slides/6MGMtH4tafa.js" />
      <file href="presentation_content/slides/6h5nrfeaTsD.swf" />
      <file href="mobile/slides/6h5nrfeaTsD.js" />
      <file href="presentation_content/slides/5xQC2d1vihS.swf" />
      <file href="mobile/slides/5xQC2d1vihS.js" />
      <file href="presentation_content/slides/6bpZenxVux7.swf" />
      <file href="mobile/slides/6bpZenxVux7.js" />
      <file href="presentation_content/slides/6VtciuOv4uC.swf" />
      <file href="mobile/slides/6VtciuOv4uC.js" />
      <file href="presentation_content/slides/6g0aw8umjk6.swf" />
      <file href="mobile/slides/6g0aw8umjk6.js" />
      <file href="presentation_content/slides/608z7S7xTCL.swf" />
      <file href="mobile/slides/608z7S7xTCL.js" />
      <file href="presentation_content/slides/6G5lBMPfIWr.swf" />
      <file href="mobile/slides/6G5lBMPfIWr.js" />
      <file href="presentation_content/slides/6XXgpWUMaCS.swf" />
      <file href="mobile/slides/6XXgpWUMaCS.js" />
      <file href="presentation_content/slides/6du1GtmW3zP.swf" />
      <file href="mobile/slides/6du1GtmW3zP.js" />
      <file href="presentation_content/slides/6nmf9KaFjCn.swf" />
      <file href="mobile/slides/6nmf9KaFjCn.js" />
      <file href="presentation_content/slides/65R2luxNiV5.swf" />
      <file href="mobile/slides/65R2luxNiV5.js" />
      <file href="presentation_content/slides/5gUel4pWOpV.swf" />
      <file href="mobile/slides/5gUel4pWOpV.js" />
      <file href="presentation_content/slides/67sgiSjBKu9.swf" />
      <file href="mobile/slides/67sgiSjBKu9.js" />
      <file href="presentation_content/slides/6p8NzjUNP3S.swf" />
      <file href="mobile/slides/6p8NzjUNP3S.js" />
      <file href="presentation_content/slides/5mYUH8tiHEf.swf" />
      <file href="mobile/slides/5mYUH8tiHEf.js" />
      <file href="presentation_content/slides/6mLD4Kowk2o.swf" />
      <file href="mobile/slides/6mLD4Kowk2o.js" />
      <file href="presentation_content/slides/6PlDSe9k582.swf" />
      <file href="mobile/slides/6PlDSe9k582.js" />
      <file href="presentation_content/slides/5achx3JsQWD.swf" />
      <file href="mobile/slides/5achx3JsQWD.js" />
      <file href="presentation_content/slides/6SI7OIO2lcP.swf" />
      <file href="mobile/slides/6SI7OIO2lcP.js" />
      <file href="presentation_content/slides/5l5OGULkmLM.swf" />
      <file href="mobile/slides/5l5OGULkmLM.js" />
      <file href="presentation_content/slides/6aBCkDKNpjR.swf" />
      <file href="mobile/slides/6aBCkDKNpjR.js" />
      <file href="presentation_content/slides/5jFgr2lReeg.swf" />
      <file href="mobile/slides/5jFgr2lReeg.js" />
      <file href="presentation_content/slides/6qh7g9tCFIp.swf" />
      <file href="mobile/slides/6qh7g9tCFIp.js" />
      <file href="presentation_content/slides/5kLsdKJ28ib.swf" />
      <file href="mobile/slides/5kLsdKJ28ib.js" />
      <file href="presentation_content/slides/5qcgSUGZft1.swf" />
      <file href="mobile/slides/5qcgSUGZft1.js" />
      <file href="presentation_content/slides/5kNPexhrZzp.swf" />
      <file href="mobile/slides/5kNPexhrZzp.js" />
      <file href="presentation_content/slides/60YZZ11QSuD.swf" />
      <file href="mobile/slides/60YZZ11QSuD.js" />
      <file href="presentation_content/slides/5WZmLXzlnk8.swf" />
      <file href="mobile/slides/5WZmLXzlnk8.js" />
      <file href="presentation_content/slides/5Ufo9fKg35e.swf" />
      <file href="mobile/slides/5Ufo9fKg35e.js" />
      <file href="presentation_content/slides/6G7akiZC4pr.swf" />
      <file href="mobile/slides/6G7akiZC4pr.js" />
      <file href="presentation_content/slides/5YZOcwQ1JW0.swf" />
      <file href="mobile/slides/5YZOcwQ1JW0.js" />
      <file href="presentation_content/slides/5nLk8j38kzZ.swf" />
      <file href="mobile/slides/5nLk8j38kzZ.js" />
      <file href="presentation_content/slides/5vCpqT8AkNI.swf" />
      <file href="mobile/slides/5vCpqT8AkNI.js" />
      <file href="presentation_content/data.swf" />
      <file href="mobile/data.js" />
      <file href="mobile/masks.js" />
      <file href="presentation.html" />
      <file href="presentation_html5.html" />
      <file href="index_lms_html5.html" />
      <file href="presentation_content/blank.html" />
      <file href="presentation_content/presentation.js" />
      <file href="index_lms.html" />
      <file href="lms/AICCComm.html" />
      <file href="lms/AICCFunctions.js" />
      <file href="lms/API.js" />
      <file href="lms/APIConstants.js" />
      <file href="lms/blank.html" />
      <file href="lms/browsersniff.js" />
      <file href="lms/Configuration.js" />
      <file href="lms/goodbye.html" />
      <file href="lms/lms.js" />
      <file href="lms/LMSAPI.js" />
      <file href="lms/NONEFunctions.js" />
      <file href="lms/SCORM2004Functions.js" />
      <file href="lms/SCORMFunctions.js" />
      <file href="lms/UtilityFunctions.js" />
    </resource>
  </resources>
</manifest>