<?xml version="1.0" encoding="utf-8"?>
<manifest identifier="_4jtDmYeCtzr_course_id" version="1.0" xmlns="http://www.imsproject.org/xsd/imscp_rootv1p1p2" xmlns:adlcp="http://www.adlnet.org/xsd/adlcp_rootv1p2" xmlns:xsi="http://www.w3.org/2001/XMLSchema-instance" xsi:schemaLocation="http://www.imsproject.org/xsd/imscp_rootv1p1p2 imscp_rootv1p1p2.xsd http://www.imsglobal.org/xsd/imsmd_rootv1p2p1 imsmd_rootv1p2p1.xsd http://www.adlnet.org/xsd/adlcp_rootv1p2 adlcp_rootv1p2.xsd">
  <metadata>
    <schema>ADL SCORM</schema>
    <schemaversion>1.2</schemaversion>
    <lom xmlns="http://www.imsglobal.org/xsd/imsmd_rootv1p2p1" xmlns:xsi="http://www.w3.org/2001/XMLSchema-instance" xsi:schemaLocation="http://www.imsglobal.org/xsd/imsmd_rootv1p2p1 imsmd_rootv1p2p1.xsd">
      <general>
        <title>
          <langstring xml:lang="x-none">MobileTesting</langstring>
        </title>
      </general>
      <lifecycle>
        <version>
          <langstring xml:lang="x-none">1</langstring>
        </version>
        <status>
          <source>
            <langstring xml:lang="x-none">LOMv1.0</langstring>
          </source>
          <value>
            <langstring xml:lang="x-none">Final</langstring>
          </value>
        </status>
      </lifecycle>
      <metametadata>
        <metadatascheme>ADL SCORM 1.2</metadatascheme>
      </metametadata>
      <educational>
        <typicallearningtime>
          <datetime>PT0H0M0S</datetime>
        </typicallearningtime>
      </educational>
      <rights>
        <cost>
          <source>
            <langstring xml:lang="x-none">LOMv1.0</langstring>
          </source>
          <value>
            <langstring xml:lang="x-none">yes</langstring>
          </value>
        </cost>
        <copyrightandotherrestrictions>
          <source>
            <langstring xml:lang="x-none">LOMv1.0</langstring>
          </source>
          <value>
            <langstring xml:lang="x-none">yes</langstring>
          </value>
        </copyrightandotherrestrictions>
      </rights>
    </lom>
  </metadata>
  <organizations default="MobileTesting_ORG">
    <organization identifier="MobileTesting_ORG">
      <title>MobileTesting</title>
      <item identifier="MobileTesting_SCO" isvisible="true" identifierref="__4jtDmYeCtzr_course_id_RES">
        <title>MobileTesting</title>
      </item>
    </organization>
  </organizations>
  <resources>
    <resource identifier="__4jtDmYeCtzr_course_id_RES" type="webcontent" href="index_lms.html" adlcp:scormtype="sco">
      <file href="presentation_content/thumbnail.jpg" />
      <file href="presentation_content/6T4lDRK1y9s_d11_HCLTemplatecl455_TitleSlideshp14_80_DX1440_DY1440.swf" />
      <file href="mobile/6T4lDRK1y9s_d11_HCLTemplatecl455_TitleSlideshp14_80_DX1440_DY1440_CX720_CY278.png" />
      <file href="presentation_content/6T4lDRK1y9s_d11_HCLTemplatecl455_TitleSlideshp2_80_DX1440_DY1440.swf" />
      <file href="mobile/6T4lDRK1y9s_d11_HCLTemplatecl455_TitleSlideshp2_80_DX1440_DY1440_CX720_CY21.png" />
      <file href="presentation_content/6T4lDRK1y9s_d11_HCLTemplatecl455_TitleSlideshp15_80_DX1116_DY1116.swf" />
      <file href="mobile/6T4lDRK1y9s_d11_HCLTemplatecl455_TitleSlideshp15_80_DX1116_DY1116_CX558_CY76.png" />
      <file href="presentation_content/6T4lDRK1y9s_5bZ9I8UDswi_80_DX216_DY216.swf" />
      <file href="mobile/6T4lDRK1y9s_5bZ9I8UDswi_80_DX216_DY216_CX108_CY38.png" />
      <file href="presentation_content/6T4lDRK1y9s_d11_HCLTemplatesmshp19_80_DX1116_DY1116.swf" />
      <file href="mobile/6T4lDRK1y9s_d11_HCLTemplatesmshp19_80_DX1116_DY1116_CX558_CY76.png" />
      <file href="presentation_content/6T4lDRK1y9s_62cSRQmJ927_80_DX216_DY216.swf" />
      <file href="mobile/6T4lDRK1y9s_62cSRQmJ927_80_DX216_DY216_CX108_CY38.png" />
      <file href="presentation_content/6T4lDRK1y9s_5vMIeP96xXq_80_DX1350_DY1350.swf" />
      <file href="mobile/6T4lDRK1y9s_5vMIeP96xXq_80_DX1350_DY1350_CX675_CY262.png" />
      <file href="presentation_content/6T4lDRK1y9s_5aSDn0tENjO_80_DX216_DY216.swf" />
      <file href="mobile/6T4lDRK1y9s_5aSDn0tENjO_80_DX216_DY216_CX108_CY38.png" />
      <file href="presentation_content/6T4lDRK1y9s_6Kg2qimIiSq_80_DX1350_DY1350.swf" />
      <file href="mobile/6T4lDRK1y9s_6Kg2qimIiSq_80_DX1350_DY1350_CX675_CY262.png" />
      <file href="presentation_content/6T4lDRK1y9s_5js6pY60cZa_80_DX216_DY216.swf" />
      <file href="mobile/6T4lDRK1y9s_5js6pY60cZa_80_DX216_DY216_CX108_CY38.png" />
      <file href="presentation_content/6T4lDRK1y9s_5pel6wEXRq1_80_DX1350_DY1350.swf" />
      <file href="mobile/6T4lDRK1y9s_5pel6wEXRq1_80_DX1350_DY1350_CX675_CY262.png" />
      <file href="presentation_content/6T4lDRK1y9s_6NVb8SqkKTc_80_DX216_DY216.swf" />
      <file href="mobile/6T4lDRK1y9s_6NVb8SqkKTc_80_DX216_DY216_CX108_CY38.png" />
      <file href="presentation_content/6T4lDRK1y9s_6n1qyMQIcM5_80_DX1350_DY1350.swf" />
      <file href="mobile/6T4lDRK1y9s_6n1qyMQIcM5_80_DX1350_DY1350_CX675_CY262.png" />
      <file href="presentation_content/6T4lDRK1y9s_6hiJgjSRaSR_80_DX216_DY216.swf" />
      <file href="mobile/6T4lDRK1y9s_6hiJgjSRaSR_80_DX216_DY216_CX108_CY38.png" />
      <file href="presentation_content/6T4lDRK1y9s_6ZrBZ12SDog_80_DX1350_DY1350.swf" />
      <file href="mobile/6T4lDRK1y9s_6ZrBZ12SDog_80_DX1350_DY1350_CX675_CY262.png" />
      <file href="presentation_content/6T4lDRK1y9s_60YPJGkoxG3_80_DX216_DY216.swf" />
      <file href="mobile/6T4lDRK1y9s_60YPJGkoxG3_80_DX216_DY216_CX108_CY38.png" />
      <file href="presentation_content/6T4lDRK1y9s_6fJsuCqxEip_80_DX1350_DY1350.swf" />
      <file href="mobile/6T4lDRK1y9s_6fJsuCqxEip_80_DX1350_DY1350_CX675_CY262.png" />
      <file href="presentation_content/6T4lDRK1y9s_5YAPyMzjznG_80_DX216_DY216.swf" />
      <file href="mobile/6T4lDRK1y9s_5YAPyMzjznG_80_DX216_DY216_CX108_CY38.png" />
      <file href="presentation_content/6T4lDRK1y9s_6VBGzweBknN_80_DX1350_DY1350.swf" />
      <file href="mobile/6T4lDRK1y9s_6VBGzweBknN_80_DX1350_DY1350_CX675_CY262.png" />
      <file href="presentation_content/6T4lDRK1y9s_5tCDQf2NSrr_80_DX216_DY216.swf" />
      <file href="mobile/6T4lDRK1y9s_5tCDQf2NSrr_80_DX216_DY216_CX108_CY38.png" />
      <file href="presentation_content/6T4lDRK1y9s_5iqOAj0Ldv2_80_DX1350_DY1350.swf" />
      <file href="mobile/6T4lDRK1y9s_5iqOAj0Ldv2_80_DX1350_DY1350_CX675_CY262.png" />
      <file href="presentation_content/6T4lDRK1y9s_6mebp4rLIdE_80_DX216_DY216.swf" />
      <file href="mobile/6T4lDRK1y9s_6mebp4rLIdE_80_DX216_DY216_CX108_CY38.png" />
      <file href="presentation_content/6T4lDRK1y9s_5wIwycvpdY8_80_DX1350_DY1350.swf" />
      <file href="mobile/6T4lDRK1y9s_5wIwycvpdY8_80_DX1350_DY1350_CX675_CY262.png" />
      <file href="presentation_content/6T4lDRK1y9s_677h29yt9SY_80_DX216_DY216.swf" />
      <file href="mobile/6T4lDRK1y9s_677h29yt9SY_80_DX216_DY216_CX108_CY38.png" />
      <file href="presentation_content/6T4lDRK1y9s_6VjSOsnaUUL_80_DX1350_DY1350.swf" />
      <file href="mobile/6T4lDRK1y9s_6VjSOsnaUUL_80_DX1350_DY1350_CX675_CY262.png" />
      <file href="presentation_content/6T4lDRK1y9s_6mt2jNMVnWv_80_DX216_DY216.swf" />
      <file href="mobile/6T4lDRK1y9s_6mt2jNMVnWv_80_DX216_DY216_CX108_CY38.png" />
      <file href="presentation_content/6T4lDRK1y9s_6hjl9uqS6Ja_80_DX1350_DY1350.swf" />
      <file href="mobile/6T4lDRK1y9s_6hjl9uqS6Ja_80_DX1350_DY1350_CX675_CY262.png" />
      <file href="presentation_content/6T4lDRK1y9s_65V0JbNOXqd_80_DX216_DY216.swf" />
      <file href="mobile/6T4lDRK1y9s_65V0JbNOXqd_80_DX216_DY216_CX108_CY38.png" />
      <file href="presentation_content/6T4lDRK1y9s_6cIQVGdKV4Q_80_DX1350_DY1350.swf" />
      <file href="mobile/6T4lDRK1y9s_6cIQVGdKV4Q_80_DX1350_DY1350_CX675_CY262.png" />
      <file href="presentation_content/6T4lDRK1y9s_5gQX1Rjwima_80_DX216_DY216.swf" />
      <file href="mobile/6T4lDRK1y9s_5gQX1Rjwima_80_DX216_DY216_CX108_CY38.png" />
      <file href="presentation_content/6T4lDRK1y9s_61NQbIeN32a_80_DX1350_DY1350.swf" />
      <file href="mobile/6T4lDRK1y9s_61NQbIeN32a_80_DX1350_DY1350_CX675_CY262.png" />
      <file href="presentation_content/6T4lDRK1y9s_5XyTEDnt9nG_80_DX216_DY216.swf" />
      <file href="mobile/6T4lDRK1y9s_5XyTEDnt9nG_80_DX216_DY216_CX108_CY38.png" />
      <file href="presentation_content/6T4lDRK1y9s_6mBTvpmtd1H_80_DX1350_DY1350.swf" />
      <file href="mobile/6T4lDRK1y9s_6mBTvpmtd1H_80_DX1350_DY1350_CX675_CY262.png" />
      <file href="presentation_content/6T4lDRK1y9s_6RSSzDWclH3_80_DX1186_DY1186.swf" />
      <file href="mobile/6T4lDRK1y9s_6RSSzDWclH3_80_DX1186_DY1186_CX593_CY348.png" />
      <file href="presentation_content/6T4lDRK1y9s_6jf7ccvWlfJ_80_DX216_DY216.swf" />
      <file href="mobile/6T4lDRK1y9s_6jf7ccvWlfJ_80_DX216_DY216_CX108_CY38.png" />
      <file href="presentation_content/6T4lDRK1y9s_6nDM42omAcj_80_DX1350_DY1350.swf" />
      <file href="mobile/6T4lDRK1y9s_6nDM42omAcj_80_DX1350_DY1350_CX675_CY262.png" />
      <file href="presentation_content/6T4lDRK1y9s_6nmALGT8Qg7_80_DX216_DY216.swf" />
      <file href="mobile/6T4lDRK1y9s_6nmALGT8Qg7_80_DX216_DY216_CX108_CY38.png" />
      <file href="presentation_content/6T4lDRK1y9s_6or86xb6hbI_80_DX1350_DY1350.swf" />
      <file href="mobile/6T4lDRK1y9s_6or86xb6hbI_80_DX1350_DY1350_CX675_CY262.png" />
      <file href="presentation_content/6T4lDRK1y9s_6UBxazvqckc_80_DX216_DY216.swf" />
      <file href="mobile/6T4lDRK1y9s_6UBxazvqckc_80_DX216_DY216_CX108_CY38.png" />
      <file href="presentation_content/6T4lDRK1y9s_6MmHrKaE794_80_DX1350_DY1350.swf" />
      <file href="mobile/6T4lDRK1y9s_6MmHrKaE794_80_DX1350_DY1350_CX675_CY262.png" />
      <file href="presentation_content/6T4lDRK1y9s_5c4Wz6Dopo5_80_DX216_DY216.swf" />
      <file href="mobile/6T4lDRK1y9s_5c4Wz6Dopo5_80_DX216_DY216_CX108_CY38.png" />
      <file href="presentation_content/6T4lDRK1y9s_5mCJdhiycgg_80_DX1350_DY1350.swf" />
      <file href="mobile/6T4lDRK1y9s_5mCJdhiycgg_80_DX1350_DY1350_CX675_CY262.png" />
      <file href="presentation_content/6T4lDRK1y9s_6MywF77dXFN_80_DX216_DY216.swf" />
      <file href="mobile/6T4lDRK1y9s_6MywF77dXFN_80_DX216_DY216_CX108_CY38.png" />
      <file href="presentation_content/6T4lDRK1y9s_6nwUWZlIcDn_80_DX1350_DY1350.swf" />
      <file href="mobile/6T4lDRK1y9s_6nwUWZlIcDn_80_DX1350_DY1350_CX675_CY262.png" />
      <file href="presentation_content/6T4lDRK1y9s_6lQlBcI3BQc_80_DX216_DY216.swf" />
      <file href="mobile/6T4lDRK1y9s_6lQlBcI3BQc_80_DX216_DY216_CX108_CY38.png" />
      <file href="presentation_content/6T4lDRK1y9s_64eG6c1TYni_80_DX1350_DY1350.swf" />
      <file href="mobile/6T4lDRK1y9s_64eG6c1TYni_80_DX1350_DY1350_CX675_CY262.png" />
      <file href="presentation_content/6T4lDRK1y9s_6pbVdvBdCuI_80_DX216_DY216.swf" />
      <file href="mobile/6T4lDRK1y9s_6pbVdvBdCuI_80_DX216_DY216_CX108_CY38.png" />
      <file href="meta.xml" />
      <file href="mobile/5wu8UrrTYKb.jpg" />
      <file href="presentation_content/logo.swf" />
      <file href="presentation_content/frame.xml" />
      <file href="presentation_content/frame.js" />
      <file href="presentation_content/user.js" />
      <file href="presentation_unsupported.html" />
      <file href="mobile/Slide6T4lDRK1y9s_d1sm.jpg" />
      <file href="mobile/app_store.png" />
      <file href="mobile/linen_background.jpg" />
      <file href="mobile/mobile_icon.png" />
      <file href="mobile/player.css" />
      <file href="mobile/player_compiled.js" />
      <file href="presentation_content/fonts.swf" />
      <file href="mobile/fonts.js" />
      <file href="presentation.swf" />
      <file href="presentation_content/frame.swf" />
      <file href="presentation_content/slides/6oDyJVjZmmb.swf" />
      <file href="mobile/slides/6oDyJVjZmmb.js" />
      <file href="presentation_content/slides/6bnwgE3WXF5.swf" />
      <file href="mobile/slides/6bnwgE3WXF5.js" />
      <file href="presentation_content/slides/5dBXPc4eBHm.swf" />
      <file href="mobile/slides/5dBXPc4eBHm.js" />
      <file href="presentation_content/slides/64HMxTcHbxo.swf" />
      <file href="mobile/slides/64HMxTcHbxo.js" />
      <file href="presentation_content/slides/6j7jjQQTxNj.swf" />
      <file href="mobile/slides/6j7jjQQTxNj.js" />
      <file href="presentation_content/slides/5ZNnL5mN0SA.swf" />
      <file href="mobile/slides/5ZNnL5mN0SA.js" />
      <file href="presentation_content/slides/6jDLvn0kNXz.swf" />
      <file href="mobile/slides/6jDLvn0kNXz.js" />
      <file href="presentation_content/slides/63T3JQJGwQp.swf" />
      <file href="mobile/slides/63T3JQJGwQp.js" />
      <file href="presentation_content/slides/6Xwp2JCOvNO.swf" />
      <file href="mobile/slides/6Xwp2JCOvNO.js" />
      <file href="presentation_content/slides/5t57kBSIm5M.swf" />
      <file href="mobile/slides/5t57kBSIm5M.js" />
      <file href="presentation_content/slides/64ZhLzRXAoh.swf" />
      <file href="mobile/slides/64ZhLzRXAoh.js" />
      <file href="presentation_content/slides/6aXHm7pK7b1.swf" />
      <file href="mobile/slides/6aXHm7pK7b1.js" />
      <file href="presentation_content/slides/6aDLsAFTjxX.swf" />
      <file href="mobile/slides/6aDLsAFTjxX.js" />
      <file href="presentation_content/slides/5p4YmRlaz9h.swf" />
      <file href="mobile/slides/5p4YmRlaz9h.js" />
      <file href="presentation_content/slides/65FCShQlZcO.swf" />
      <file href="mobile/slides/65FCShQlZcO.js" />
      <file href="presentation_content/slides/5o3NSh6OqlR.swf" />
      <file href="mobile/slides/5o3NSh6OqlR.js" />
      <file href="presentation_content/slides/6HMbjYLJZmz.swf" />
      <file href="mobile/slides/6HMbjYLJZmz.js" />
      <file href="presentation_content/slides/6MrsFR2aspf.swf" />
      <file href="mobile/slides/6MrsFR2aspf.js" />
      <file href="presentation_content/slides/6PMTJwnuU0i.swf" />
      <file href="mobile/slides/6PMTJwnuU0i.js" />
      <file href="presentation_content/slides/6hKrUWYRRNO.swf" />
      <file href="mobile/slides/6hKrUWYRRNO.js" />
      <file href="presentation_content/slides/6mWruUrqlIA.swf" />
      <file href="mobile/slides/6mWruUrqlIA.js" />
      <file href="presentation_content/slides/5V7uSgdOWbO.swf" />
      <file href="mobile/slides/5V7uSgdOWbO.js" />
      <file href="presentation_content/data.swf" />
      <file href="mobile/data.js" />
      <file href="mobile/masks.js" />
      <file href="presentation.html" />
      <file href="presentation_html5.html" />
      <file href="index_lms_html5.html" />
      <file href="presentation_content/blank.html" />
      <file href="presentation_content/presentation.js" />
      <file href="index_lms.html" />
      <file href="lms/AICCComm.html" />
      <file href="lms/AICCFunctions.js" />
      <file href="lms/API.js" />
      <file href="lms/APIConstants.js" />
      <file href="lms/blank.html" />
      <file href="lms/browsersniff.js" />
      <file href="lms/Configuration.js" />
      <file href="lms/goodbye.html" />
      <file href="lms/lms.js" />
      <file href="lms/LMSAPI.js" />
      <file href="lms/NONEFunctions.js" />
      <file href="lms/SCORM2004Functions.js" />
      <file href="lms/SCORMFunctions.js" />
      <file href="lms/UtilityFunctions.js" />
    </resource>
  </resources>
</manifest>