<?xml version="1.0" encoding="utf-8"?>
<manifest identifier="_4pSjiDvvMXo_course_id" version="1.0" xmlns="http://www.imsproject.org/xsd/imscp_rootv1p1p2" xmlns:adlcp="http://www.adlnet.org/xsd/adlcp_rootv1p2" xmlns:xsi="http://www.w3.org/2001/XMLSchema-instance" xsi:schemaLocation="http://www.imsproject.org/xsd/imscp_rootv1p1p2 imscp_rootv1p1p2.xsd http://www.imsglobal.org/xsd/imsmd_rootv1p2p1 imsmd_rootv1p2p1.xsd http://www.adlnet.org/xsd/adlcp_rootv1p2 adlcp_rootv1p2.xsd">
  <metadata>
    <schema>ADL SCORM</schema>
    <schemaversion>1.2</schemaversion>
    <lom xmlns="http://www.imsglobal.org/xsd/imsmd_rootv1p2p1" xmlns:xsi="http://www.w3.org/2001/XMLSchema-instance" xsi:schemaLocation="http://www.imsglobal.org/xsd/imsmd_rootv1p2p1 imsmd_rootv1p2p1.xsd">
      <general>
        <title>
          <langstring xml:lang="x-none">FunctionalTesting-Part2</langstring>
        </title>
      </general>
      <lifecycle>
        <version>
          <langstring xml:lang="x-none">1</langstring>
        </version>
        <status>
          <source>
            <langstring xml:lang="x-none">LOMv1.0</langstring>
          </source>
          <value>
            <langstring xml:lang="x-none">Final</langstring>
          </value>
        </status>
      </lifecycle>
      <metametadata>
        <metadatascheme>ADL SCORM 1.2</metadatascheme>
      </metametadata>
      <educational>
        <typicallearningtime>
          <datetime>PT0H0M0S</datetime>
        </typicallearningtime>
      </educational>
      <rights>
        <cost>
          <source>
            <langstring xml:lang="x-none">LOMv1.0</langstring>
          </source>
          <value>
            <langstring xml:lang="x-none">yes</langstring>
          </value>
        </cost>
        <copyrightandotherrestrictions>
          <source>
            <langstring xml:lang="x-none">LOMv1.0</langstring>
          </source>
          <value>
            <langstring xml:lang="x-none">yes</langstring>
          </value>
        </copyrightandotherrestrictions>
      </rights>
    </lom>
  </metadata>
  <organizations default="FunctionalTesting-Part2_ORG">
    <organization identifier="FunctionalTesting-Part2_ORG">
      <title>FunctionalTesting-Part2</title>
      <item identifier="FunctionalTesting-Part2_SCO" isvisible="true" identifierref="__4pSjiDvvMXo_course_id_RES">
        <title>FunctionalTesting-Part2</title>
      </item>
    </organization>
  </organizations>
  <resources>
    <resource identifier="__4pSjiDvvMXo_course_id_RES" type="webcontent" href="index_lms.html" adlcp:scormtype="sco">
      <file href="presentation_content/thumbnail.jpg" />
      <file href="presentation_content/6mRqa2yQ6wo_d11_HCLTemplatecl465_TitleSlideshp14_80_DX1440_DY1440.swf" />
      <file href="mobile/6mRqa2yQ6wo_d11_HCLTemplatecl465_TitleSlideshp14_80_DX1440_DY1440_CX720_CY278.png" />
      <file href="presentation_content/6mRqa2yQ6wo_d11_HCLTemplatecl465_TitleSlideshp2_80_DX1440_DY1440.swf" />
      <file href="mobile/6mRqa2yQ6wo_d11_HCLTemplatecl465_TitleSlideshp2_80_DX1440_DY1440_CX720_CY21.png" />
      <file href="presentation_content/6mRqa2yQ6wo_d11_HCLTemplatecl465_TitleSlideshp15_80_DX1116_DY1116.swf" />
      <file href="mobile/6mRqa2yQ6wo_d11_HCLTemplatecl465_TitleSlideshp15_80_DX1116_DY1116_CX558_CY76.png" />
      <file href="presentation_content/6mRqa2yQ6wo_6lT02jsxmNB_80_DX216_DY216.swf" />
      <file href="mobile/6mRqa2yQ6wo_6lT02jsxmNB_80_DX216_DY216_CX108_CY38.png" />
      <file href="presentation_content/6mRqa2yQ6wo_d11_HCLTemplatesmshp19_80_DX1116_DY1116.swf" />
      <file href="mobile/6mRqa2yQ6wo_d11_HCLTemplatesmshp19_80_DX1116_DY1116_CX558_CY76.png" />
      <file href="presentation_content/6mRqa2yQ6wo_6Tu57hoAqkR_80_DX216_DY216.swf" />
      <file href="mobile/6mRqa2yQ6wo_6Tu57hoAqkR_80_DX216_DY216_CX108_CY38.png" />
      <file href="presentation_content/6mRqa2yQ6wo_5wNCGvC5vhi_80_DX1350_DY1350.swf" />
      <file href="mobile/6mRqa2yQ6wo_5wNCGvC5vhi_80_DX1350_DY1350_CX675_CY262.png" />
      <file href="presentation_content/6mRqa2yQ6wo_6qCphiNg1zz_80_DX216_DY216.swf" />
      <file href="mobile/6mRqa2yQ6wo_6qCphiNg1zz_80_DX216_DY216_CX108_CY38.png" />
      <file href="presentation_content/6mRqa2yQ6wo_65MZgDE8gtE_80_DX1350_DY1350.swf" />
      <file href="mobile/6mRqa2yQ6wo_65MZgDE8gtE_80_DX1350_DY1350_CX675_CY262.png" />
      <file href="presentation_content/6mRqa2yQ6wo_5wZ6Rdb8GIp_80_DX216_DY216.swf" />
      <file href="mobile/6mRqa2yQ6wo_5wZ6Rdb8GIp_80_DX216_DY216_CX108_CY38.png" />
      <file href="presentation_content/6mRqa2yQ6wo_61z0kaCU3kG_80_DX1350_DY1350.swf" />
      <file href="mobile/6mRqa2yQ6wo_61z0kaCU3kG_80_DX1350_DY1350_CX675_CY262.png" />
      <file href="presentation_content/6mRqa2yQ6wo_6KS9sV9R3zh_80_DX216_DY216.swf" />
      <file href="mobile/6mRqa2yQ6wo_6KS9sV9R3zh_80_DX216_DY216_CX108_CY38.png" />
      <file href="presentation_content/6mRqa2yQ6wo_6W22TLvVhqF_80_DX1350_DY1350.swf" />
      <file href="mobile/6mRqa2yQ6wo_6W22TLvVhqF_80_DX1350_DY1350_CX675_CY262.png" />
      <file href="presentation_content/6mRqa2yQ6wo_5mMIzZHJekA_80_DX216_DY216.swf" />
      <file href="mobile/6mRqa2yQ6wo_5mMIzZHJekA_80_DX216_DY216_CX108_CY38.png" />
      <file href="presentation_content/6mRqa2yQ6wo_651zlAmsJQl_80_DX1350_DY1350.swf" />
      <file href="mobile/6mRqa2yQ6wo_651zlAmsJQl_80_DX1350_DY1350_CX675_CY262.png" />
      <file href="presentation_content/6mRqa2yQ6wo_5cTwGpU3n0f_80_DX216_DY216.swf" />
      <file href="mobile/6mRqa2yQ6wo_5cTwGpU3n0f_80_DX216_DY216_CX108_CY38.png" />
      <file href="presentation_content/6mRqa2yQ6wo_6bkx53Wkcxp_80_DX1350_DY1350.swf" />
      <file href="mobile/6mRqa2yQ6wo_6bkx53Wkcxp_80_DX1350_DY1350_CX675_CY262.png" />
      <file href="presentation_content/6mRqa2yQ6wo_sl676shp4_80_DX1322_DY1322.swf" />
      <file href="mobile/6mRqa2yQ6wo_sl676shp4_80_DX1322_DY1322_CX661_CY329.png" />
      <file href="presentation_content/6mRqa2yQ6wo_5nVvhW30EDR_80_DX216_DY216.swf" />
      <file href="mobile/6mRqa2yQ6wo_5nVvhW30EDR_80_DX216_DY216_CX108_CY38.png" />
      <file href="presentation_content/6mRqa2yQ6wo_6DUMEEK1QJ5_80_DX1350_DY1350.swf" />
      <file href="mobile/6mRqa2yQ6wo_6DUMEEK1QJ5_80_DX1350_DY1350_CX675_CY262.png" />
      <file href="presentation_content/6mRqa2yQ6wo_6A1GXCsetDR_80_DX216_DY216.swf" />
      <file href="mobile/6mRqa2yQ6wo_6A1GXCsetDR_80_DX216_DY216_CX108_CY38.png" />
      <file href="presentation_content/6mRqa2yQ6wo_6ezEIw2cYhd_80_DX1350_DY1350.swf" />
      <file href="mobile/6mRqa2yQ6wo_6ezEIw2cYhd_80_DX1350_DY1350_CX675_CY262.png" />
      <file href="presentation_content/6mRqa2yQ6wo_6QBNbbzYiZN_80_DX216_DY216.swf" />
      <file href="mobile/6mRqa2yQ6wo_6QBNbbzYiZN_80_DX216_DY216_CX108_CY38.png" />
      <file href="presentation_content/6mRqa2yQ6wo_6SYeStVxUWj_80_DX1350_DY1350.swf" />
      <file href="mobile/6mRqa2yQ6wo_6SYeStVxUWj_80_DX1350_DY1350_CX675_CY262.png" />
      <file href="presentation_content/6mRqa2yQ6wo_6Yy7jjQOXjM_80_DX216_DY216.swf" />
      <file href="mobile/6mRqa2yQ6wo_6Yy7jjQOXjM_80_DX216_DY216_CX108_CY38.png" />
      <file href="presentation_content/6mRqa2yQ6wo_5jugRrKIeMN_80_DX1350_DY1350.swf" />
      <file href="mobile/6mRqa2yQ6wo_5jugRrKIeMN_80_DX1350_DY1350_CX675_CY262.png" />
      <file href="presentation_content/6mRqa2yQ6wo_6HXPY1cVHpP_80_DX216_DY216.swf" />
      <file href="mobile/6mRqa2yQ6wo_6HXPY1cVHpP_80_DX216_DY216_CX108_CY38.png" />
      <file href="presentation_content/6mRqa2yQ6wo_6GAQAH3dqGv_80_DX1350_DY1350.swf" />
      <file href="mobile/6mRqa2yQ6wo_6GAQAH3dqGv_80_DX1350_DY1350_CX675_CY262.png" />
      <file href="presentation_content/6mRqa2yQ6wo_6jjndxpayXa_80_DX216_DY216.swf" />
      <file href="mobile/6mRqa2yQ6wo_6jjndxpayXa_80_DX216_DY216_CX108_CY38.png" />
      <file href="meta.xml" />
      <file href="mobile/69vUuuVQ9pH.jpg" />
      <file href="presentation_content/logo.swf" />
      <file href="presentation_content/frame.xml" />
      <file href="presentation_content/frame.js" />
      <file href="presentation_content/user.js" />
      <file href="presentation_unsupported.html" />
      <file href="mobile/Slide6mRqa2yQ6wo_d1sm.jpg" />
      <file href="mobile/app_store.png" />
      <file href="mobile/linen_background.jpg" />
      <file href="mobile/mobile_icon.png" />
      <file href="mobile/player.css" />
      <file href="mobile/player_compiled.js" />
      <file href="presentation_content/fonts.swf" />
      <file href="mobile/fonts.js" />
      <file href="presentation.swf" />
      <file href="presentation_content/frame.swf" />
      <file href="presentation_content/slides/6ecdYoTr4TK.swf" />
      <file href="mobile/slides/6ecdYoTr4TK.js" />
      <file href="presentation_content/slides/67XSe46AnsK.swf" />
      <file href="mobile/slides/67XSe46AnsK.js" />
      <file href="presentation_content/slides/6XYanewbVvc.swf" />
      <file href="mobile/slides/6XYanewbVvc.js" />
      <file href="presentation_content/slides/60xB6WrcYUg.swf" />
      <file href="mobile/slides/60xB6WrcYUg.js" />
      <file href="presentation_content/slides/5bfF0R6IgTh.swf" />
      <file href="mobile/slides/5bfF0R6IgTh.js" />
      <file href="presentation_content/slides/6gogtQ91uKL.swf" />
      <file href="mobile/slides/6gogtQ91uKL.js" />
      <file href="presentation_content/slides/5vomjqrRPLT.swf" />
      <file href="mobile/slides/5vomjqrRPLT.js" />
      <file href="presentation_content/slides/63YEOmxuPcm.swf" />
      <file href="mobile/slides/63YEOmxuPcm.js" />
      <file href="presentation_content/slides/5pOY01I4Pmf.swf" />
      <file href="mobile/slides/5pOY01I4Pmf.js" />
      <file href="presentation_content/slides/6JC9NvIzdYF.swf" />
      <file href="mobile/slides/6JC9NvIzdYF.js" />
      <file href="presentation_content/slides/5k7C03egKdm.swf" />
      <file href="mobile/slides/5k7C03egKdm.js" />
      <file href="presentation_content/slides/69IQncR7elO.swf" />
      <file href="mobile/slides/69IQncR7elO.js" />
      <file href="presentation_content/slides/66dOP3Xe3iy.swf" />
      <file href="mobile/slides/66dOP3Xe3iy.js" />
      <file href="presentation_content/data.swf" />
      <file href="mobile/data.js" />
      <file href="mobile/masks.js" />
      <file href="presentation.html" />
      <file href="presentation_html5.html" />
      <file href="index_lms_html5.html" />
      <file href="presentation_content/blank.html" />
      <file href="presentation_content/presentation.js" />
      <file href="index_lms.html" />
      <file href="lms/AICCComm.html" />
      <file href="lms/AICCFunctions.js" />
      <file href="lms/API.js" />
      <file href="lms/APIConstants.js" />
      <file href="lms/blank.html" />
      <file href="lms/browsersniff.js" />
      <file href="lms/Configuration.js" />
      <file href="lms/goodbye.html" />
      <file href="lms/lms.js" />
      <file href="lms/LMSAPI.js" />
      <file href="lms/NONEFunctions.js" />
      <file href="lms/SCORM2004Functions.js" />
      <file href="lms/SCORMFunctions.js" />
      <file href="lms/UtilityFunctions.js" />
    </resource>
  </resources>
</manifest>