<?xml version="1.0" encoding="utf-8"?><bwFrame xmlns:xsi="http://www.w3.org/2001/XMLSchema-instance" xmlns:xsd="http://www.w3.org/2001/XMLSchema" default_layout="pxnsnfns01001000010" textdirection="ltr" device="false" kbshortcuts="true" outputtype="ap"><layouts><layout name="pxnsnfns01001000010" font="Articulate" controllayout="pxnsnfns01001000010" colorscheme="pxnsnfns01001000010" string_table="pxnsnfns01001000010" /></layouts><control_options><optiongroups><optiongroup name="sidebaroptions"><options><option name="title_enabled" value="true"><options><option name="title_text" value="OverviewofAutomation" /></options></option><option name="logo_enabled" value="true"><options><option name="logo_url" value="presentation_content/logo.swf"><properties><property name="width" value="218" /><property name="height" value="123" /></properties></option><option name="html5_logo_url" value="mobile/61CCX1mn52m.jpg" /></options></option><option name="sidebar_enabled" value="true"><options><option name="sidebarpos" value="left" /></options></option><optionlist name="tabs"><listitems><listitem name="resources" value="false" group="linkright" /><listitem name="customlink" value="true" group="linkright"><properties><property name="title" value="Exit" /><property name="data" value="5kFSelWRwua" /><property name="ignoreSlideLock" value="true" /></properties></listitem><listitem name="outline" value="true" group="sidebar" /><listitem name="glossary" value="false" group="sidebar" /><listitem name="transcript" value="false" group="sidebar" /></listitems></optionlist><option name="time_enabled" value="false"><options><option name="time_format" value="totalelapsed" /></options></option><option name="info_enabled" value="false"><options><option name="default" value="default" /></options></option><option name="video_enabled" value="false"><options><option name="height" value="135" /></options></option></options></optiongroup><optiongroup name="menuoptions"><options><option name="flow" value="free" /><option name="wraplistitems" value="false" /><option name="tooltips" value="true" /><option name="autocollapse" value="true" /><option name="autonumber" value="true" /><option name="levelbehavior" value="reached" /><option name="levelrestriction" value="unrestricted" /><option name="enableresultsicons" value="false" /></options></optiongroup><optiongroup name="controls"><options><option name="volume" value="false" /><option name="seekbar" value="false"><options><option name="readonly" value="false" /></options></option><option name="search" value="true" /><option name="replay" value="false" /><option name="pauseplay" value="false" /><option name="enableKeyboardShortcuts" value="true" /><option name="elapsedandtotaltime" value="true" /><option name="use_fixed_output_size" value="true" /><option name="output_size_scale_percent" value="100" /></options></optiongroup><optiongroup name="bottombaroptions"><options><option name="bottombar_enabled" value="true" /></options></optiongroup></optiongroups></control_options><control_layouts><control_layout name="pxnsnfns01001000010"><control name="volume" enabled="false" /><control name="seekbar" enabled="false" /><control name="replay" enabled="false" /><control name="pauseplay" enabled="false" /><control name="logo" enabled="true" /><control name="previous" enabled="true" /><control name="next" enabled="true" /><control name="submit" enabled="false" /><control name="finish" enabled="false" /><control name="submitall" enabled="false" /><control name="resources" enabled="false" /><control name="glossary" enabled="false" /><control name="transcript" enabled="false" /><control name="outline" enabled="true"><controls><control name="search" enabled="true" /></controls></control><control name="close_btn" enabled="false" /></control_layout></control_layouts><colorschemes><colorscheme name="pxnsnfns01001000010"><color_group name="infopanel"><group_colors><color name="link_text"><fill type="linear" rotation="90"><colors><color rgb="0x7C2280" alpha="100" stop="0" /></colors></fill></color><color name="link_hover"><fill type="linear" rotation="90"><colors><color rgb="0x0000EE" alpha="100" stop="0" /></colors></fill></color><color name="bg"><fill type="linear" rotation="90"><colors><color rgb="0xFFFFFF" alpha="100" stop="0" /></colors></fill></color><color name="shadow"><fill type="linear" rotation="90"><colors><color rgb="0xB8B8B8" alpha="100" stop="0" /></colors></fill></color><color name="name_text"><fill type="linear" rotation="90"><colors><color rgb="0x444444" alpha="100" stop="0" /></colors></fill></color><color name="title_text"><fill type="linear" rotation="90"><colors><color rgb="0x999999" alpha="100" stop="0" /></colors></fill></color></group_colors></color_group><color_group name="infopanelpopup"><group_colors><color name="link_text"><fill type="linear" rotation="90"><colors><color rgb="0x7C2280" alpha="100" stop="0" /></colors></fill></color><color name="link_hover"><fill type="linear" rotation="90"><colors><color rgb="0x0000EE" alpha="100" stop="0" /></colors></fill></color><color name="bg"><fill type="linear" rotation="90"><colors><color rgb="0xE9E9E9" alpha="100" stop="0" /><color rgb="0xCFCFCF" alpha="100" stop="255" /></colors></fill></color><color name="shadow"><fill type="linear" rotation="90"><colors><color rgb="0xB8B8B8" alpha="100" stop="0" /></colors></fill></color><color name="name_text"><fill type="linear" rotation="90"><colors><color rgb="0x444444" alpha="100" stop="0" /></colors></fill></color><color name="bio_text"><fill type="linear" rotation="90"><colors><color rgb="0x999999" alpha="100" stop="0" /></colors></fill></color></group_colors></color_group><color_group name="timer"><group_colors><color name="duration"><fill type="linear" rotation="90"><colors><color rgb="0x00D7FF" alpha="100" stop="0" /><color rgb="0x00ABFF" alpha="100" stop="255" /></colors></fill></color><color name="elapsed"><fill type="linear" rotation="90"><colors><color rgb="0xFEE347" alpha="100" stop="0" /><color rgb="0xFCCC2A" alpha="100" stop="255" /></colors></fill></color><color name="stroke"><fill type="linear" rotation="90"><colors><color rgb="0xC7C7C7" alpha="100" stop="0" /></colors></fill></color><color name="inner"><fill type="linear" rotation="90"><colors><color rgb="0xFFFFFF" alpha="100" stop="0" /></colors></fill></color><color name="text"><fill type="linear" rotation="90"><colors><color rgb="0x555555" alpha="100" stop="0" /></colors></fill></color></group_colors></color_group><color_group name="window"><group_colors><color name="text"><fill type="linear" rotation="90"><colors><color rgb="0x555555" alpha="100" stop="0" /></colors></fill></color><color name="inner"><fill type="linear" rotation="90"><colors><color rgb="0xEAEAEA" alpha="100" stop="0" /><color rgb="0xCFCFCF" alpha="100" stop="255" /></colors></fill></color><color name="bg"><fill type="linear" rotation="90"><colors><color rgb="0xF3F3F3" alpha="100" stop="0" /></colors></fill></color><color name="diva"><fill type="linear" rotation="90"><colors><color rgb="0xF7F7F7" alpha="100" stop="0" /></colors></fill></color><color name="divb"><fill type="linear" rotation="90"><colors><color rgb="0xD3D3D3" alpha="100" stop="0" /></colors></fill></color><color name="shadow"><fill type="linear" rotation="90"><colors><color rgb="0x000000" alpha="20" stop="0" /></colors></fill></color></group_colors></color_group><color_group name="editor"><group_colors><color name="slide_text"><fill type="linear" rotation="90"><colors><color rgb="0x555555" alpha="100" stop="0" /></colors></fill></color><color name="html_text"><fill type="linear" rotation="90"><colors><color rgb="0x444444" alpha="100" stop="0" /></colors></fill></color><color name="btn_bg"><fill type="linear" rotation="90"><colors><color rgb="0xF5F5F5" alpha="100" stop="0" /><color rgb="0xC7C7C7" alpha="100" stop="255" /></colors></fill></color><color name="btn_hover"><fill type="linear" rotation="90"><colors><color rgb="0xF2F2F2" alpha="100" stop="0" /><color rgb="0xAFAFAF" alpha="100" stop="255" /></colors></fill></color><color name="btn_down"><fill type="linear" rotation="90"><colors><color rgb="0xC7C7C7" alpha="100" stop="0" /><color rgb="0xF4F4F4" alpha="100" stop="255" /></colors></fill></color><color name="btn_border"><fill type="linear" rotation="90"><colors><color rgb="0xB1B1B1" alpha="100" stop="0" /></colors></fill></color><color name="btn_text"><fill type="linear" rotation="90"><colors><color rgb="0x353535" alpha="100" stop="0" /></colors></fill></color><color name="btn_text_shadow"><fill type="linear" rotation="90"><colors><color rgb="0xF0F0F0" alpha="100" stop="0" /></colors></fill></color></group_colors></color_group><color_group name="listitem"><group_colors><color name="selected_text"><fill type="linear" rotation="90"><colors><color rgb="0x353535" alpha="100" stop="0" /></colors></fill></color><color name="lines"><fill type="linear" rotation="90"><colors><color rgb="0xDFDFDF" alpha="100" stop="0" /></colors></fill></color><color name="hover"><fill type="linear" rotation="90"><colors><color rgb="0xE6E6E6" alpha="100" stop="0" /></colors></fill></color><color name="viewed"><fill type="linear" rotation="90"><colors><color rgb="0x909090" alpha="100" stop="0" /></colors></fill></color><color name="text"><fill type="linear" rotation="90"><colors><color rgb="0x353535" alpha="100" stop="0" /></colors></fill></color><color name="selected"><fill type="linear" rotation="90"><colors><color rgb="0xC0E2F1" alpha="100" stop="0" /></colors></fill></color><color name="shadow"><fill type="linear" rotation="90"><colors><color rgb="0xFFFFFF" alpha="100" stop="0" /></colors></fill></color></group_colors></color_group><color_group name="base"><group_colors><color name="text"><fill type="linear" rotation="90"><colors><color rgb="0x555555" alpha="100" stop="0" /></colors></fill></color><color name="diva"><fill type="linear" rotation="90"><colors><color rgb="0xD3D3D3" alpha="100" stop="0" /></colors></fill></color><color name="divb"><fill type="linear" rotation="90"><colors><color rgb="0xF7F7F7" alpha="100" stop="0" /></colors></fill></color><color name="bg"><fill type="linear" rotation="90"><colors><color rgb="0xE9E9E9" alpha="100" stop="0" /><color rgb="0xCFCFCF" alpha="100" stop="255" /></colors></fill></color><color name="border"><fill type="linear" rotation="90"><colors><color rgb="0xE9E9E9" alpha="100" stop="0" /><color rgb="0xF3F3F3" alpha="100" stop="255" /></colors></fill></color><color name="menu_shade"><fill type="linear" rotation="90"><colors><color rgb="0xDBDBDB" alpha="100" stop="0" /><color rgb="0xC3C3C3" alpha="100" stop="255" /></colors></fill></color><color name="slide_bg"><fill type="linear" rotation="90"><colors><color rgb="0xE9E9E9" alpha="100" stop="0" /><color rgb="0xCFCFCF" alpha="100" stop="255" /></colors></fill></color></group_colors></color_group><color_group name="button"><group_colors><color name="btn_bg"><fill type="linear" rotation="90"><colors><color rgb="0xF5F5F5" alpha="100" stop="0" /><color rgb="0xC7C7C7" alpha="100" stop="255" /></colors></fill></color><color name="btn_hover"><fill type="linear" rotation="90"><colors><color rgb="0xF2F2F2" alpha="100" stop="0" /><color rgb="0xAFAFAF" alpha="100" stop="255" /></colors></fill></color><color name="btn_down"><fill type="linear" rotation="90"><colors><color rgb="0xC7C7C7" alpha="100" stop="0" /><color rgb="0xF4F4F4" alpha="100" stop="255" /></colors></fill></color><color name="btn_border"><fill type="linear" rotation="90"><colors><color rgb="0xB1B1B1" alpha="100" stop="0" /></colors></fill></color><color name="btn_text"><fill type="linear" rotation="90"><colors><color rgb="0x353535" alpha="100" stop="0" /></colors></fill></color><color name="btn_text_shadow"><fill type="linear" rotation="90"><colors><color rgb="0xF0F0F0" alpha="100" stop="0" /></colors></fill></color><color name="btn_icon_color"><fill type="linear" rotation="90"><colors><color rgb="0x353535" alpha="100" stop="0" /></colors></fill></color><color name="btn_glow"><fill type="linear" rotation="90"><colors><color rgb="0xCFCFCF" alpha="100" stop="0" /></colors></fill></color></group_colors></color_group><color_group name="checkbox"><group_colors><color name="border"><fill type="linear" rotation="90"><colors><color rgb="0xB8B8B8" alpha="100" stop="0" /></colors></fill></color><color name="bg"><fill type="linear" rotation="90"><colors><color rgb="0xFFFFFF" alpha="100" stop="0" /></colors></fill></color><color name="check"><fill type="linear" rotation="90"><colors><color rgb="0x33CC00" alpha="100" stop="0" /></colors></fill></color><color name="text"><fill type="linear" rotation="90"><colors><color rgb="0x444444" alpha="100" stop="0" /></colors></fill></color><color name="hover"><fill type="linear" rotation="90"><colors><color rgb="0x6BF8FF" alpha="100" stop="0" /></colors></fill></color></group_colors></color_group><color_group name="logo"><group_colors><color name="bg"><fill type="linear" rotation="90"><colors><color rgb="0xFFFFFF" alpha="100" stop="0" /></colors></fill></color><color name="shadow"><fill type="linear" rotation="90"><colors><color rgb="0xB8B8B8" alpha="100" stop="0" /></colors></fill></color></group_colors></color_group><color_group name="menu"><group_colors><color name="bg"><fill type="linear" rotation="90"><colors><color rgb="0xF3F3F3" alpha="100" stop="0" /></colors></fill></color><color name="shadow"><fill type="linear" rotation="90"><colors><color rgb="0xB8B8B8" alpha="100" stop="0" /></colors></fill></color></group_colors></color_group><color_group name="scrollarea"><group_colors><color name="bg"><fill type="linear" rotation="0"><colors><color rgb="0xDEDEDE" alpha="100" stop="0" /><color rgb="0xE8E8E8" alpha="100" stop="128" /></colors></fill></color><color name="border"><fill type="linear" rotation="90"><colors><color rgb="0xF6F6F6" alpha="100" stop="0" /><color rgb="0xF3F3F3" alpha="100" stop="255" /></colors></fill></color><color name="button_bg"><fill type="linear" rotation="90"><colors><color rgb="0xC4C4C4" alpha="100" stop="0" /><color rgb="0xB2B2B2" alpha="100" stop="255" /></colors></fill></color><color name="button_inner"><fill type="linear" rotation="90"><colors><color rgb="0xCBCBCB" alpha="100" stop="0" /><color rgb="0xBABABA" alpha="100" stop="255" /></colors></fill></color><color name="button_border"><fill type="linear" rotation="90"><colors><color rgb="0xB8B8B8" alpha="100" stop="0" /></colors></fill></color><color name="icons"><fill type="linear" rotation="90"><colors><color rgb="0x555555" alpha="100" stop="0" /></colors></fill></color><color name="shadow"><fill type="linear" rotation="90"><colors><color rgb="0xD9D9D9" alpha="100" stop="0" /></colors></fill></color><color name="detaila"><fill type="linear" rotation="90"><colors><color rgb="0xA7A7A7" alpha="100" stop="0" /></colors></fill></color><color name="detailb"><fill type="linear" rotation="90"><colors><color rgb="0xCFCFCF" alpha="100" stop="0" /></colors></fill></color></group_colors></color_group><color_group name="searchinput"><group_colors><color name="bg"><fill type="linear" rotation="90"><colors><color rgb="0xDFDFDF" alpha="100" stop="0" /></colors></fill></color><color name="border"><fill type="linear" rotation="90"><colors><color rgb="0xADADAD" alpha="100" stop="0" /><color rgb="0xFAFAFA" alpha="100" stop="255" /></colors></fill></color><color name="icon"><fill type="linear" rotation="90"><colors><color rgb="0x8A8A8A" alpha="100" stop="0" /></colors></fill></color><color name="button_hover"><fill type="linear" rotation="90"><colors><color rgb="0xF5F5F5" alpha="100" stop="0" /><color rgb="0xC7C7C7" alpha="100" stop="255" /></colors></fill></color><color name="hover_glow"><fill type="linear" rotation="90"><colors><color rgb="0x6BF8FF" alpha="100" stop="0" /></colors></fill></color><color name="search_text"><fill type="linear" rotation="90"><colors><color rgb="0x8A8A8A" alpha="100" stop="0" /></colors></fill></color><color name="bg_active"><fill type="linear" rotation="90"><colors><color rgb="0xFAFAFA" alpha="100" stop="0" /></colors></fill></color><color name="text_active"><fill type="linear" rotation="90"><colors><color rgb="0x333333" alpha="100" stop="0" /></colors></fill></color></group_colors></color_group><color_group name="seekcontrol"><group_colors><color name="bg"><fill type="linear" rotation="90"><colors><color rgb="0xF5F5F5" alpha="100" stop="0" /><color rgb="0xC7C7C7" alpha="100" stop="255" /></colors></fill></color><color name="border"><fill type="linear" rotation="90"><colors><color rgb="0xB1B1B1" alpha="100" stop="0" /></colors></fill></color><color name="seek_border"><fill type="linear" rotation="90"><colors><color rgb="0xB8B8B8" alpha="100" stop="0" /><color rgb="0xEEEEEE" alpha="100" stop="255" /></colors></fill></color><color name="seek_bg"><fill type="linear" rotation="90"><colors><color rgb="0xE7E7E7" alpha="100" stop="0" /></colors></fill></color><color name="seek_position"><fill type="linear" rotation="90"><colors><color rgb="0xFFFFFF" alpha="100" stop="0" /></colors></fill></color><color name="btn_icon_color"><fill type="linear" rotation="90"><colors><color rgb="0x2D2D2D" alpha="100" stop="0" /></colors></fill></color><color name="btn_icon_hover"><fill type="linear" rotation="90"><colors><color rgb="0x555555" alpha="100" stop="0" /></colors></fill></color><color name="btn_icon_shadow"><fill type="linear" rotation="90"><colors><color rgb="0xF0F0F0" alpha="100" stop="0" /></colors></fill></color></group_colors></color_group><color_group name="tabs"><group_colors><color name="bg"><fill type="linear" rotation="90"><colors><color rgb="0xF3F3F3" alpha="100" stop="0" /></colors></fill></color><color name="text"><fill type="linear" rotation="90"><colors><color rgb="0x555555" alpha="100" stop="0" /></colors></fill></color><color name="selected"><fill type="linear" rotation="90"><colors><color rgb="0x333333" alpha="100" stop="0" /></colors></fill></color><color name="hover"><fill type="linear" rotation="90"><colors><color rgb="0x333333" alpha="100" stop="0" /></colors></fill></color><color name="shadow"><fill type="linear" rotation="90"><colors><color rgb="0xF0F0F0" alpha="100" stop="0" /></colors></fill></color></group_colors></color_group><color_group name="transcript"><group_colors><color name="div"><fill type="linear" rotation="90"><colors><color rgb="0xE1E1E1" alpha="100" stop="0" /></colors></fill></color><color name="heading_text"><fill type="linear" rotation="90"><colors><color rgb="0x444444" alpha="100" stop="0" /></colors></fill></color></group_colors></color_group><color_group name="outline"><group_colors><color name="diva"><fill type="linear" rotation="90"><colors><color rgb="0xC6C6C6" alpha="100" stop="0" /></colors></fill></color><color name="divb"><fill type="linear" rotation="90"><colors><color rgb="0xF9F9F9" alpha="100" stop="0" /></colors></fill></color><color name="divc"><fill type="linear" rotation="90"><colors><color rgb="0xE1E1E1" alpha="100" stop="0" /></colors></fill></color><color name="search_text"><fill type="linear" rotation="90"><colors><color rgb="0x444444" alpha="100" stop="0" /></colors></fill></color><color name="search_hover"><fill type="linear" rotation="90"><colors><color rgb="0x0000EE" alpha="100" stop="0" /></colors></fill></color></group_colors></color_group><color_group name="resource"><group_colors><color name="separator"><fill type="linear" rotation="90"><colors><color rgb="0xE0E0E0" alpha="100" stop="0" /></colors></fill></color></group_colors></color_group><color_group name="glossary"><group_colors><color name="selected_text"><fill type="linear" rotation="90"><colors><color rgb="0x353535" alpha="100" stop="0" /></colors></fill></color><color name="selected"><fill type="linear" rotation="90"><colors><color rgb="0xC0E2F1" alpha="100" stop="0" /></colors></fill></color><color name="text"><fill type="linear" rotation="90"><colors><color rgb="0x353535" alpha="100" stop="0" /></colors></fill></color><color name="hover"><fill type="linear" rotation="90"><colors><color rgb="0xE6E6E6" alpha="100" stop="0" /></colors></fill></color><color name="diva"><fill type="linear" rotation="90"><colors><color rgb="0xE2E2E2" alpha="100" stop="0" /></colors></fill></color><color name="divb"><fill type="linear" rotation="90"><colors><color rgb="0xE2E2E2" alpha="100" stop="0" /></colors></fill></color><color name="divc"><fill type="linear" rotation="90"><colors><color rgb="0xFAFAFA" alpha="100" stop="0" /></colors></fill></color><color name="bg"><fill type="linear" rotation="90"><colors><color rgb="0xE7E7E7" alpha="100" stop="0" /></colors></fill></color><color name="heading_text"><fill type="linear" rotation="90"><colors><color rgb="0x444444" alpha="100" stop="0" /></colors></fill></color></group_colors></color_group><color_group name="volume"><group_colors><color name="thumb_border"><fill type="linear" rotation="90"><colors><color rgb="0xA5A5A5" alpha="100" stop="0" /></colors></fill></color><color name="thumb_inner"><fill type="linear" rotation="90"><colors><color rgb="0xD4D4D4" alpha="100" stop="0" /></colors></fill></color><color name="thumb_bg"><fill type="linear" rotation="90"><colors><color rgb="0xC8C8C8" alpha="100" stop="0" /></colors></fill></color><color name="slider_border"><fill type="linear" rotation="90"><colors><color rgb="0xF2F2F2" alpha="100" stop="0" /></colors></fill></color><color name="slider_bg"><fill type="linear" rotation="90"><colors><color rgb="0xBCBCBC" alpha="100" stop="0" /><color rgb="0xBCBCBC" alpha="100" stop="128" /><color rgb="0xC3C3C3" alpha="100" stop="255" /></colors></fill></color></group_colors></color_group><color_group name="HTML"><group_colors><color name="htmlpage_bg_color"><fill type="linear" rotation="90"><colors><color rgb="0xFFFFFF" alpha="100" stop="0" /></colors></fill></color></group_colors></color_group></colorscheme></colorschemes><string_tables><string_table name="pxnsnfns01001000010"><string id="prev">PREV</string><string id="next">NEXT</string><string id="submit">SUBMIT</string><string id="outline">Menu</string><string id="resources">Resources</string><string id="glossary">Glossary</string><string id="transcript">Notes</string><string id="clear">Clear and return to Menu</string><string id="search_results">Search Results</string><string id="filter">Filter</string><string id="slide_text_chk">Slide Text</string><string id="transcript_chk">Notes</string><string id="search_in">Search in:</string><string id="check_include">Check to include</string><string id="search">Search...</string><string id="terms">Terms</string><string id="definition">Definition</string><string id="finish">FINISH</string><string id="acc_finish">finish</string><string id="acc_definition">definition</string><string id="acc_resources">resources</string><string id="acc_search_input">search</string><string id="acc_pause">pause</string><string id="acc_play">play</string><string id="acc_replay">replay</string><string id="acc_submit">submit</string><string id="acc_next">next</string><string id="acc_previous">previous</string><string id="acc_volume">volume</string><string id="submitall">SUBMIT ALL</string><string id="acc_submitall">submit all</string><string id="question_list">Question List</string><string id="more_info">More info</string><string id="send_an_email">Send an email</string><string id="close">Close</string><string id="bio">Bio</string><string id="exit">Exit</string></string_table></string_tables><sounds enabled="false" /><nav_data><outline><links><slidelink slideid="5b6CKaGwwde.6mwp6xbJpCh" displaytext="Slide 1" expand="false" type="slide" /><slidelink slideid="5b6CKaGwwde.6M52Map5nn7" displaytext="Let’s look at the pre-read scenario!" expand="false" type="slide" /><slidelink slideid="5b6CKaGwwde.5atBq5S57qI" displaytext="Let’s look at the pre-read scenario!" expand="false" type="slide" /><slidelink slideid="5b6CKaGwwde.5oRG5FyUmv0" displaytext="Module Objectives" expand="false" type="slide" /><slidelink slideid="5b6CKaGwwde.5j6fvRUZO1L" displaytext="Agenda" expand="false" type="slide" /><slidelink slideid="5b6CKaGwwde.6lvyEqv7AyC" displaytext="Why Automation?" expand="false" type="slide" /><slidelink slideid="5b6CKaGwwde.5orMPGSenOE" displaytext="Test  Automation: Qualifying Criteria" expand="false" type="slide" /><slidelink slideid="5b6CKaGwwde.6TZP6i4aVz0" displaytext="Pros of Automated Testing" expand="false" type="slide" /><slidelink slideid="5b6CKaGwwde.6j5gkO44bqV" displaytext="Pros of Automated Testing (Cont’d.)" expand="false" type="slide" /><slidelink slideid="5b6CKaGwwde.6W5fNWKhIqU" displaytext="Cons of Automated Testing" expand="false" type="slide" /><slidelink slideid="5b6CKaGwwde.5k3ff3qzPUC" displaytext="Automation Test Methodology" expand="false" type="slide" /><slidelink slideid="5b6CKaGwwde.6H6F1Uv60Oc" displaytext="Various Phases in Automation Cycle" expand="false" type="slide" /><slidelink slideid="5b6CKaGwwde.5fENJfGnYB1" displaytext="Test Automation - Prerequisites" expand="false" type="slide" /><slidelink slideid="5b6CKaGwwde.6U58lA4h401" displaytext="Automation Readiness Check" expand="false" type="slide" /><slidelink slideid="5b6CKaGwwde.6RczjUNKzkJ" displaytext="Automation Readiness Check (Cont’d.)" expand="false" type="slide" /><slidelink slideid="5b6CKaGwwde.6XAhswmRhMg" displaytext="Challenges in Automation" expand="false" type="slide" /><slidelink slideid="5b6CKaGwwde.6BlDML5wdla" displaytext="Challenges in Automation: Process" expand="false" type="slide" /><slidelink slideid="5b6CKaGwwde.6JJnE583u2w" displaytext="Challenges in Automation: Application" expand="false" type="slide" /><slidelink slideid="5b6CKaGwwde.5w06aYFJCNS" displaytext="Challenges in Automation: Skills" expand="false" type="slide" /><slidelink slideid="5b6CKaGwwde.6OwUCLdPOIU" displaytext="Challenges in Automation: Tool" expand="false" type="slide" /><slidelink slideid="5b6CKaGwwde.5lDbun6dNtR" displaytext="Test Automation Framework" expand="false" type="slide" /><slidelink slideid="5b6CKaGwwde.5xfswLV9Cra" displaytext="Types of Framework" expand="false" type="slide" /><slidelink slideid="5b6CKaGwwde.6KgBDZwMglO" displaytext="Types of Framework (Cont’d.)" expand="false" type="slide" /><slidelink slideid="5b6CKaGwwde.6CQGh9mRyTm" displaytext="Types of Framework (Cont’d.)" expand="false" type="slide" /><slidelink slideid="5b6CKaGwwde.5vUduXlxQBO" displaytext="Types of Framework (Cont’d.)" expand="false" type="slide" /><slidelink slideid="5b6CKaGwwde.6fNfYAhYZSg" displaytext="Types of Framework (Cont’d.)" expand="false" type="slide" /><slidelink slideid="5b6CKaGwwde.6dPYIUEIvRt" displaytext="Test Automation Framework (Cont’d.)" expand="false" type="slide" /><slidelink slideid="5b6CKaGwwde.6AyWxeRIxg4" displaytext="Test Automation Framework (Cont’d.)" expand="false" type="slide" /><slidelink slideid="5b6CKaGwwde.5loCbEU5ZOL" displaytext="Automation Testers: Skills and Qualities" expand="false" type="slide" /><slidelink slideid="5b6CKaGwwde.5lzZv2ap8Uc" displaytext="Tools Availability" expand="false" type="slide" /><slidelink slideid="5b6CKaGwwde.6RY9R9Y2Lu1" displaytext="Automation Testers: Skills and Qualities" expand="false" type="slide" /><slidelink slideid="5b6CKaGwwde.5rvLAIsll1r" displaytext="Automation Costs" expand="false" type="slide" /><slidelink slideid="5b6CKaGwwde.5biJhVXfqsu" displaytext="Test Automation – ROI" expand="false" type="slide" /><slidelink slideid="5b6CKaGwwde.6KBhW4nin8K" displaytext="Automation Benefits" expand="false" type="slide" /><slidelink slideid="5b6CKaGwwde.5vbYqi3hNuJ" displaytext="Module Summary" expand="false" type="slide" /><slidelink slideid="5b6CKaGwwde.5VRboJTGob0" displaytext="Post-Session Activity" expand="false" type="slide" /><slidelink slideid="5b6CKaGwwde.5xP5WIVxlez" displaytext="Check your Understanding" expand="false" type="slide" /><slidelink slideid="5b6CKaGwwde.6aqMFJ3ejZP" displaytext="Hands-On" expand="false" type="slide" /><slidelink slideid="5b6CKaGwwde.6lD9DfsGerZ" displaytext="Slide 39" expand="false" type="slide" /></links></outline><search><slidetext slideid="5b6CKaGwwde.6mwp6xbJpCh" slidebank="false" type="slide">     hcl talentcare: confidential  version: 1.0 release date:  07-01-2016 introduction to automation  version – 1.0&#xB;release date – 07-01-2016</slidetext><slidetext slideid="5b6CKaGwwde.6M52Map5nn7" slidebank="false" type="slide">   ‹#›   hcl talentcare: confidential  version: 1.0 release date:  07-01-2016  let’s look at the pre-read scenario! location: meeting room   swathi – sr. test engineer   keshav – test manager ratan – sr. test engineer</slidetext><slidetext slideid="5b6CKaGwwde.5atBq5S57qI" slidebank="false" type="slide">   ‹#›   hcl talentcare: confidential  version: 1.0 release date:  07-01-2016  let’s look at the pre-read scenario!      i have seen the result of the test execution, which is not effective. i want to know what are the things that are going wrong. yes, there are few problems that we are facing in testing, which are impacting the test results.we have to execute the test suites at least 10 times a day. so, doing the task repeatedly takes more time and efforttesting few fields with multiple sets of datawe have to executes multiple test cases in a sequence repeatedly  ok, how do we improvise the test results.?  1 2 3</slidetext><slidetext slideid="5b6CKaGwwde.5oRG5FyUmv0" slidebank="false" type="slide">   ‹#›   hcl talentcare: confidential  version: 1.0 release date:  07-01-2016   module objectives  at the end of this module, you will be able to: importance of automation in testing process. </slidetext><slidetext slideid="5b6CKaGwwde.5j6fvRUZO1L" slidebank="false" type="slide">   ‹#›   hcl talentcare: confidential  version: 1.0 release date:  07-01-2016  agenda why automation?   pros &amp; cons of automation   automation life cycle   challenges of automation   test automation frameworks   automation benefits  why automation?   pros &amp; cons of automation   automation life cycle   challenges of automation   test automation frameworks   automation benefits  </slidetext><slidetext slideid="5b6CKaGwwde.6lvyEqv7AyC" slidebank="false" type="slide">   ‹#›   hcl talentcare: confidential  version: 1.0 release date:  07-01-2016   why automation? test effort reduction reduction in total test execution time.reduction in number of resources involved.test cost reductionreduction in number of resources involved in testing..repeatable test processthe same validations need to be done repeatedly every time.points for considerationadditional effort spent on automation of tests initially.additional cost spent on setting up the automation infrastructure initially </slidetext><slidetext slideid="5b6CKaGwwde.5orMPGSenOE" slidebank="false" type="slide">   ‹#›   hcl talentcare: confidential  version: 1.0 release date:  07-01-2016  test  automation: qualifying criteria  repetitive nature of tests:if the tests are repetitive in nature like regression tests, portability tests, compatibility tests etc., then automation can be considered.regression tests: tests that are run for every build/releaseportability tests: tests that are run on different os or   web serverscompatibility tests: tests that are run on different browsers or software components</slidetext><slidetext slideid="5b6CKaGwwde.6TZP6i4aVz0" slidebank="false" type="slide">   ‹#›   hcl talentcare: confidential  version: 1.0 release date:  07-01-2016  pros of automated testing  reliable: tests perform precisely the same operations each time they are run, thereby eliminating human error repeatable: you can test how the software reacts under repeated execution of the same operations. programmable: you can program sophisticated tests that bring out hidden information from the application. comprehensive: you can build a suite of tests that covers every feature in your application. </slidetext><slidetext slideid="5b6CKaGwwde.6j5gkO44bqV" slidebank="false" type="slide">   ‹#›   hcl talentcare: confidential  version: 1.0 release date:  07-01-2016  pros of automated testing (cont’d.)  reusable: you can reuse tests on different versions of an application, even if the user interface changes. better quality software: because you can run more tests in less time with fewer resources.fast: automated tools run tests significantly faster than human users. cost reduction: as the number of resources for regression test are reduced.</slidetext><slidetext slideid="5b6CKaGwwde.6W5fNWKhIqU" slidebank="false" type="slide">   ‹#›   hcl talentcare: confidential  version: 1.0 release date:  07-01-2016  cons of automated testing proficiency is required to write the automation test scripts. debugging the test script is a major issue. if any error is present in the test script, sometimes it may lead to deadly consequences. test maintenance is costly in case of playback methods. even though a minor change occurs in the gui, the test script has to be rerecorded or replaced by a new test script. maintenance of test data files is difficult, if the test script tests more screens. &#xB; </slidetext><slidetext slideid="5b6CKaGwwde.5k3ff3qzPUC" slidebank="false" type="slide">   ‹#›   hcl talentcare: confidential  version: 1.0 release date:  07-01-2016  automation test methodology the automated test lifecycle methodology (atlm) comprises six primary processes or components: decision to automate testing   test tool acquisition   automated testing introduction process   test planning, design, and development   execution and management of tests   test program review and assessment  decision to automate testing   test tool acquisition   automated testing introduction process   test planning, design, and development   execution and management of tests   test program review and assessment </slidetext><slidetext slideid="5b6CKaGwwde.6H6F1Uv60Oc" slidebank="false" type="slide">   ‹#›   hcl talentcare: confidential  version: 1.0 release date:  07-01-2016  various phases in automation cycle phase activities outcome planning create high level test plan test plan, refined spec analysis create detailed test plan, functional validation matrix, test cases revised test plan, functional validation matrix, test cases design selection of test cases to automate revised test cases, test data sets, sets, risk assessment sheet construction automation scripting of test cases test procedures/scripts, drivers testing cycle executing test cases. test results, bug reports final testing test result documentation test results and different metrics on test efforts post implementation evaluate testing processes plan for improvement of testing process  phase activities outcome planning create high level test plan test plan, refined spec analysis create detailed test plan, functional validation matrix, test cases revised test plan, functional validation matrix, test cases design selection of test cases to automate revised test cases, test data sets, sets, risk assessment sheet construction automation scripting of test cases test procedures/scripts, drivers testing cycle executing test cases. test results, bug reports final testing test result documentation test results and different metrics on test efforts post implementation evaluate testing processes plan for improvement of testing process </slidetext><slidetext slideid="5b6CKaGwwde.5fENJfGnYB1" slidebank="false" type="slide">   ‹#›   hcl talentcare: confidential  version: 1.0 release date:  07-01-2016  test automation - prerequisites      application stabilitystable gui &amp; functionality tool readinesstool decided, tool compatibility established, avail the licenses people readinessautomation team available with required skills project readinessthe project has reached a stage when test automation is estimated, the approval of project management team for going ahead with test automation. process readinessthe right automation framework is identified and communicated to the automation team</slidetext><slidetext slideid="5b6CKaGwwde.6U58lA4h401" slidebank="false" type="slide">   ‹#›   hcl talentcare: confidential  version: 1.0 release date:  07-01-2016   automation readiness check framework should be functional includes test calls, test data arrangement, scripting standardstasks allocation is understoodautomation specific tasks like gui objects maintenance and synching, local to shared staging, reviewing, configuration control etc.roles and responsibilities are identifiedindividual roles and responsibilities are understood </slidetext><slidetext slideid="5b6CKaGwwde.6RczjUNKzkJ" slidebank="false" type="slide">   ‹#›   hcl talentcare: confidential  version: 1.0 release date:  07-01-2016   automation readiness check (cont’d.) communication and escalation channels defineddistribution lists, communication matrix established. escalation mechanism understood.automation environment is readyenvironment readiness checklist is doneproject management team informedformal – automation plan signoff, kick off meeting; informal – stand up meeting </slidetext><slidetext slideid="5b6CKaGwwde.6XAhswmRhMg" slidebank="false" type="slide">   ‹#›   hcl talentcare: confidential  version: 1.0 release date:  07-01-2016  challenges in automation tool  skill  application  process tool  skill  application  process</slidetext><slidetext slideid="5b6CKaGwwde.6BlDML5wdla" slidebank="false" type="slide">   ‹#›   hcl talentcare: confidential  version: 1.0 release date:  07-01-2016  challenges in automation: process tool  skill  application  process tool  skill  application  process object synchronizationsproblems relating to object repositories in a multi-user, multi-site environmentsdlc, defect fix, enhancement related problems</slidetext><slidetext slideid="5b6CKaGwwde.6JJnE583u2w" slidebank="false" type="slide">   ‹#›   hcl talentcare: confidential  version: 1.0 release date:  07-01-2016  challenges in automation: application automation to keep pace with the rapidly changing applicationstandards not followed during developmentoperations cannot be performed on some objectsbatch processes – wait time and processing timeenvironment – shared environment, unstabletest data – test data issues, modification of test data tool  skill  application  process tool  skill  application  process</slidetext><slidetext slideid="5b6CKaGwwde.5w06aYFJCNS" slidebank="false" type="slide">   ‹#›   hcl talentcare: confidential  version: 1.0 release date:  07-01-2016  challenges in automation: skills tool  skill  application  process tool  skill  application  process user unfriendly tool  requires very good programming knowledge  requires very good technical knowledge  no experience orbackground  lack of training  lack of focus  learning curve user unfriendly tool  requires very good programming knowledge  requires very good technical knowledge  no experience orbackground  lack of training  lack of focus  learning curve</slidetext><slidetext slideid="5b6CKaGwwde.6OwUCLdPOIU" slidebank="false" type="slide">   ‹#›   hcl talentcare: confidential  version: 1.0 release date:  07-01-2016  challenges in automation: tool tool  skill  application  process tool  skill  application  process tools may rich in features may not be use for the project needs.license cost is high if we need to procure a tool.open source tools may not support all features.</slidetext><slidetext slideid="5b6CKaGwwde.5lDbun6dNtR" slidebank="false" type="slide">   ‹#›   hcl talentcare: confidential  version: 1.0 release date:  07-01-2016  test automation framework a test automation framework is a set of assumptions, concepts and tools that provide support for automated software testing. in real time projects, we call this frame work as a folder.this folder contains the components such as, object repository, logs, test data, script, result...etc. so, whatever files are created to develop a script are stored in a separate folder, which is nothing but a framework  </slidetext><slidetext slideid="5b6CKaGwwde.5xfswLV9Cra" slidebank="false" type="slide">   ‹#›   hcl talentcare: confidential  version: 1.0 release date:  07-01-2016   data-driven framework types of framework data driven: a data-driven framework is where test input and output values are read from data files (example, excel files) and are loaded into variables in captured or manually coded scripts. </slidetext><slidetext slideid="5b6CKaGwwde.6KgBDZwMglO" slidebank="false" type="slide">   ‹#›   hcl talentcare: confidential  version: 1.0 release date:  07-01-2016   types of framework (cont’d.) pros of data-driven testingscripts may be developed while application development is still in progress if functionality changes, only the specific "business function" script needs to be updateddata input/output and expected results are stored as easily maintainable text records.    cons of data-driven testingrequires proficiency in the scripting language used by the tool.</slidetext><slidetext slideid="5b6CKaGwwde.6CQGh9mRyTm" slidebank="false" type="slide">   ‹#›   hcl talentcare: confidential  version: 1.0 release date:  07-01-2016  types of framework (cont’d.) keyword driven: keyword-driven tests look very similar to manual test cases. in a keyword-driven test, the functionality of the application-under-test is documented in a table as well as in step-by-step instructions for each test. in this method, the entire process is data-driven, including functionality.  </slidetext><slidetext slideid="5b6CKaGwwde.5vUduXlxQBO" slidebank="false" type="slide">   ‹#›   hcl talentcare: confidential  version: 1.0 release date:  07-01-2016  types of framework (cont’d.) pros of keyword driven testingthe detail test plan can be written in spreadsheet format containing all input and verification data.the tester need to learn only the "keywords" required. this allows the tester to be productive with the test tool very quickly.   cons of keyword driven testingdevelopment of "customized" (application-specific) functions and utilities requires proficiency in the tool’s scripting language </slidetext><slidetext slideid="5b6CKaGwwde.6fNfYAhYZSg" slidebank="false" type="slide">   ‹#›   hcl talentcare: confidential  version: 1.0 release date:  07-01-2016  types of framework (cont’d.) hybrid: the most commonly implemented framework is a combination of data driven and keyword driven techniques, pulling from their strengths and trying to mitigate their weaknesses. this allows data driven scripts to take advantage of the powerful libraries and utilities that usually accompany a keyword driven architecture. the framework utilities can make the data driven scripts more compact and less prone to failure. the utilities can also facilitate the gradual and manageable conversion of existing scripts to keyword driven equivalents when and where that appears desirable.   </slidetext><slidetext slideid="5b6CKaGwwde.6dPYIUEIvRt" slidebank="false" type="slide">   ‹#›   hcl talentcare: confidential  version: 1.0 release date:  07-01-2016  test automation framework (cont’d.) enable faster automation   enable faster maintenance   enable easier understanding   enable quicker debugging   enable better results reporting   enable higher script reuse   easier to modify enable faster automation   enable faster maintenance   enable easier understanding   enable quicker debugging   enable better results reporting   enable higher script reuse   easier to modify </slidetext><slidetext slideid="5b6CKaGwwde.6AyWxeRIxg4" slidebank="false" type="slide">   ‹#›   hcl talentcare: confidential  version: 1.0 release date:  07-01-2016  test automation framework (cont’d.) hcl automation framework   crossfit   hp qtp - bpt hcl automation framework   crossfit   hp qtp - bpt test cases simplifiedreusable function librariestest dataenvironment variablestrigger and execution methodsdetailed logsreports and decision makingdefect reporting</slidetext><slidetext slideid="5b6CKaGwwde.5loCbEU5ZOL" slidebank="false" type="slide">   ‹#›   hcl talentcare: confidential  version: 1.0 release date:  07-01-2016  automation testers: skills and qualities analytical skillstesting skillstool skillsscripting skillsout of box thinkingcommunication </slidetext><slidetext slideid="5b6CKaGwwde.5lzZv2ap8Uc" slidebank="false" type="slide">   ‹#›   hcl talentcare: confidential  version: 1.0 release date:  07-01-2016  tools availability licensed  open-source/freeware     free/ negligible cost  source code availability  limited or nil support  comparatively limited availability of tool skills  expensive  limited users  on call tool support  ready availability of skills for major tools licensed  open-source/freeware     free/ negligible cost  source code availability  limited or nil support  comparatively limited availability of tool skills  expensive  limited users  on call tool support  ready availability of skills for major tools hp-qtphp-winrunnerrational robotcompuware- testpartnersegue- silktest seleniumfloydwatirfrankensteinswtbotjmeter</slidetext><slidetext slideid="5b6CKaGwwde.6RY9R9Y2Lu1" slidebank="false" type="slide">   ‹#›   hcl talentcare: confidential  version: 1.0 release date:  07-01-2016  automation testers: skills and qualities cost – budget, roi   requirements and constraints   shortlist tools – client preference, application compatibility   do poc with shortlisted tools   review performance parameters and identify tool cost – budget, roi   requirements and constraints   shortlist tools – client preference, application compatibility   do poc with shortlisted tools   review performance parameters and identify tool</slidetext><slidetext slideid="5b6CKaGwwde.5rvLAIsll1r" slidebank="false" type="slide">   ‹#›   hcl talentcare: confidential  version: 1.0 release date:  07-01-2016  automation costs infrastructure cost  –  license, amc, machines, software etc.resource cost        –  no. of resource x effort x unit costoverhead                --  facility, communication etc.  accounting perspective  test automation costmanual test execution costautomated test execution cost  process perspective  appraisal costprevention costfailure cost  quality perspective  infrastructure cost  –  license, amc, machines, software etc.resource cost        –  no. of resource x effort x unit costoverhead                --  facility, communication etc.  accounting perspective  test automation costmanual test execution costautomated test execution cost  process perspective  appraisal costprevention costfailure cost  quality perspective</slidetext><slidetext slideid="5b6CKaGwwde.5biJhVXfqsu" slidebank="false" type="slide">   ‹#›   hcl talentcare: confidential  version: 1.0 release date:  07-01-2016   test automation – roi return on investmentquantitative – cost benefit analysisqualitative   -  quality of testing, project executionquantitativeceff – automation costcaut – cost of automated execution (average env, data setup + execution+ result analysis)cman – cost of manual execution (setup/understanding +execution + result analysis)cmaint – average cost of scripts maintenance(projected) across executionsniter - projected no of test execution runsroi is positive if niter &gt;   ceff / ( (cman-caut) +cmaint)  resource cost – effort x unit cost</slidetext><slidetext slideid="5b6CKaGwwde.6KBhW4nin8K" slidebank="false" type="slide">   ‹#›   hcl talentcare: confidential  version: 1.0 release date:  07-01-2016  automation benefits  reduced test cycle timeearlier defect reportingreduction in test execution effortremove tester fatigueearlier informed decision makingdetailed test log archivesreduced criticality of functional/domain expertise</slidetext><slidetext slideid="5b6CKaGwwde.5vbYqi3hNuJ" slidebank="false" type="slide">   ‹#›   hcl talentcare: confidential  version: 1.0 release date:  07-01-2016   module summary  having completed the module, you will be able to: overview &amp; benefits of automation </slidetext><slidetext slideid="5b6CKaGwwde.5VRboJTGob0" slidebank="false" type="slide">   ‹#›   hcl talentcare: confidential  version: 1.0 release date:  07-01-2016  post-session activity  scholars will be able to answer the following questions</slidetext><slidetext slideid="5b6CKaGwwde.5xP5WIVxlez" slidebank="false" type="slide">   ‹#›   hcl talentcare: confidential  version: 1.0 release date:  07-01-2016   check your understanding  capture / playbackboundary testerdata testeroutput comparator which of the following tools would be involved in the automation of regression test? </slidetext><slidetext slideid="5b6CKaGwwde.6aqMFJ3ejZP" slidebank="false" type="slide">   ‹#›   hcl talentcare: confidential  version: 1.0 release date:  07-01-2016   hands-on  identify scenarios where automation testing can be more applicable?list functionalities will be more repeatedly used by the end users in the below application                     -irctc website                     -online shopping application. </slidetext><slidetext slideid="5b6CKaGwwde.6lD9DfsGerZ" slidebank="false" type="slide">     hcl talentcare: confidential  version: 1.0 release date:  07-01-2016  this document contains information that is proprietary and confidential to hcl talentcare private limited and shall not be disclosed outside the recipient's company or duplicated, used or disclosed in whole or in part by the recipient for any purpose other than to evaluate this document. any other use or disclosure in whole or in part of this information without the express written permission of hcl talentcare private limited is prohibited. further, this document does not constitute a contract to perform servicesthe reader should not act upon the information contained in this document without obtaining specific professional advice. no representation or warranty (express or implied) is given as to the accuracy or completeness of the information contained in this presentation, and, to the extent permitted by law; hcl talentcare private limited, its consultants, its members, employees and agents accept no liability, and disclaim all responsibility, for the consequences of reader or anyone else acting, or refraining to act, in reliance on the information contained in this document or for any decision based on it. thank you</slidetext></search></nav_data><resource_data description="" /><transcript_data><slidetranscripts><slidetranscript slideid="5b6CKaGwwde.5oRG5FyUmv0" slidebank="false" type="slide" noteswf="presentation_content/notes/5oRG5FyUmv0.swf" notespng="mobile/notes/5oRG5FyUmv0.png">&lt;html&gt;&lt;p align='left'&gt;&lt;textformat leading='1' tabstops='[48, 96]' leftmargin='0' indent='0'&gt;&lt;font face='Microsoft Sans Serif' size='10.9933pt' color='#000000'&gt;Discuss the  objectives on the screen&lt;/font&gt;&lt;/textformat&gt;&lt;/p&gt;&lt;/html&gt;</slidetranscript><slidetranscript slideid="5b6CKaGwwde.5vbYqi3hNuJ" slidebank="false" type="slide" noteswf="presentation_content/notes/5vbYqi3hNuJ.swf" notespng="mobile/notes/5vbYqi3hNuJ.png">&lt;html&gt;&lt;p align='left'&gt;&lt;textformat leading='1' tabstops='[48, 96]' leftmargin='0' indent='0'&gt;&lt;font face='Microsoft Sans Serif' size='10.9933pt' color='#000000'&gt;Discuss the  objectives on the screen&lt;/font&gt;&lt;/textformat&gt;&lt;/p&gt;&lt;/html&gt;</slidetranscript></slidetranscripts></transcript_data><glossary_data /></bwFrame>