<?xml version="1.0" encoding="utf-8"?>
<manifest identifier="_4ZBI2itdIz0_course_id" version="1.0" xmlns="http://www.imsproject.org/xsd/imscp_rootv1p1p2" xmlns:adlcp="http://www.adlnet.org/xsd/adlcp_rootv1p2" xmlns:xsi="http://www.w3.org/2001/XMLSchema-instance" xsi:schemaLocation="http://www.imsproject.org/xsd/imscp_rootv1p1p2 imscp_rootv1p1p2.xsd http://www.imsglobal.org/xsd/imsmd_rootv1p2p1 imsmd_rootv1p2p1.xsd http://www.adlnet.org/xsd/adlcp_rootv1p2 adlcp_rootv1p2.xsd">
  <metadata>
    <schema>ADL SCORM</schema>
    <schemaversion>1.2</schemaversion>
    <lom xmlns="http://www.imsglobal.org/xsd/imsmd_rootv1p2p1" xmlns:xsi="http://www.w3.org/2001/XMLSchema-instance" xsi:schemaLocation="http://www.imsglobal.org/xsd/imsmd_rootv1p2p1 imsmd_rootv1p2p1.xsd">
      <general>
        <title>
          <langstring xml:lang="x-none">ProductEngineering_Metrics</langstring>
        </title>
      </general>
      <lifecycle>
        <version>
          <langstring xml:lang="x-none">1</langstring>
        </version>
        <status>
          <source>
            <langstring xml:lang="x-none">LOMv1.0</langstring>
          </source>
          <value>
            <langstring xml:lang="x-none">Final</langstring>
          </value>
        </status>
      </lifecycle>
      <metametadata>
        <metadatascheme>ADL SCORM 1.2</metadatascheme>
      </metametadata>
      <educational>
        <typicallearningtime>
          <datetime>PT0H0M0S</datetime>
        </typicallearningtime>
      </educational>
      <rights>
        <cost>
          <source>
            <langstring xml:lang="x-none">LOMv1.0</langstring>
          </source>
          <value>
            <langstring xml:lang="x-none">yes</langstring>
          </value>
        </cost>
        <copyrightandotherrestrictions>
          <source>
            <langstring xml:lang="x-none">LOMv1.0</langstring>
          </source>
          <value>
            <langstring xml:lang="x-none">yes</langstring>
          </value>
        </copyrightandotherrestrictions>
      </rights>
    </lom>
  </metadata>
  <organizations default="ProductEngineering_Metrics_ORG">
    <organization identifier="ProductEngineering_Metrics_ORG">
      <title>ProductEngineering_Metrics</title>
      <item identifier="LevelsOfTesting_SCO" isvisible="true" identifierref="__4ZBI2itdIz0_course_id_RES">
        <title>ProductEngineering_Metrics</title>
      </item>
    </organization>
  </organizations>
  <resources>
    <resource identifier="__4ZBI2itdIz0_course_id_RES" type="webcontent" href="index_lms.html" adlcp:scormtype="sco">
      <file href="presentation_content/thumbnail.jpg" />
      <file href="presentation_content/6oudFQVSwUD_d11_HCLTemplatecl465_TitleSlideshp14_80_DX1440_DY1440.swf" />
      <file href="mobile/6oudFQVSwUD_d11_HCLTemplatecl465_TitleSlideshp14_80_DX1440_DY1440_CX720_CY278.png" />
      <file href="presentation_content/6oudFQVSwUD_d11_HCLTemplatecl465_TitleSlideshp2_80_DX1440_DY1440.swf" />
      <file href="mobile/6oudFQVSwUD_d11_HCLTemplatecl465_TitleSlideshp2_80_DX1440_DY1440_CX720_CY21.png" />
      <file href="presentation_content/6oudFQVSwUD_d11_HCLTemplatecl465_TitleSlideshp15_80_DX1116_DY1116.swf" />
      <file href="mobile/6oudFQVSwUD_d11_HCLTemplatecl465_TitleSlideshp15_80_DX1116_DY1116_CX558_CY76.png" />
      <file href="presentation_content/6oudFQVSwUD_5cv9LleptYU_80_DX216_DY216.swf" />
      <file href="mobile/6oudFQVSwUD_5cv9LleptYU_80_DX216_DY216_CX108_CY38.png" />
      <file href="presentation_content/6oudFQVSwUD_d11_HCLTemplatesmshp19_80_DX1116_DY1116.swf" />
      <file href="mobile/6oudFQVSwUD_d11_HCLTemplatesmshp19_80_DX1116_DY1116_CX558_CY76.png" />
      <file href="presentation_content/6oudFQVSwUD_5a6S4XgnHaJ_80_DX216_DY216.swf" />
      <file href="mobile/6oudFQVSwUD_5a6S4XgnHaJ_80_DX216_DY216_CX108_CY38.png" />
      <file href="presentation_content/6oudFQVSwUD_5moqDjHq6ID_80_DX1080_DY1080.swf" />
      <file href="mobile/6oudFQVSwUD_5moqDjHq6ID_80_DX1080_DY1080_CX540_CY540.png" />
      <file href="presentation_content/6oudFQVSwUD_5rzJVsx3u1p_80_DX216_DY216.swf" />
      <file href="mobile/6oudFQVSwUD_5rzJVsx3u1p_80_DX216_DY216_CX108_CY38.png" />
      <file href="presentation_content/6oudFQVSwUD_6l5oWALriNi_80_DX1080_DY1080.swf" />
      <file href="mobile/6oudFQVSwUD_6l5oWALriNi_80_DX1080_DY1080_CX540_CY540.png" />
      <file href="presentation_content/6oudFQVSwUD_6rh1QSoJER3_80_DX216_DY216.swf" />
      <file href="mobile/6oudFQVSwUD_6rh1QSoJER3_80_DX216_DY216_CX108_CY38.png" />
      <file href="presentation_content/6oudFQVSwUD_5wAC8VHGqjx_80_DX1080_DY1080.swf" />
      <file href="mobile/6oudFQVSwUD_5wAC8VHGqjx_80_DX1080_DY1080_CX540_CY540.png" />
      <file href="presentation_content/6oudFQVSwUD_6BORhtYVKlY_80_DX216_DY216.swf" />
      <file href="mobile/6oudFQVSwUD_6BORhtYVKlY_80_DX216_DY216_CX108_CY38.png" />
      <file href="presentation_content/6oudFQVSwUD_5ZOZV8gdNto_80_DX1080_DY1080.swf" />
      <file href="mobile/6oudFQVSwUD_5ZOZV8gdNto_80_DX1080_DY1080_CX540_CY540.png" />
      <file href="presentation_content/6oudFQVSwUD_sl673shp4_80_DX1122_DY1122.swf" />
      <file href="mobile/6oudFQVSwUD_sl673shp4_80_DX1122_DY1122_CX561_CY351.png" />
      <file href="presentation_content/6oudFQVSwUD_5ZdoZJg1ACG_80_DX216_DY216.swf" />
      <file href="mobile/6oudFQVSwUD_5ZdoZJg1ACG_80_DX216_DY216_CX108_CY38.png" />
      <file href="presentation_content/6oudFQVSwUD_5WuJeN7CKvz_80_DX1080_DY1080.swf" />
      <file href="mobile/6oudFQVSwUD_5WuJeN7CKvz_80_DX1080_DY1080_CX540_CY540.png" />
      <file href="presentation_content/6oudFQVSwUD_6Jl48IsoSGP_80_DX216_DY216.swf" />
      <file href="mobile/6oudFQVSwUD_6Jl48IsoSGP_80_DX216_DY216_CX108_CY38.png" />
      <file href="presentation_content/6oudFQVSwUD_6RIRtVnzjim_80_DX1080_DY1080.swf" />
      <file href="mobile/6oudFQVSwUD_6RIRtVnzjim_80_DX1080_DY1080_CX540_CY540.png" />
      <file href="presentation_content/6oudFQVSwUD_6Fczsu1HUdt_80_DX216_DY216.swf" />
      <file href="mobile/6oudFQVSwUD_6Fczsu1HUdt_80_DX216_DY216_CX108_CY38.png" />
      <file href="presentation_content/6oudFQVSwUD_6XlbWV3o7i3_80_DX1080_DY1080.swf" />
      <file href="mobile/6oudFQVSwUD_6XlbWV3o7i3_80_DX1080_DY1080_CX540_CY540.png" />
      <file href="presentation_content/6oudFQVSwUD_5YvVZvNxLqE_80_DX216_DY216.swf" />
      <file href="mobile/6oudFQVSwUD_5YvVZvNxLqE_80_DX216_DY216_CX108_CY38.png" />
      <file href="presentation_content/6oudFQVSwUD_5Z7hLLKWhaQ_80_DX1080_DY1080.swf" />
      <file href="mobile/6oudFQVSwUD_5Z7hLLKWhaQ_80_DX1080_DY1080_CX540_CY540.png" />
      <file href="presentation_content/6oudFQVSwUD_6LYK8BCTNWs_80_DX216_DY216.swf" />
      <file href="mobile/6oudFQVSwUD_6LYK8BCTNWs_80_DX216_DY216_CX108_CY38.png" />
      <file href="presentation_content/6oudFQVSwUD_6mKn4PUGByp_80_DX1080_DY1080.swf" />
      <file href="mobile/6oudFQVSwUD_6mKn4PUGByp_80_DX1080_DY1080_CX540_CY540.png" />
      <file href="presentation_content/6oudFQVSwUD_60TMnxY2Tcz_80_DX216_DY216.swf" />
      <file href="mobile/6oudFQVSwUD_60TMnxY2Tcz_80_DX216_DY216_CX108_CY38.png" />
      <file href="presentation_content/6oudFQVSwUD_5eaIeT7YlgB_80_DX1080_DY1080.swf" />
      <file href="mobile/6oudFQVSwUD_5eaIeT7YlgB_80_DX1080_DY1080_CX540_CY540.png" />
      <file href="presentation_content/6oudFQVSwUD_5y078mgkF8Q_80_DX216_DY216.swf" />
      <file href="mobile/6oudFQVSwUD_5y078mgkF8Q_80_DX216_DY216_CX108_CY38.png" />
      <file href="presentation_content/6oudFQVSwUD_6nEDd6eEyIC_80_DX1080_DY1080.swf" />
      <file href="mobile/6oudFQVSwUD_6nEDd6eEyIC_80_DX1080_DY1080_CX540_CY540.png" />
      <file href="presentation_content/6oudFQVSwUD_69GgYGSuihS_80_DX216_DY216.swf" />
      <file href="mobile/6oudFQVSwUD_69GgYGSuihS_80_DX216_DY216_CX108_CY38.png" />
      <file href="presentation_content/6oudFQVSwUD_6nZZKyYh8dM_80_DX1080_DY1080.swf" />
      <file href="mobile/6oudFQVSwUD_6nZZKyYh8dM_80_DX1080_DY1080_CX540_CY540.png" />
      <file href="presentation_content/6oudFQVSwUD_5uGawzx4ICK_80_DX216_DY216.swf" />
      <file href="mobile/6oudFQVSwUD_5uGawzx4ICK_80_DX216_DY216_CX108_CY38.png" />
      <file href="presentation_content/6oudFQVSwUD_64SGejm6gNt_80_DX1080_DY1080.swf" />
      <file href="mobile/6oudFQVSwUD_64SGejm6gNt_80_DX1080_DY1080_CX540_CY540.png" />
      <file href="presentation_content/6oudFQVSwUD_6SvCKyLbnCH_80_DX216_DY216.swf" />
      <file href="mobile/6oudFQVSwUD_6SvCKyLbnCH_80_DX216_DY216_CX108_CY38.png" />
      <file href="presentation_content/6oudFQVSwUD_6mkOUMVfbA0_80_DX1080_DY1080.swf" />
      <file href="mobile/6oudFQVSwUD_6mkOUMVfbA0_80_DX1080_DY1080_CX540_CY540.png" />
      <file href="presentation_content/6oudFQVSwUD_6fpla56KHHz_80_DX216_DY216.swf" />
      <file href="mobile/6oudFQVSwUD_6fpla56KHHz_80_DX216_DY216_CX108_CY38.png" />
      <file href="presentation_content/6oudFQVSwUD_6I8WWACTnVm_80_DX1080_DY1080.swf" />
      <file href="mobile/6oudFQVSwUD_6I8WWACTnVm_80_DX1080_DY1080_CX540_CY540.png" />
      <file href="presentation_content/6oudFQVSwUD_6ICrHNdIGm0_80_DX216_DY216.swf" />
      <file href="mobile/6oudFQVSwUD_6ICrHNdIGm0_80_DX216_DY216_CX108_CY38.png" />
      <file href="presentation_content/6oudFQVSwUD_5hBvXeaDvhe_80_DX1080_DY1080.swf" />
      <file href="mobile/6oudFQVSwUD_5hBvXeaDvhe_80_DX1080_DY1080_CX540_CY540.png" />
      <file href="presentation_content/6oudFQVSwUD_5YXUC3MbrRc_80_DX216_DY216.swf" />
      <file href="mobile/6oudFQVSwUD_5YXUC3MbrRc_80_DX216_DY216_CX108_CY38.png" />
      <file href="presentation_content/6oudFQVSwUD_5uD20jQWOEF_80_DX1080_DY1080.swf" />
      <file href="mobile/6oudFQVSwUD_5uD20jQWOEF_80_DX1080_DY1080_CX540_CY540.png" />
      <file href="presentation_content/6oudFQVSwUD_64XkAL1uC18_80_DX216_DY216.swf" />
      <file href="mobile/6oudFQVSwUD_64XkAL1uC18_80_DX216_DY216_CX108_CY38.png" />
      <file href="meta.xml" />
      <file href="mobile/6VoE93S0unm.jpg" />
      <file href="presentation_content/logo.swf" />
      <file href="presentation_content/frame.xml" />
      <file href="presentation_content/frame.js" />
      <file href="presentation_content/user.js" />
      <file href="presentation_unsupported.html" />
      <file href="mobile/Slide6oudFQVSwUD_d1sm.jpg" />
      <file href="mobile/app_store.png" />
      <file href="mobile/linen_background.jpg" />
      <file href="mobile/mobile_icon.png" />
      <file href="mobile/player.css" />
      <file href="mobile/player_compiled.js" />
      <file href="presentation_content/fonts.swf" />
      <file href="mobile/fonts.js" />
      <file href="presentation.swf" />
      <file href="presentation_content/frame.swf" />
      <file href="presentation_content/slides/6poPtk75AxB.swf" />
      <file href="mobile/slides/6poPtk75AxB.js" />
      <file href="presentation_content/slides/5pm8jUJm0XI.swf" />
      <file href="mobile/slides/5pm8jUJm0XI.js" />
      <file href="presentation_content/slides/5Y4WEJpDAI3.swf" />
      <file href="mobile/slides/5Y4WEJpDAI3.js" />
      <file href="presentation_content/slides/6PXEP8WofVX.swf" />
      <file href="mobile/slides/6PXEP8WofVX.js" />
      <file href="presentation_content/slides/6l9Kpz6Y82u.swf" />
      <file href="mobile/slides/6l9Kpz6Y82u.js" />
      <file href="presentation_content/slides/5gwqS3lIKr3.swf" />
      <file href="mobile/slides/5gwqS3lIKr3.js" />
      <file href="presentation_content/slides/6TQUkUkO3rG.swf" />
      <file href="mobile/slides/6TQUkUkO3rG.js" />
      <file href="presentation_content/slides/6MYgwK6nzQZ.swf" />
      <file href="mobile/slides/6MYgwK6nzQZ.js" />
      <file href="presentation_content/slides/5xMQNqkUWmi.swf" />
      <file href="mobile/slides/5xMQNqkUWmi.js" />
      <file href="presentation_content/slides/6ny92AJNS8e.swf" />
      <file href="mobile/slides/6ny92AJNS8e.js" />
      <file href="presentation_content/slides/6a7k5jaWR97.swf" />
      <file href="mobile/slides/6a7k5jaWR97.js" />
      <file href="presentation_content/slides/5V5ywBJcTiU.swf" />
      <file href="mobile/slides/5V5ywBJcTiU.js" />
      <file href="presentation_content/slides/6491bNZR5IM.swf" />
      <file href="mobile/slides/6491bNZR5IM.js" />
      <file href="presentation_content/slides/6haFnHIpQ60.swf" />
      <file href="mobile/slides/6haFnHIpQ60.js" />
      <file href="presentation_content/slides/6pASs9CAqZr.swf" />
      <file href="mobile/slides/6pASs9CAqZr.js" />
      <file href="presentation_content/slides/6DzRhfMQHVq.swf" />
      <file href="mobile/slides/6DzRhfMQHVq.js" />
      <file href="presentation_content/slides/6V0qQZrODSx.swf" />
      <file href="mobile/slides/6V0qQZrODSx.js" />
      <file href="presentation_content/slides/6BzGFHzii3N.swf" />
      <file href="mobile/slides/6BzGFHzii3N.js" />
      <file href="presentation_content/slides/5gdAbWf9j2w.swf" />
      <file href="mobile/slides/5gdAbWf9j2w.js" />
      <file href="presentation_content/data.swf" />
      <file href="mobile/data.js" />
      <file href="mobile/masks.js" />
      <file href="presentation.html" />
      <file href="presentation_html5.html" />
      <file href="index_lms_html5.html" />
      <file href="presentation_content/blank.html" />
      <file href="presentation_content/presentation.js" />
      <file href="index_lms.html" />
      <file href="lms/AICCComm.html" />
      <file href="lms/AICCFunctions.js" />
      <file href="lms/API.js" />
      <file href="lms/APIConstants.js" />
      <file href="lms/blank.html" />
      <file href="lms/browsersniff.js" />
      <file href="lms/Configuration.js" />
      <file href="lms/goodbye.html" />
      <file href="lms/lms.js" />
      <file href="lms/LMSAPI.js" />
      <file href="lms/NONEFunctions.js" />
      <file href="lms/SCORM2004Functions.js" />
      <file href="lms/SCORMFunctions.js" />
      <file href="lms/UtilityFunctions.js" />
    </resource>
  </resources>
</manifest>