<?xml version="1.0" encoding="utf-8"?>
<manifest identifier="_4pVJrVBLN3s_course_id" version="1.0" xmlns="http://www.imsproject.org/xsd/imscp_rootv1p1p2" xmlns:adlcp="http://www.adlnet.org/xsd/adlcp_rootv1p2" xmlns:xsi="http://www.w3.org/2001/XMLSchema-instance" xsi:schemaLocation="http://www.imsproject.org/xsd/imscp_rootv1p1p2 imscp_rootv1p1p2.xsd http://www.imsglobal.org/xsd/imsmd_rootv1p2p1 imsmd_rootv1p2p1.xsd http://www.adlnet.org/xsd/adlcp_rootv1p2 adlcp_rootv1p2.xsd">
  <metadata>
    <schema>ADL SCORM</schema>
    <schemaversion>1.2</schemaversion>
    <lom xmlns="http://www.imsglobal.org/xsd/imsmd_rootv1p2p1" xmlns:xsi="http://www.w3.org/2001/XMLSchema-instance" xsi:schemaLocation="http://www.imsglobal.org/xsd/imsmd_rootv1p2p1 imsmd_rootv1p2p1.xsd">
      <general>
        <title>
          <langstring xml:lang="x-none">SecurityTesting</langstring>
        </title>
      </general>
      <lifecycle>
        <version>
          <langstring xml:lang="x-none">1</langstring>
        </version>
        <status>
          <source>
            <langstring xml:lang="x-none">LOMv1.0</langstring>
          </source>
          <value>
            <langstring xml:lang="x-none">Final</langstring>
          </value>
        </status>
      </lifecycle>
      <metametadata>
        <metadatascheme>ADL SCORM 1.2</metadatascheme>
      </metametadata>
      <educational>
        <typicallearningtime>
          <datetime>PT0H0M0S</datetime>
        </typicallearningtime>
      </educational>
      <rights>
        <cost>
          <source>
            <langstring xml:lang="x-none">LOMv1.0</langstring>
          </source>
          <value>
            <langstring xml:lang="x-none">yes</langstring>
          </value>
        </cost>
        <copyrightandotherrestrictions>
          <source>
            <langstring xml:lang="x-none">LOMv1.0</langstring>
          </source>
          <value>
            <langstring xml:lang="x-none">yes</langstring>
          </value>
        </copyrightandotherrestrictions>
      </rights>
    </lom>
  </metadata>
  <organizations default="SecurityTesting_ORG">
    <organization identifier="SecurityTesting_ORG">
      <title>SecurityTesting</title>
      <item identifier="SecurityTesting_SCO" isvisible="true" identifierref="__4pVJrVBLN3s_course_id_RES">
        <title>SecurityTesting</title>
      </item>
    </organization>
  </organizations>
  <resources>
    <resource identifier="__4pVJrVBLN3s_course_id_RES" type="webcontent" href="index_lms.html" adlcp:scormtype="sco">
      <file href="presentation_content/thumbnail.jpg" />
      <file href="presentation_content/6kqw0twb5IE_d11_HCLTemplatecl465_TitleSlideshp14_80_DX1440_DY1440.swf" />
      <file href="mobile/6kqw0twb5IE_d11_HCLTemplatecl465_TitleSlideshp14_80_DX1440_DY1440_CX720_CY278.png" />
      <file href="presentation_content/6kqw0twb5IE_d11_HCLTemplatecl465_TitleSlideshp2_80_DX1440_DY1440.swf" />
      <file href="mobile/6kqw0twb5IE_d11_HCLTemplatecl465_TitleSlideshp2_80_DX1440_DY1440_CX720_CY21.png" />
      <file href="presentation_content/6kqw0twb5IE_d11_HCLTemplatecl465_TitleSlideshp15_80_DX1116_DY1116.swf" />
      <file href="mobile/6kqw0twb5IE_d11_HCLTemplatecl465_TitleSlideshp15_80_DX1116_DY1116_CX558_CY76.png" />
      <file href="presentation_content/6kqw0twb5IE_6gXSqjqwsCU_80_DX216_DY216.swf" />
      <file href="mobile/6kqw0twb5IE_6gXSqjqwsCU_80_DX216_DY216_CX108_CY38.png" />
      <file href="presentation_content/6kqw0twb5IE_d11_HCLTemplatesmshp19_80_DX1116_DY1116.swf" />
      <file href="mobile/6kqw0twb5IE_d11_HCLTemplatesmshp19_80_DX1116_DY1116_CX558_CY76.png" />
      <file href="presentation_content/6kqw0twb5IE_6A3tOWOwnox_80_DX216_DY216.swf" />
      <file href="mobile/6kqw0twb5IE_6A3tOWOwnox_80_DX216_DY216_CX108_CY38.png" />
      <file href="presentation_content/6kqw0twb5IE_5mXEknDiQxB_80_DX1350_DY1350.swf" />
      <file href="mobile/6kqw0twb5IE_5mXEknDiQxB_80_DX1350_DY1350_CX675_CY262.png" />
      <file href="presentation_content/6kqw0twb5IE_5lm6SOXcA1L_80_DX216_DY216.swf" />
      <file href="mobile/6kqw0twb5IE_5lm6SOXcA1L_80_DX216_DY216_CX108_CY38.png" />
      <file href="presentation_content/6kqw0twb5IE_6WBwrUdgXEZ_80_DX1350_DY1350.swf" />
      <file href="mobile/6kqw0twb5IE_6WBwrUdgXEZ_80_DX1350_DY1350_CX675_CY262.png" />
      <file href="presentation_content/6kqw0twb5IE_6Zikp7bdFqA_80_DX216_DY216.swf" />
      <file href="mobile/6kqw0twb5IE_6Zikp7bdFqA_80_DX216_DY216_CX108_CY38.png" />
      <file href="presentation_content/6kqw0twb5IE_6fyWMyw6f4B_80_DX1350_DY1350.swf" />
      <file href="mobile/6kqw0twb5IE_6fyWMyw6f4B_80_DX1350_DY1350_CX675_CY262.png" />
      <file href="presentation_content/6kqw0twb5IE_5l9yqddFbBG_80_DX216_DY216.swf" />
      <file href="mobile/6kqw0twb5IE_5l9yqddFbBG_80_DX216_DY216_CX108_CY38.png" />
      <file href="presentation_content/6kqw0twb5IE_6lQpZORyAyn_80_DX1350_DY1350.swf" />
      <file href="mobile/6kqw0twb5IE_6lQpZORyAyn_80_DX1350_DY1350_CX675_CY262.png" />
      <file href="presentation_content/6kqw0twb5IE_619S0BJ2k2t_80_DX216_DY216.swf" />
      <file href="mobile/6kqw0twb5IE_619S0BJ2k2t_80_DX216_DY216_CX108_CY38.png" />
      <file href="presentation_content/6kqw0twb5IE_5j9HWuZB1eZ_80_DX1350_DY1350.swf" />
      <file href="mobile/6kqw0twb5IE_5j9HWuZB1eZ_80_DX1350_DY1350_CX675_CY262.png" />
      <file href="presentation_content/6kqw0twb5IE_sl676shp9_80_DX284_DY284.swf" />
      <file href="mobile/6kqw0twb5IE_sl676shp9_80_DX284_DY284_CX142_CY82.png" />
      <file href="presentation_content/6kqw0twb5IE_sl676shp10_80_DX154_DY154.swf" />
      <file href="mobile/6kqw0twb5IE_sl676shp10_80_DX154_DY154_CX77_CY32.png" />
      <file href="presentation_content/6kqw0twb5IE_sl676shp12_80_DX138_DY138.swf" />
      <file href="mobile/6kqw0twb5IE_sl676shp12_80_DX138_DY138_CX69_CY24.png" />
      <file href="presentation_content/6kqw0twb5IE_6e53VhLKB5e_80_DX216_DY216.swf" />
      <file href="mobile/6kqw0twb5IE_6e53VhLKB5e_80_DX216_DY216_CX108_CY38.png" />
      <file href="presentation_content/6kqw0twb5IE_6Yy4TjuObQR_80_DX1350_DY1350.swf" />
      <file href="mobile/6kqw0twb5IE_6Yy4TjuObQR_80_DX1350_DY1350_CX675_CY262.png" />
      <file href="presentation_content/6kqw0twb5IE_sl673shp3_80_DX314_DY314.swf" />
      <file href="mobile/6kqw0twb5IE_sl673shp3_80_DX314_DY314_CX157_CY57.png" />
      <file href="presentation_content/6kqw0twb5IE_sl673shp4_80_DX314_DY314.swf" />
      <file href="mobile/6kqw0twb5IE_sl673shp4_80_DX314_DY314_CX157_CY57.png" />
      <file href="presentation_content/6kqw0twb5IE_sl673shp5_80_DX314_DY314.swf" />
      <file href="mobile/6kqw0twb5IE_sl673shp5_80_DX314_DY314_CX157_CY57.png" />
      <file href="presentation_content/6kqw0twb5IE_sl673shp6_80_DX314_DY314.swf" />
      <file href="mobile/6kqw0twb5IE_sl673shp6_80_DX314_DY314_CX157_CY57.png" />
      <file href="presentation_content/6kqw0twb5IE_sl673shp7_80_DX336_DY336.swf" />
      <file href="mobile/6kqw0twb5IE_sl673shp7_80_DX336_DY336_CX168_CY56.png" />
      <file href="presentation_content/6kqw0twb5IE_sl673shp8_80_DX356_DY356.swf" />
      <file href="mobile/6kqw0twb5IE_sl673shp8_80_DX356_DY356_CX178_CY56.png" />
      <file href="presentation_content/6kqw0twb5IE_sl673shp9_80_DX354_DY354.swf" />
      <file href="mobile/6kqw0twb5IE_sl673shp9_80_DX354_DY354_CX177_CY58.png" />
      <file href="presentation_content/6kqw0twb5IE_sl673shp10_80_DX346_DY346.swf" />
      <file href="mobile/6kqw0twb5IE_sl673shp10_80_DX346_DY346_CX173_CY56.png" />
      <file href="presentation_content/6kqw0twb5IE_sl673shp11_80_DX344_DY344.swf" />
      <file href="mobile/6kqw0twb5IE_sl673shp11_80_DX344_DY344_CX172_CY56.png" />
      <file href="presentation_content/6kqw0twb5IE_6Ys2FyRszP7_80_DX216_DY216.swf" />
      <file href="mobile/6kqw0twb5IE_6Ys2FyRszP7_80_DX216_DY216_CX108_CY38.png" />
      <file href="presentation_content/6kqw0twb5IE_5j9g1BetE4J_80_DX1350_DY1350.swf" />
      <file href="mobile/6kqw0twb5IE_5j9g1BetE4J_80_DX1350_DY1350_CX675_CY262.png" />
      <file href="presentation_content/6kqw0twb5IE_61wOBtxsYof_80_DX216_DY216.swf" />
      <file href="mobile/6kqw0twb5IE_61wOBtxsYof_80_DX216_DY216_CX108_CY38.png" />
      <file href="presentation_content/6kqw0twb5IE_6kX5nBj6PK0_80_DX1350_DY1350.swf" />
      <file href="mobile/6kqw0twb5IE_6kX5nBj6PK0_80_DX1350_DY1350_CX675_CY262.png" />
      <file href="presentation_content/6kqw0twb5IE_67NKrMblIKy_80_DX216_DY216.swf" />
      <file href="mobile/6kqw0twb5IE_67NKrMblIKy_80_DX216_DY216_CX108_CY38.png" />
      <file href="presentation_content/6kqw0twb5IE_6KCWufFKauD_80_DX1350_DY1350.swf" />
      <file href="mobile/6kqw0twb5IE_6KCWufFKauD_80_DX1350_DY1350_CX675_CY262.png" />
      <file href="presentation_content/6kqw0twb5IE_6EhuoaVmBNR_80_DX216_DY216.swf" />
      <file href="mobile/6kqw0twb5IE_6EhuoaVmBNR_80_DX216_DY216_CX108_CY38.png" />
      <file href="presentation_content/6kqw0twb5IE_6Ld51jQ2E4o_80_DX1350_DY1350.swf" />
      <file href="mobile/6kqw0twb5IE_6Ld51jQ2E4o_80_DX1350_DY1350_CX675_CY262.png" />
      <file href="presentation_content/6kqw0twb5IE_63U7ba3ruSl_80_DX216_DY216.swf" />
      <file href="mobile/6kqw0twb5IE_63U7ba3ruSl_80_DX216_DY216_CX108_CY38.png" />
      <file href="presentation_content/6kqw0twb5IE_6XgWJjdVR8g_80_DX1350_DY1350.swf" />
      <file href="mobile/6kqw0twb5IE_6XgWJjdVR8g_80_DX1350_DY1350_CX675_CY262.png" />
      <file href="presentation_content/6kqw0twb5IE_5iByp743aK4_80_DX216_DY216.swf" />
      <file href="mobile/6kqw0twb5IE_5iByp743aK4_80_DX216_DY216_CX108_CY38.png" />
      <file href="presentation_content/6kqw0twb5IE_5gNk4kAmAXy_80_DX1350_DY1350.swf" />
      <file href="mobile/6kqw0twb5IE_5gNk4kAmAXy_80_DX1350_DY1350_CX675_CY262.png" />
      <file href="presentation_content/6kqw0twb5IE_5f8tKHzdhxq_80_DX216_DY216.swf" />
      <file href="mobile/6kqw0twb5IE_5f8tKHzdhxq_80_DX216_DY216_CX108_CY38.png" />
      <file href="presentation_content/6kqw0twb5IE_5iwLsSTpP0y_80_DX1350_DY1350.swf" />
      <file href="mobile/6kqw0twb5IE_5iwLsSTpP0y_80_DX1350_DY1350_CX675_CY262.png" />
      <file href="presentation_content/6kqw0twb5IE_6iYoo3Mnmug_80_DX216_DY216.swf" />
      <file href="mobile/6kqw0twb5IE_6iYoo3Mnmug_80_DX216_DY216_CX108_CY38.png" />
      <file href="presentation_content/6kqw0twb5IE_6G4use47fEP_80_DX1350_DY1350.swf" />
      <file href="mobile/6kqw0twb5IE_6G4use47fEP_80_DX1350_DY1350_CX675_CY262.png" />
      <file href="presentation_content/6kqw0twb5IE_5Xj4EvD5xCH_80_DX216_DY216.swf" />
      <file href="mobile/6kqw0twb5IE_5Xj4EvD5xCH_80_DX216_DY216_CX108_CY38.png" />
      <file href="presentation_content/6kqw0twb5IE_5YZJh3wfgnH_80_DX1350_DY1350.swf" />
      <file href="mobile/6kqw0twb5IE_5YZJh3wfgnH_80_DX1350_DY1350_CX675_CY262.png" />
      <file href="presentation_content/6kqw0twb5IE_6BO3o1Y7XqE_80_DX216_DY216.swf" />
      <file href="mobile/6kqw0twb5IE_6BO3o1Y7XqE_80_DX216_DY216_CX108_CY38.png" />
      <file href="presentation_content/6kqw0twb5IE_6Ut2qjq8YPI_80_DX1350_DY1350.swf" />
      <file href="mobile/6kqw0twb5IE_6Ut2qjq8YPI_80_DX1350_DY1350_CX675_CY262.png" />
      <file href="presentation_content/6kqw0twb5IE_6ZnDv0UzGT0_80_DX216_DY216.swf" />
      <file href="mobile/6kqw0twb5IE_6ZnDv0UzGT0_80_DX216_DY216_CX108_CY38.png" />
      <file href="meta.xml" />
      <file href="mobile/5VTQrlK3L1D.jpg" />
      <file href="presentation_content/logo.swf" />
      <file href="presentation_content/frame.xml" />
      <file href="presentation_content/frame.js" />
      <file href="presentation_content/user.js" />
      <file href="presentation_unsupported.html" />
      <file href="mobile/Slide6kqw0twb5IE_d1sm.jpg" />
      <file href="mobile/app_store.png" />
      <file href="mobile/linen_background.jpg" />
      <file href="mobile/mobile_icon.png" />
      <file href="mobile/player.css" />
      <file href="mobile/player_compiled.js" />
      <file href="presentation_content/fonts.swf" />
      <file href="mobile/fonts.js" />
      <file href="presentation.swf" />
      <file href="presentation_content/frame.swf" />
      <file href="presentation_content/slides/5aZN9wmJ1kI.swf" />
      <file href="mobile/slides/5aZN9wmJ1kI.js" />
      <file href="presentation_content/slides/6ftjSkw7ECN.swf" />
      <file href="mobile/slides/6ftjSkw7ECN.js" />
      <file href="presentation_content/slides/5qzUGAsEq1P.swf" />
      <file href="mobile/slides/5qzUGAsEq1P.js" />
      <file href="presentation_content/slides/6nhr7i6uIjq.swf" />
      <file href="mobile/slides/6nhr7i6uIjq.js" />
      <file href="presentation_content/slides/5ceDFJh93zz.swf" />
      <file href="mobile/slides/5ceDFJh93zz.js" />
      <file href="presentation_content/slides/6PI8WF5t1br.swf" />
      <file href="mobile/slides/6PI8WF5t1br.js" />
      <file href="presentation_content/slides/5XY0vBrzj8Q.swf" />
      <file href="mobile/slides/5XY0vBrzj8Q.js" />
      <file href="presentation_content/slides/6B5mRoVNqPa.swf" />
      <file href="mobile/slides/6B5mRoVNqPa.js" />
      <file href="presentation_content/slides/62UKqtZJrQh.swf" />
      <file href="mobile/slides/62UKqtZJrQh.js" />
      <file href="presentation_content/slides/5W3YvTpBEVr.swf" />
      <file href="mobile/slides/5W3YvTpBEVr.js" />
      <file href="presentation_content/slides/5iHyh7YFxEF.swf" />
      <file href="mobile/slides/5iHyh7YFxEF.js" />
      <file href="presentation_content/slides/6h8pde0zRXe.swf" />
      <file href="mobile/slides/6h8pde0zRXe.js" />
      <file href="presentation_content/slides/605ZfNTSu5L.swf" />
      <file href="mobile/slides/605ZfNTSu5L.js" />
      <file href="presentation_content/slides/5x2hU1rEGZE.swf" />
      <file href="mobile/slides/5x2hU1rEGZE.js" />
      <file href="presentation_content/slides/692QpIBPCkn.swf" />
      <file href="mobile/slides/692QpIBPCkn.js" />
      <file href="presentation_content/slides/5dLnOc8uvvT.swf" />
      <file href="mobile/slides/5dLnOc8uvvT.js" />
      <file href="presentation_content/slides/6QHov5y9ewt.swf" />
      <file href="mobile/slides/6QHov5y9ewt.js" />
      <file href="presentation_content/slides/5kVEjXtdTqr.swf" />
      <file href="mobile/slides/5kVEjXtdTqr.js" />
      <file href="presentation_content/data.swf" />
      <file href="mobile/data.js" />
      <file href="mobile/masks.js" />
      <file href="presentation.html" />
      <file href="presentation_html5.html" />
      <file href="index_lms_html5.html" />
      <file href="presentation_content/blank.html" />
      <file href="presentation_content/presentation.js" />
      <file href="index_lms.html" />
      <file href="lms/AICCComm.html" />
      <file href="lms/AICCFunctions.js" />
      <file href="lms/API.js" />
      <file href="lms/APIConstants.js" />
      <file href="lms/blank.html" />
      <file href="lms/browsersniff.js" />
      <file href="lms/Configuration.js" />
      <file href="lms/goodbye.html" />
      <file href="lms/lms.js" />
      <file href="lms/LMSAPI.js" />
      <file href="lms/NONEFunctions.js" />
      <file href="lms/SCORM2004Functions.js" />
      <file href="lms/SCORMFunctions.js" />
      <file href="lms/UtilityFunctions.js" />
    </resource>
  </resources>
</manifest>