<?xml version="1.0" encoding="utf-8"?>
<manifest identifier="_48d2oxv2o3N_course_id" version="1.0" xmlns="http://www.imsproject.org/xsd/imscp_rootv1p1p2" xmlns:adlcp="http://www.adlnet.org/xsd/adlcp_rootv1p2" xmlns:xsi="http://www.w3.org/2001/XMLSchema-instance" xsi:schemaLocation="http://www.imsproject.org/xsd/imscp_rootv1p1p2 imscp_rootv1p1p2.xsd http://www.imsglobal.org/xsd/imsmd_rootv1p2p1 imsmd_rootv1p2p1.xsd http://www.adlnet.org/xsd/adlcp_rootv1p2 adlcp_rootv1p2.xsd">
  <metadata>
    <schema>ADL SCORM</schema>
    <schemaversion>1.2</schemaversion>
    <lom xmlns="http://www.imsglobal.org/xsd/imsmd_rootv1p2p1" xmlns:xsi="http://www.w3.org/2001/XMLSchema-instance" xsi:schemaLocation="http://www.imsglobal.org/xsd/imsmd_rootv1p2p1 imsmd_rootv1p2p1.xsd">
      <general>
        <title>
          <langstring xml:lang="x-none">SoftwareTestingLifeCycle</langstring>
        </title>
      </general>
      <lifecycle>
        <version>
          <langstring xml:lang="x-none">1</langstring>
        </version>
        <status>
          <source>
            <langstring xml:lang="x-none">LOMv1.0</langstring>
          </source>
          <value>
            <langstring xml:lang="x-none">Final</langstring>
          </value>
        </status>
      </lifecycle>
      <metametadata>
        <metadatascheme>ADL SCORM 1.2</metadatascheme>
      </metametadata>
      <educational>
        <typicallearningtime>
          <datetime>PT0H0M0S</datetime>
        </typicallearningtime>
      </educational>
      <rights>
        <cost>
          <source>
            <langstring xml:lang="x-none">LOMv1.0</langstring>
          </source>
          <value>
            <langstring xml:lang="x-none">yes</langstring>
          </value>
        </cost>
        <copyrightandotherrestrictions>
          <source>
            <langstring xml:lang="x-none">LOMv1.0</langstring>
          </source>
          <value>
            <langstring xml:lang="x-none">yes</langstring>
          </value>
        </copyrightandotherrestrictions>
      </rights>
    </lom>
  </metadata>
  <organizations default="SoftwareTestingLifeCycle_ORG">
    <organization identifier="SoftwareTestingLifeCycle_ORG">
      <title>SoftwareTestingLifeCycle</title>
      <item identifier="SoftwareTestingLifeCycle_SCO" isvisible="true" identifierref="__48d2oxv2o3N_course_id_RES">
        <title>SoftwareTestingLifeCycle</title>
      </item>
    </organization>
  </organizations>
  <resources>
    <resource identifier="__48d2oxv2o3N_course_id_RES" type="webcontent" href="index_lms.html" adlcp:scormtype="sco">
      <file href="presentation_content/thumbnail.jpg" />
      <file href="presentation_content/5VmbWZ0nwMF_d11_HCLTemplatecl465_TitleSlideshp14_80_DX1440_DY1440.swf" />
      <file href="mobile/5VmbWZ0nwMF_d11_HCLTemplatecl465_TitleSlideshp14_80_DX1440_DY1440_CX720_CY278.png" />
      <file href="presentation_content/5VmbWZ0nwMF_d11_HCLTemplatecl465_TitleSlideshp2_80_DX1440_DY1440.swf" />
      <file href="mobile/5VmbWZ0nwMF_d11_HCLTemplatecl465_TitleSlideshp2_80_DX1440_DY1440_CX720_CY21.png" />
      <file href="presentation_content/5VmbWZ0nwMF_d11_HCLTemplatecl465_TitleSlideshp15_80_DX1116_DY1116.swf" />
      <file href="mobile/5VmbWZ0nwMF_d11_HCLTemplatecl465_TitleSlideshp15_80_DX1116_DY1116_CX558_CY76.png" />
      <file href="presentation_content/5VmbWZ0nwMF_5hWCDtyILGB_80_DX216_DY216.swf" />
      <file href="mobile/5VmbWZ0nwMF_5hWCDtyILGB_80_DX216_DY216_CX108_CY38.png" />
      <file href="presentation_content/5VmbWZ0nwMF_d11_HCLTemplatesmshp19_80_DX1116_DY1116.swf" />
      <file href="mobile/5VmbWZ0nwMF_d11_HCLTemplatesmshp19_80_DX1116_DY1116_CX558_CY76.png" />
      <file href="presentation_content/5VmbWZ0nwMF_6rX6dsso8Pc_80_DX216_DY216.swf" />
      <file href="mobile/5VmbWZ0nwMF_6rX6dsso8Pc_80_DX216_DY216_CX108_CY38.png" />
      <file href="presentation_content/5VmbWZ0nwMF_63p5W406f7e_80_DX1350_DY1350.swf" />
      <file href="mobile/5VmbWZ0nwMF_63p5W406f7e_80_DX1350_DY1350_CX675_CY262.png" />
      <file href="presentation_content/5VmbWZ0nwMF_6la1y991RHy_80_DX216_DY216.swf" />
      <file href="mobile/5VmbWZ0nwMF_6la1y991RHy_80_DX216_DY216_CX108_CY38.png" />
      <file href="presentation_content/5VmbWZ0nwMF_5mcPyanRDhX_80_DX1350_DY1350.swf" />
      <file href="mobile/5VmbWZ0nwMF_5mcPyanRDhX_80_DX1350_DY1350_CX675_CY262.png" />
      <file href="presentation_content/5VmbWZ0nwMF_6779Y4I4BUA_80_DX216_DY216.swf" />
      <file href="mobile/5VmbWZ0nwMF_6779Y4I4BUA_80_DX216_DY216_CX108_CY38.png" />
      <file href="presentation_content/5VmbWZ0nwMF_5WWE9DRGNaI_80_DX1350_DY1350.swf" />
      <file href="mobile/5VmbWZ0nwMF_5WWE9DRGNaI_80_DX1350_DY1350_CX675_CY262.png" />
      <file href="presentation_content/5VmbWZ0nwMF_5nSblBnaTUY_80_DX216_DY216.swf" />
      <file href="mobile/5VmbWZ0nwMF_5nSblBnaTUY_80_DX216_DY216_CX108_CY38.png" />
      <file href="presentation_content/5VmbWZ0nwMF_5qQX5nd0S7J_80_DX1350_DY1350.swf" />
      <file href="mobile/5VmbWZ0nwMF_5qQX5nd0S7J_80_DX1350_DY1350_CX675_CY262.png" />
      <file href="presentation_content/5VmbWZ0nwMF_635sujMd0Rb_80_DX216_DY216.swf" />
      <file href="mobile/5VmbWZ0nwMF_635sujMd0Rb_80_DX216_DY216_CX108_CY38.png" />
      <file href="presentation_content/5VmbWZ0nwMF_649yFN1Joqh_80_DX1350_DY1350.swf" />
      <file href="mobile/5VmbWZ0nwMF_649yFN1Joqh_80_DX1350_DY1350_CX675_CY262.png" />
      <file href="presentation_content/5VmbWZ0nwMF_6jpp9IHZCgO_80_DX216_DY216.swf" />
      <file href="mobile/5VmbWZ0nwMF_6jpp9IHZCgO_80_DX216_DY216_CX108_CY38.png" />
      <file href="presentation_content/5VmbWZ0nwMF_6RDq01HGNmY_80_DX1350_DY1350.swf" />
      <file href="mobile/5VmbWZ0nwMF_6RDq01HGNmY_80_DX1350_DY1350_CX675_CY262.png" />
      <file href="presentation_content/5VmbWZ0nwMF_5mIYUWCI7a0_80_DX216_DY216.swf" />
      <file href="mobile/5VmbWZ0nwMF_5mIYUWCI7a0_80_DX216_DY216_CX108_CY38.png" />
      <file href="presentation_content/5VmbWZ0nwMF_6pDzlLsjC8b_80_DX1350_DY1350.swf" />
      <file href="mobile/5VmbWZ0nwMF_6pDzlLsjC8b_80_DX1350_DY1350_CX675_CY262.png" />
      <file href="presentation_content/5VmbWZ0nwMF_5fCbKW0rGve_80_DX216_DY216.swf" />
      <file href="mobile/5VmbWZ0nwMF_5fCbKW0rGve_80_DX216_DY216_CX108_CY38.png" />
      <file href="presentation_content/5VmbWZ0nwMF_5l2gcY5FCFz_80_DX1350_DY1350.swf" />
      <file href="mobile/5VmbWZ0nwMF_5l2gcY5FCFz_80_DX1350_DY1350_CX675_CY262.png" />
      <file href="presentation_content/5VmbWZ0nwMF_5a6YKmOBH3A_80_DX216_DY216.swf" />
      <file href="mobile/5VmbWZ0nwMF_5a6YKmOBH3A_80_DX216_DY216_CX108_CY38.png" />
      <file href="presentation_content/5VmbWZ0nwMF_5k77SQVpNVF_80_DX1350_DY1350.swf" />
      <file href="mobile/5VmbWZ0nwMF_5k77SQVpNVF_80_DX1350_DY1350_CX675_CY262.png" />
      <file href="presentation_content/5VmbWZ0nwMF_5r4miToTGYV_80_DX216_DY216.swf" />
      <file href="mobile/5VmbWZ0nwMF_5r4miToTGYV_80_DX216_DY216_CX108_CY38.png" />
      <file href="meta.xml" />
      <file href="mobile/6LetMGSWhD2.jpg" />
      <file href="presentation_content/logo.swf" />
      <file href="presentation_content/frame.xml" />
      <file href="presentation_content/frame.js" />
      <file href="presentation_content/user.js" />
      <file href="presentation_unsupported.html" />
      <file href="mobile/Slide5VmbWZ0nwMF_d1sm.jpg" />
      <file href="mobile/app_store.png" />
      <file href="mobile/linen_background.jpg" />
      <file href="mobile/mobile_icon.png" />
      <file href="mobile/player.css" />
      <file href="mobile/player_compiled.js" />
      <file href="presentation_content/fonts.swf" />
      <file href="mobile/fonts.js" />
      <file href="presentation.swf" />
      <file href="presentation_content/frame.swf" />
      <file href="presentation_content/slides/6bZrANgnQtD.swf" />
      <file href="mobile/slides/6bZrANgnQtD.js" />
      <file href="presentation_content/slides/682bSXod4m2.swf" />
      <file href="mobile/slides/682bSXod4m2.js" />
      <file href="presentation_content/slides/62N3XzFcsFZ.swf" />
      <file href="mobile/slides/62N3XzFcsFZ.js" />
      <file href="presentation_content/slides/6VvV1h38PHv.swf" />
      <file href="mobile/slides/6VvV1h38PHv.js" />
      <file href="presentation_content/slides/6HZTdASUkLI.swf" />
      <file href="mobile/slides/6HZTdASUkLI.js" />
      <file href="presentation_content/slides/6qR0nWqS98H.swf" />
      <file href="mobile/slides/6qR0nWqS98H.js" />
      <file href="presentation_content/slides/5qPQXmP8PwE.swf" />
      <file href="mobile/slides/5qPQXmP8PwE.js" />
      <file href="presentation_content/slides/5b5raV2y2lU.swf" />
      <file href="mobile/slides/5b5raV2y2lU.js" />
      <file href="presentation_content/slides/6QMs2aMyND4.swf" />
      <file href="mobile/slides/6QMs2aMyND4.js" />
      <file href="presentation_content/slides/6m6JJfeuzzH.swf" />
      <file href="mobile/slides/6m6JJfeuzzH.js" />
      <file href="presentation_content/slides/6E98b8JTA0h.swf" />
      <file href="mobile/slides/6E98b8JTA0h.js" />
      <file href="presentation_content/data.swf" />
      <file href="mobile/data.js" />
      <file href="mobile/masks.js" />
      <file href="presentation.html" />
      <file href="presentation_html5.html" />
      <file href="index_lms_html5.html" />
      <file href="presentation_content/blank.html" />
      <file href="presentation_content/presentation.js" />
      <file href="index_lms.html" />
      <file href="lms/AICCComm.html" />
      <file href="lms/AICCFunctions.js" />
      <file href="lms/API.js" />
      <file href="lms/APIConstants.js" />
      <file href="lms/blank.html" />
      <file href="lms/browsersniff.js" />
      <file href="lms/Configuration.js" />
      <file href="lms/goodbye.html" />
      <file href="lms/lms.js" />
      <file href="lms/LMSAPI.js" />
      <file href="lms/NONEFunctions.js" />
      <file href="lms/SCORM2004Functions.js" />
      <file href="lms/SCORMFunctions.js" />
      <file href="lms/UtilityFunctions.js" />
    </resource>
  </resources>
</manifest>