<?xml version="1.0" encoding="utf-8"?>
<manifest identifier="_5b6CKaGwwde_course_id" version="1.0" xmlns="http://www.imsproject.org/xsd/imscp_rootv1p1p2" xmlns:adlcp="http://www.adlnet.org/xsd/adlcp_rootv1p2" xmlns:xsi="http://www.w3.org/2001/XMLSchema-instance" xsi:schemaLocation="http://www.imsproject.org/xsd/imscp_rootv1p1p2 imscp_rootv1p1p2.xsd http://www.imsglobal.org/xsd/imsmd_rootv1p2p1 imsmd_rootv1p2p1.xsd http://www.adlnet.org/xsd/adlcp_rootv1p2 adlcp_rootv1p2.xsd">
  <metadata>
    <schema>ADL SCORM</schema>
    <schemaversion>1.2</schemaversion>
    <lom xmlns="http://www.imsglobal.org/xsd/imsmd_rootv1p2p1" xmlns:xsi="http://www.w3.org/2001/XMLSchema-instance" xsi:schemaLocation="http://www.imsglobal.org/xsd/imsmd_rootv1p2p1 imsmd_rootv1p2p1.xsd">
      <general>
        <title>
          <langstring xml:lang="x-none">OverviewofAutomation</langstring>
        </title>
      </general>
      <lifecycle>
        <version>
          <langstring xml:lang="x-none">1</langstring>
        </version>
        <status>
          <source>
            <langstring xml:lang="x-none">LOMv1.0</langstring>
          </source>
          <value>
            <langstring xml:lang="x-none">Final</langstring>
          </value>
        </status>
      </lifecycle>
      <metametadata>
        <metadatascheme>ADL SCORM 1.2</metadatascheme>
      </metametadata>
      <educational>
        <typicallearningtime>
          <datetime>PT0H0M0S</datetime>
        </typicallearningtime>
      </educational>
      <rights>
        <cost>
          <source>
            <langstring xml:lang="x-none">LOMv1.0</langstring>
          </source>
          <value>
            <langstring xml:lang="x-none">yes</langstring>
          </value>
        </cost>
        <copyrightandotherrestrictions>
          <source>
            <langstring xml:lang="x-none">LOMv1.0</langstring>
          </source>
          <value>
            <langstring xml:lang="x-none">yes</langstring>
          </value>
        </copyrightandotherrestrictions>
      </rights>
    </lom>
  </metadata>
  <organizations default="OverviewofAutomation_ORG">
    <organization identifier="OverviewofAutomation_ORG">
      <title>OverviewofAutomation</title>
      <item identifier="OverviewofAutomation_SCO" isvisible="true" identifierref="__5b6CKaGwwde_course_id_RES">
        <title>OverviewofAutomation</title>
      </item>
    </organization>
  </organizations>
  <resources>
    <resource identifier="__5b6CKaGwwde_course_id_RES" type="webcontent" href="index_lms.html" adlcp:scormtype="sco">
      <file href="presentation_content/thumbnail.jpg" />
      <file href="presentation_content/5ncsaCLsmmx_d11_HCLTemplatecl465_TitleSlideshp14_80_DX1440_DY1440.swf" />
      <file href="mobile/5ncsaCLsmmx_d11_HCLTemplatecl465_TitleSlideshp14_80_DX1440_DY1440_CX720_CY278.png" />
      <file href="presentation_content/5ncsaCLsmmx_d11_HCLTemplatecl465_TitleSlideshp2_80_DX1440_DY1440.swf" />
      <file href="mobile/5ncsaCLsmmx_d11_HCLTemplatecl465_TitleSlideshp2_80_DX1440_DY1440_CX720_CY21.png" />
      <file href="presentation_content/5ncsaCLsmmx_d11_HCLTemplatecl465_TitleSlideshp15_80_DX1116_DY1116.swf" />
      <file href="mobile/5ncsaCLsmmx_d11_HCLTemplatecl465_TitleSlideshp15_80_DX1116_DY1116_CX558_CY76.png" />
      <file href="presentation_content/5ncsaCLsmmx_5qWRhqxBmvO_80_DX216_DY216.swf" />
      <file href="mobile/5ncsaCLsmmx_5qWRhqxBmvO_80_DX216_DY216_CX108_CY38.png" />
      <file href="presentation_content/5ncsaCLsmmx_d11_HCLTemplatesmshp19_80_DX1116_DY1116.swf" />
      <file href="mobile/5ncsaCLsmmx_d11_HCLTemplatesmshp19_80_DX1116_DY1116_CX558_CY76.png" />
      <file href="presentation_content/5ncsaCLsmmx_6TdLE9Lepyq_80_DX216_DY216.swf" />
      <file href="mobile/5ncsaCLsmmx_6TdLE9Lepyq_80_DX216_DY216_CX108_CY38.png" />
      <file href="presentation_content/5ncsaCLsmmx_61FOhcdWVk5_80_DX1350_DY1350.swf" />
      <file href="mobile/5ncsaCLsmmx_61FOhcdWVk5_80_DX1350_DY1350_CX675_CY262.png" />
      <file href="presentation_content/5ncsaCLsmmx_6ltkyfwkKzU_80_DX748_DY748.swf" />
      <file href="mobile/5ncsaCLsmmx_6ltkyfwkKzU_80_DX748_DY748_CX374_CY247.png" />
      <file href="presentation_content/5ncsaCLsmmx_5jr0gSOHkUD_80_DX216_DY216.swf" />
      <file href="mobile/5ncsaCLsmmx_5jr0gSOHkUD_80_DX216_DY216_CX108_CY38.png" />
      <file href="presentation_content/5ncsaCLsmmx_6Eysc2XD7DP_80_DX1350_DY1350.swf" />
      <file href="mobile/5ncsaCLsmmx_6Eysc2XD7DP_80_DX1350_DY1350_CX675_CY262.png" />
      <file href="presentation_content/5ncsaCLsmmx_6h5kcngcxrG_80_DX748_DY748.swf" />
      <file href="mobile/5ncsaCLsmmx_6h5kcngcxrG_80_DX748_DY748_CX374_CY247.png" />
      <file href="presentation_content/5ncsaCLsmmx_sl742shp29_80_DX726_DY726.swf" />
      <file href="mobile/5ncsaCLsmmx_sl742shp29_80_DX726_DY726_CX363_CY149.png" />
      <file href="presentation_content/5ncsaCLsmmx_5dL1BN6OXqK_80_DX216_DY216.swf" />
      <file href="mobile/5ncsaCLsmmx_5dL1BN6OXqK_80_DX216_DY216_CX108_CY38.png" />
      <file href="presentation_content/5ncsaCLsmmx_6h5LBxOk49V_80_DX1350_DY1350.swf" />
      <file href="mobile/5ncsaCLsmmx_6h5LBxOk49V_80_DX1350_DY1350_CX675_CY262.png" />
      <file href="presentation_content/5ncsaCLsmmx_6iUGHuaAPw9_80_DX1440_DY1440.jpg" />
      <file href="mobile/5ncsaCLsmmx_6iUGHuaAPw9_80_DX1440_DY1440_CX720_CY415.jpg" />
      <file href="presentation_content/5ncsaCLsmmx_6lDjRWsuv4y_80_DX1350_DY1350.swf" />
      <file href="mobile/5ncsaCLsmmx_6lDjRWsuv4y_80_DX1350_DY1350_CX675_CY262.png" />
      <file href="presentation_content/5ncsaCLsmmx_5yjN94NuVCB_80_DX216_DY216.swf" />
      <file href="mobile/5ncsaCLsmmx_5yjN94NuVCB_80_DX216_DY216_CX108_CY38.png" />
      <file href="presentation_content/5ncsaCLsmmx_5fCtyjsRuFG_80_DX1350_DY1350.swf" />
      <file href="mobile/5ncsaCLsmmx_5fCtyjsRuFG_80_DX1350_DY1350_CX675_CY262.png" />
      <file href="presentation_content/5ncsaCLsmmx_sl675shp4idx10_80_DX952_DY952.swf" />
      <file href="mobile/5ncsaCLsmmx_sl675shp4idx10_80_DX952_DY952_CX476_CY51.png" />
      <file href="presentation_content/5ncsaCLsmmx_sl675shp4idx12_80_DX102_DY102.swf" />
      <file href="mobile/5ncsaCLsmmx_sl675shp4idx12_80_DX102_DY102_CX51_CY51.png" />
      <file href="presentation_content/5ncsaCLsmmx_sl675shp4idx13_80_DX952_DY952.swf" />
      <file href="mobile/5ncsaCLsmmx_sl675shp4idx13_80_DX952_DY952_CX476_CY52.png" />
      <file href="presentation_content/5ncsaCLsmmx_sl675shp4idx15_80_DX102_DY102.swf" />
      <file href="mobile/5ncsaCLsmmx_sl675shp4idx15_80_DX102_DY102_CX51_CY51.png" />
      <file href="presentation_content/5ncsaCLsmmx_sl675shp4idx16_80_DX952_DY952.swf" />
      <file href="mobile/5ncsaCLsmmx_sl675shp4idx16_80_DX952_DY952_CX476_CY51.png" />
      <file href="presentation_content/5ncsaCLsmmx_sl675shp4idx18_80_DX102_DY102.swf" />
      <file href="mobile/5ncsaCLsmmx_sl675shp4idx18_80_DX102_DY102_CX51_CY51.png" />
      <file href="presentation_content/5ncsaCLsmmx_sl675shp4idx5_80_DX952_DY952.swf" />
      <file href="mobile/5ncsaCLsmmx_sl675shp4idx5_80_DX952_DY952_CX476_CY51.png" />
      <file href="presentation_content/5ncsaCLsmmx_sl675shp4idx8_80_DX102_DY102.swf" />
      <file href="mobile/5ncsaCLsmmx_sl675shp4idx8_80_DX102_DY102_CX51_CY51.png" />
      <file href="presentation_content/5ncsaCLsmmx_sl675shp4idx22_80_DX954_DY954.swf" />
      <file href="mobile/5ncsaCLsmmx_sl675shp4idx22_80_DX954_DY954_CX477_CY51.png" />
      <file href="presentation_content/5ncsaCLsmmx_sl675shp4idx24_80_DX102_DY102.swf" />
      <file href="mobile/5ncsaCLsmmx_sl675shp4idx24_80_DX102_DY102_CX51_CY51.png" />
      <file href="presentation_content/5ncsaCLsmmx_sl675shp4idx25_80_DX954_DY954.swf" />
      <file href="mobile/5ncsaCLsmmx_sl675shp4idx25_80_DX954_DY954_CX477_CY52.png" />
      <file href="presentation_content/5ncsaCLsmmx_sl675shp4idx27_80_DX102_DY102.swf" />
      <file href="mobile/5ncsaCLsmmx_sl675shp4idx27_80_DX102_DY102_CX51_CY51.png" />
      <file href="presentation_content/5ncsaCLsmmx_6kjapRd7ZL9_80_DX1350_DY1350.swf" />
      <file href="mobile/5ncsaCLsmmx_6kjapRd7ZL9_80_DX1350_DY1350_CX675_CY262.png" />
      <file href="presentation_content/5ncsaCLsmmx_6jLSUBRzkIl_80_DX216_DY216.swf" />
      <file href="mobile/5ncsaCLsmmx_6jLSUBRzkIl_80_DX216_DY216_CX108_CY38.png" />
      <file href="presentation_content/5ncsaCLsmmx_5b99LReBa9F_80_DX1350_DY1350.swf" />
      <file href="mobile/5ncsaCLsmmx_5b99LReBa9F_80_DX1350_DY1350_CX675_CY262.png" />
      <file href="presentation_content/5ncsaCLsmmx_5uHyCcp33WO_80_DX1440_DY1440.jpg" />
      <file href="mobile/5ncsaCLsmmx_5uHyCcp33WO_80_DX1440_DY1440_CX720_CY420.jpg" />
      <file href="presentation_content/5ncsaCLsmmx_6Tw1gIG8Kug_80_DX1350_DY1350.swf" />
      <file href="mobile/5ncsaCLsmmx_6Tw1gIG8Kug_80_DX1350_DY1350_CX675_CY262.png" />
      <file href="presentation_content/5ncsaCLsmmx_60lmL4pLM1l_80_DX216_DY216.swf" />
      <file href="mobile/5ncsaCLsmmx_60lmL4pLM1l_80_DX216_DY216_CX108_CY38.png" />
      <file href="presentation_content/5ncsaCLsmmx_6oOaEyljxS7_80_DX1350_DY1350.swf" />
      <file href="mobile/5ncsaCLsmmx_6oOaEyljxS7_80_DX1350_DY1350_CX675_CY262.png" />
      <file href="presentation_content/5ncsaCLsmmx_63YcujM7rMH_80_P_76_0_416_320_DX718_DY718.swf" />
      <file href="mobile/5ncsaCLsmmx_63YcujM7rMH_80_P_76_0_416_320_DX718_DY718_CX359_CY276.png" />
      <file href="presentation_content/5ncsaCLsmmx_5oeXmjUg48t_80_DX216_DY216.swf" />
      <file href="mobile/5ncsaCLsmmx_5oeXmjUg48t_80_DX216_DY216_CX108_CY38.png" />
      <file href="presentation_content/5ncsaCLsmmx_5zgDnZy0WHL_80_DX1350_DY1350.swf" />
      <file href="mobile/5ncsaCLsmmx_5zgDnZy0WHL_80_DX1350_DY1350_CX675_CY262.png" />
      <file href="presentation_content/5ncsaCLsmmx_63I43xtkp8O_80_DX456_DY456.jpg" />
      <file href="mobile/5ncsaCLsmmx_63I43xtkp8O_80_DX456_DY456_CX228_CY222.jpg" />
      <file href="presentation_content/5ncsaCLsmmx_6E7HhEEFfzA_80_DX216_DY216.swf" />
      <file href="mobile/5ncsaCLsmmx_6E7HhEEFfzA_80_DX216_DY216_CX108_CY38.png" />
      <file href="presentation_content/5ncsaCLsmmx_6IO7rjv4NEf_80_DX1350_DY1350.swf" />
      <file href="mobile/5ncsaCLsmmx_6IO7rjv4NEf_80_DX1350_DY1350_CX675_CY262.png" />
      <file href="presentation_content/5ncsaCLsmmx_69yjyw1MxXx_80_DX456_DY456.jpg" />
      <file href="mobile/5ncsaCLsmmx_69yjyw1MxXx_80_DX456_DY456_CX228_CY222.jpg" />
      <file href="presentation_content/5ncsaCLsmmx_6hiERrTK5vx_80_DX216_DY216.swf" />
      <file href="mobile/5ncsaCLsmmx_6hiERrTK5vx_80_DX216_DY216_CX108_CY38.png" />
      <file href="presentation_content/5ncsaCLsmmx_6PCWi40rnXr_80_DX1350_DY1350.swf" />
      <file href="mobile/5ncsaCLsmmx_6PCWi40rnXr_80_DX1350_DY1350_CX675_CY262.png" />
      <file href="presentation_content/5ncsaCLsmmx_5d5BBHwzV0H_80_DX456_DY456.jpg" />
      <file href="mobile/5ncsaCLsmmx_5d5BBHwzV0H_80_DX456_DY456_CX228_CY222.jpg" />
      <file href="presentation_content/5ncsaCLsmmx_6NmiMx2S4Pf_80_DX216_DY216.swf" />
      <file href="mobile/5ncsaCLsmmx_6NmiMx2S4Pf_80_DX216_DY216_CX108_CY38.png" />
      <file href="presentation_content/5ncsaCLsmmx_6SyyIUoRhIg_80_DX1350_DY1350.swf" />
      <file href="mobile/5ncsaCLsmmx_6SyyIUoRhIg_80_DX1350_DY1350_CX675_CY262.png" />
      <file href="presentation_content/5ncsaCLsmmx_sl749shp6idx12_80_DX122_DY122.swf" />
      <file href="mobile/5ncsaCLsmmx_sl749shp6idx12_80_DX122_DY122_CX61_CY38.png" />
      <file href="presentation_content/5ncsaCLsmmx_sl749shp6idx15_80_DX186_DY186.swf" />
      <file href="mobile/5ncsaCLsmmx_sl749shp6idx15_80_DX186_DY186_CX8_CY93.png" />
      <file href="presentation_content/5ncsaCLsmmx_sl749shp6idx18_80_DX122_DY122.swf" />
      <file href="mobile/5ncsaCLsmmx_sl749shp6idx18_80_DX122_DY122_CX61_CY38.png" />
      <file href="presentation_content/5ncsaCLsmmx_sl749shp6idx5_80_DX122_DY122.swf" />
      <file href="mobile/5ncsaCLsmmx_sl749shp6idx5_80_DX122_DY122_CX61_CY38.png" />
      <file href="presentation_content/5ncsaCLsmmx_sl749shp6idx24_80_DX186_DY186.swf" />
      <file href="mobile/5ncsaCLsmmx_sl749shp6idx24_80_DX186_DY186_CX8_CY93.png" />
      <file href="presentation_content/5ncsaCLsmmx_sl749shp6idx27_80_DX122_DY122.swf" />
      <file href="mobile/5ncsaCLsmmx_sl749shp6idx27_80_DX122_DY122_CX61_CY38.png" />
      <file href="presentation_content/5ncsaCLsmmx_5ZJWV7JI0B1_80_DX216_DY216.swf" />
      <file href="mobile/5ncsaCLsmmx_5ZJWV7JI0B1_80_DX216_DY216_CX108_CY38.png" />
      <file href="presentation_content/5ncsaCLsmmx_5oBXKPZ3LQ3_80_DX1350_DY1350.swf" />
      <file href="mobile/5ncsaCLsmmx_5oBXKPZ3LQ3_80_DX1350_DY1350_CX675_CY262.png" />
      <file href="presentation_content/5ncsaCLsmmx_sl750shp3_80_DX1380_DY1380.swf" />
      <file href="mobile/5ncsaCLsmmx_sl750shp3_80_DX1380_DY1380_CX690_CY414.png" />
      <file href="presentation_content/5ncsaCLsmmx_66CzE7HMRnV_80_DX1350_DY1350.swf" />
      <file href="mobile/5ncsaCLsmmx_66CzE7HMRnV_80_DX1350_DY1350_CX675_CY262.png" />
      <file href="presentation_content/5ncsaCLsmmx_5tNxUto6wUC_80_DX216_DY216.swf" />
      <file href="mobile/5ncsaCLsmmx_5tNxUto6wUC_80_DX216_DY216_CX108_CY38.png" />
      <file href="presentation_content/5ncsaCLsmmx_5yGmJ6wi8s0_80_DX1350_DY1350.swf" />
      <file href="mobile/5ncsaCLsmmx_5yGmJ6wi8s0_80_DX1350_DY1350_CX675_CY262.png" />
      <file href="presentation_content/5ncsaCLsmmx_5zOnPQu5Fvm_80_DX420_DY420.swf" />
      <file href="mobile/5ncsaCLsmmx_5zOnPQu5Fvm_80_DX420_DY420_CX209_CY210.png" />
      <file href="presentation_content/5ncsaCLsmmx_6kUQ43V2po0_80_DX442_DY442.swf" />
      <file href="mobile/5ncsaCLsmmx_6kUQ43V2po0_80_DX442_DY442_CX220_CY221.png" />
      <file href="presentation_content/5ncsaCLsmmx_6kQUXhu4Kfw_80_DX446_DY446.swf" />
      <file href="mobile/5ncsaCLsmmx_6kQUXhu4Kfw_80_DX446_DY446_CX222_CY223.png" />
      <file href="presentation_content/5ncsaCLsmmx_5ljdR9VNyZ3_80_DX556_DY556.swf" />
      <file href="mobile/5ncsaCLsmmx_5ljdR9VNyZ3_80_DX556_DY556_CX278_CY270.png" />
      <file href="presentation_content/5ncsaCLsmmx_5wTUE9nRAWn_80_DX500_DY500.swf" />
      <file href="mobile/5ncsaCLsmmx_5wTUE9nRAWn_80_DX500_DY500_CX249_CY250.png" />
      <file href="presentation_content/5ncsaCLsmmx_68usnA77Uxt_80_DX216_DY216.swf" />
      <file href="mobile/5ncsaCLsmmx_68usnA77Uxt_80_DX216_DY216_CX108_CY38.png" />
      <file href="presentation_content/5ncsaCLsmmx_5xZfVeSP7Gy_80_DX1350_DY1350.swf" />
      <file href="mobile/5ncsaCLsmmx_5xZfVeSP7Gy_80_DX1350_DY1350_CX675_CY262.png" />
      <file href="presentation_content/5ncsaCLsmmx_5fdA1G6hSBR_80_DX1340_DY1340.jpg" />
      <file href="mobile/5ncsaCLsmmx_5fdA1G6hSBR_80_DX1340_DY1340_CX670_CY405.jpg" />
      <file href="presentation_content/5ncsaCLsmmx_5Z49ChjCDZH_80_DX1350_DY1350.swf" />
      <file href="mobile/5ncsaCLsmmx_5Z49ChjCDZH_80_DX1350_DY1350_CX675_CY262.png" />
      <file href="presentation_content/5ncsaCLsmmx_5fmEzeIYaC0_80_DX216_DY216.swf" />
      <file href="mobile/5ncsaCLsmmx_5fmEzeIYaC0_80_DX216_DY216_CX108_CY38.png" />
      <file href="presentation_content/5ncsaCLsmmx_5d3vyCCstNj_80_DX1350_DY1350.swf" />
      <file href="mobile/5ncsaCLsmmx_5d3vyCCstNj_80_DX1350_DY1350_CX675_CY262.png" />
      <file href="presentation_content/5ncsaCLsmmx_677WbmzvaSW_80_DX1340_DY1340.jpg" />
      <file href="mobile/5ncsaCLsmmx_677WbmzvaSW_80_DX1340_DY1340_CX670_CY405.jpg" />
      <file href="presentation_content/5ncsaCLsmmx_6mZ11Kk6CWM_80_DX1350_DY1350.swf" />
      <file href="mobile/5ncsaCLsmmx_6mZ11Kk6CWM_80_DX1350_DY1350_CX675_CY262.png" />
      <file href="presentation_content/5ncsaCLsmmx_5lVqHLwMpN0_80_DX216_DY216.swf" />
      <file href="mobile/5ncsaCLsmmx_5lVqHLwMpN0_80_DX216_DY216_CX108_CY38.png" />
      <file href="presentation_content/5ncsaCLsmmx_5xM5SWTeILg_80_DX1350_DY1350.swf" />
      <file href="mobile/5ncsaCLsmmx_5xM5SWTeILg_80_DX1350_DY1350_CX675_CY262.png" />
      <file href="presentation_content/5ncsaCLsmmx_sl754shp3_80_DX654_DY654.swf" />
      <file href="mobile/5ncsaCLsmmx_sl754shp3_80_DX654_DY654_CX327_CY327.png" />
      <file href="presentation_content/5ncsaCLsmmx_5bGR7Od7sgn_80_DX216_DY216.swf" />
      <file href="mobile/5ncsaCLsmmx_5bGR7Od7sgn_80_DX216_DY216_CX108_CY38.png" />
      <file href="presentation_content/5ncsaCLsmmx_6nhOElkvnxl_80_DX1350_DY1350.swf" />
      <file href="mobile/5ncsaCLsmmx_6nhOElkvnxl_80_DX1350_DY1350_CX675_CY262.png" />
      <file href="presentation_content/5ncsaCLsmmx_sl755shp3_80_DX518_DY518.swf" />
      <file href="mobile/5ncsaCLsmmx_sl755shp3_80_DX518_DY518_CX259_CY214.png" />
      <file href="presentation_content/5ncsaCLsmmx_5tSj4YnNNnW_80_DX216_DY216.swf" />
      <file href="mobile/5ncsaCLsmmx_5tSj4YnNNnW_80_DX216_DY216_CX108_CY38.png" />
      <file href="presentation_content/5ncsaCLsmmx_6J4hZG4XQuG_80_DX1350_DY1350.swf" />
      <file href="mobile/5ncsaCLsmmx_6J4hZG4XQuG_80_DX1350_DY1350_CX675_CY262.png" />
      <file href="presentation_content/5ncsaCLsmmx_sl756shp5_80_DX428_DY428.swf" />
      <file href="mobile/5ncsaCLsmmx_sl756shp5_80_DX428_DY428_CX214_CY210.png" />
      <file href="presentation_content/5ncsaCLsmmx_6GTJWvmYkBf_80_DX216_DY216.swf" />
      <file href="mobile/5ncsaCLsmmx_6GTJWvmYkBf_80_DX216_DY216_CX108_CY38.png" />
      <file href="presentation_content/5ncsaCLsmmx_658c6vtknuD_80_DX1350_DY1350.swf" />
      <file href="mobile/5ncsaCLsmmx_658c6vtknuD_80_DX1350_DY1350_CX675_CY262.png" />
      <file href="presentation_content/5ncsaCLsmmx_sl757shp5_80_DX466_DY466.swf" />
      <file href="mobile/5ncsaCLsmmx_sl757shp5_80_DX466_DY466_CX225_CY233.png" />
      <file href="presentation_content/5ncsaCLsmmx_sl757shp6_80_DX726_DY726.swf" />
      <file href="mobile/5ncsaCLsmmx_sl757shp6_80_DX726_DY726_CX346_CY363.png" />
      <file href="presentation_content/5ncsaCLsmmx_6oRV891OzZ2_80_DX216_DY216.swf" />
      <file href="mobile/5ncsaCLsmmx_6oRV891OzZ2_80_DX216_DY216_CX108_CY38.png" />
      <file href="presentation_content/5ncsaCLsmmx_5wmWEoUjW28_80_DX1350_DY1350.swf" />
      <file href="mobile/5ncsaCLsmmx_5wmWEoUjW28_80_DX1350_DY1350_CX675_CY262.png" />
      <file href="presentation_content/5ncsaCLsmmx_sl758shp7_80_DX494_DY494.swf" />
      <file href="mobile/5ncsaCLsmmx_sl758shp7_80_DX494_DY494_CX228_CY247.png" />
      <file href="presentation_content/5ncsaCLsmmx_60WJX0KJNBb_80_DX216_DY216.swf" />
      <file href="mobile/5ncsaCLsmmx_60WJX0KJNBb_80_DX216_DY216_CX108_CY38.png" />
      <file href="presentation_content/5ncsaCLsmmx_6Ft0fBOk3A3_80_DX1350_DY1350.swf" />
      <file href="mobile/5ncsaCLsmmx_6Ft0fBOk3A3_80_DX1350_DY1350_CX675_CY262.png" />
      <file href="presentation_content/5ncsaCLsmmx_6oLaiz5bBiC_80_DX758_DY758.swf" />
      <file href="mobile/5ncsaCLsmmx_6oLaiz5bBiC_80_DX758_DY758_CX379_CY246.png" />
      <file href="presentation_content/5ncsaCLsmmx_6rp4DYBF1kx_80_DX360_DY360.swf" />
      <file href="mobile/5ncsaCLsmmx_6rp4DYBF1kx_80_DX360_DY360_CX180_CY142.png" />
      <file href="presentation_content/5ncsaCLsmmx_6cKfyyFCPua_80_DX216_DY216.swf" />
      <file href="mobile/5ncsaCLsmmx_6cKfyyFCPua_80_DX216_DY216_CX108_CY38.png" />
      <file href="presentation_content/5ncsaCLsmmx_5faRxPdynCS_80_DX1350_DY1350.swf" />
      <file href="mobile/5ncsaCLsmmx_5faRxPdynCS_80_DX1350_DY1350_CX675_CY262.png" />
      <file href="presentation_content/5ncsaCLsmmx_6SY1c6Y7J32_80_DX674_DY674.swf" />
      <file href="mobile/5ncsaCLsmmx_6SY1c6Y7J32_80_DX674_DY674_CX337_CY295.png" />
      <file href="presentation_content/5ncsaCLsmmx_60CjzJxXu45_80_DX216_DY216.swf" />
      <file href="mobile/5ncsaCLsmmx_60CjzJxXu45_80_DX216_DY216_CX108_CY38.png" />
      <file href="presentation_content/5ncsaCLsmmx_6HgJTboTANc_80_DX1350_DY1350.swf" />
      <file href="mobile/5ncsaCLsmmx_6HgJTboTANc_80_DX1350_DY1350_CX675_CY262.png" />
      <file href="presentation_content/5ncsaCLsmmx_6GUG6WvMKGy_80_DX660_DY660.jpg" />
      <file href="mobile/5ncsaCLsmmx_6GUG6WvMKGy_80_DX660_DY660_CX330_CY220.jpg" />
      <file href="presentation_content/5ncsaCLsmmx_6ir4oQCMLHn_80_DX216_DY216.swf" />
      <file href="mobile/5ncsaCLsmmx_6ir4oQCMLHn_80_DX216_DY216_CX108_CY38.png" />
      <file href="presentation_content/5ncsaCLsmmx_5VXvSUgHMHR_80_DX1350_DY1350.swf" />
      <file href="mobile/5ncsaCLsmmx_5VXvSUgHMHR_80_DX1350_DY1350_CX675_CY262.png" />
      <file href="presentation_content/5ncsaCLsmmx_64QO0JfXZA0_80_DX420_DY420.swf" />
      <file href="mobile/5ncsaCLsmmx_64QO0JfXZA0_80_DX420_DY420_CX210_CY210.png" />
      <file href="presentation_content/5ncsaCLsmmx_6k82jzQHMD9_80_DX540_DY540.swf" />
      <file href="mobile/5ncsaCLsmmx_6k82jzQHMD9_80_DX540_DY540_CX270_CY202.png" />
      <file href="presentation_content/5ncsaCLsmmx_5byM4Oz14ZR_80_DX216_DY216.swf" />
      <file href="mobile/5ncsaCLsmmx_5byM4Oz14ZR_80_DX216_DY216_CX108_CY38.png" />
      <file href="presentation_content/5ncsaCLsmmx_6WlPzxaEhgx_80_DX1350_DY1350.swf" />
      <file href="mobile/5ncsaCLsmmx_6WlPzxaEhgx_80_DX1350_DY1350_CX675_CY262.png" />
      <file href="presentation_content/5ncsaCLsmmx_6BLaNyTrgZc_80_DX660_DY660.jpg" />
      <file href="mobile/5ncsaCLsmmx_6BLaNyTrgZc_80_DX660_DY660_CX330_CY220.jpg" />
      <file href="presentation_content/5ncsaCLsmmx_6AMF6U1oY74_80_DX216_DY216.swf" />
      <file href="mobile/5ncsaCLsmmx_6AMF6U1oY74_80_DX216_DY216_CX108_CY38.png" />
      <file href="presentation_content/5ncsaCLsmmx_6iLoAVlYoVY_80_DX1350_DY1350.swf" />
      <file href="mobile/5ncsaCLsmmx_6iLoAVlYoVY_80_DX1350_DY1350_CX675_CY262.png" />
      <file href="presentation_content/5ncsaCLsmmx_657l7egRRt6_80_DX200_DY200.swf" />
      <file href="mobile/5ncsaCLsmmx_657l7egRRt6_80_DX200_DY200_CX100_CY100.png" />
      <file href="presentation_content/5ncsaCLsmmx_5bU5VN6vbxw_80_DX300_DY300.swf" />
      <file href="mobile/5ncsaCLsmmx_5bU5VN6vbxw_80_DX300_DY300_CX150_CY150.png" />
      <file href="presentation_content/5ncsaCLsmmx_5hnEkure47i_80_DX216_DY216.swf" />
      <file href="mobile/5ncsaCLsmmx_5hnEkure47i_80_DX216_DY216_CX108_CY38.png" />
      <file href="presentation_content/5ncsaCLsmmx_5k60koDrZFe_80_DX1350_DY1350.swf" />
      <file href="mobile/5ncsaCLsmmx_5k60koDrZFe_80_DX1350_DY1350_CX675_CY262.png" />
      <file href="presentation_content/5ncsaCLsmmx_sl766shp3_80_DX1168_DY1168.swf" />
      <file href="mobile/5ncsaCLsmmx_sl766shp3_80_DX1168_DY1168_CX584_CY367.png" />
      <file href="presentation_content/5ncsaCLsmmx_6RsiTJfae7o_80_DX1350_DY1350.swf" />
      <file href="mobile/5ncsaCLsmmx_6RsiTJfae7o_80_DX1350_DY1350_CX675_CY262.png" />
      <file href="presentation_content/5ncsaCLsmmx_6PgbGkHDAES_80_DX216_DY216.swf" />
      <file href="mobile/5ncsaCLsmmx_6PgbGkHDAES_80_DX216_DY216_CX108_CY38.png" />
      <file href="presentation_content/5ncsaCLsmmx_6SvCAJusiRS_80_DX1350_DY1350.swf" />
      <file href="mobile/5ncsaCLsmmx_6SvCAJusiRS_80_DX1350_DY1350_CX675_CY262.png" />
      <file href="presentation_content/5ncsaCLsmmx_sl767shp6_80_DX690_DY690.swf" />
      <file href="mobile/5ncsaCLsmmx_sl767shp6_80_DX690_DY690_CX345_CY213.png" />
      <file href="presentation_content/5ncsaCLsmmx_6bMI2vp1YfK_80_DX216_DY216.swf" />
      <file href="mobile/5ncsaCLsmmx_6bMI2vp1YfK_80_DX216_DY216_CX108_CY38.png" />
      <file href="presentation_content/5ncsaCLsmmx_62RPR9zBqWI_80_DX1350_DY1350.swf" />
      <file href="mobile/5ncsaCLsmmx_62RPR9zBqWI_80_DX1350_DY1350_CX675_CY262.png" />
      <file href="presentation_content/5ncsaCLsmmx_64iewNCw25t_80_DX824_DY824.jpg" />
      <file href="mobile/5ncsaCLsmmx_64iewNCw25t_80_DX824_DY824_CX412_CY188.jpg" />
      <file href="presentation_content/5ncsaCLsmmx_6bbfWuwuxe1_80_DX216_DY216.swf" />
      <file href="mobile/5ncsaCLsmmx_6bbfWuwuxe1_80_DX216_DY216_CX108_CY38.png" />
      <file href="presentation_content/5ncsaCLsmmx_6Z1or4XRpGk_80_DX1350_DY1350.swf" />
      <file href="mobile/5ncsaCLsmmx_6Z1or4XRpGk_80_DX1350_DY1350_CX675_CY262.png" />
      <file href="presentation_content/5ncsaCLsmmx_sl770shp6_80_DX826_DY826.swf" />
      <file href="mobile/5ncsaCLsmmx_sl770shp6_80_DX826_DY826_CX372_CY413.png" />
      <file href="presentation_content/5ncsaCLsmmx_sl770shp8_80_DX524_DY524.swf" />
      <file href="mobile/5ncsaCLsmmx_sl770shp8_80_DX524_DY524_CX172_CY262.png" />
      <file href="presentation_content/5ncsaCLsmmx_sl770shp10_80_DX564_DY564.swf" />
      <file href="mobile/5ncsaCLsmmx_sl770shp10_80_DX564_DY564_CX172_CY282.png" />
      <file href="presentation_content/5ncsaCLsmmx_6oqBpIPhTWH_80_DX216_DY216.swf" />
      <file href="mobile/5ncsaCLsmmx_6oqBpIPhTWH_80_DX216_DY216_CX108_CY38.png" />
      <file href="presentation_content/5ncsaCLsmmx_5uI77Rg0rVo_80_DX1350_DY1350.swf" />
      <file href="mobile/5ncsaCLsmmx_5uI77Rg0rVo_80_DX1350_DY1350_CX675_CY262.png" />
      <file href="presentation_content/5ncsaCLsmmx_sl771shp6_80_DX1190_DY1190.swf" />
      <file href="mobile/5ncsaCLsmmx_sl771shp6_80_DX1190_DY1190_CX595_CY320.png" />
      <file href="presentation_content/5ncsaCLsmmx_6p5PsEwViVj_80_DX216_DY216.swf" />
      <file href="mobile/5ncsaCLsmmx_6p5PsEwViVj_80_DX216_DY216_CX108_CY38.png" />
      <file href="presentation_content/5ncsaCLsmmx_6ii3IsGn4hZ_80_DX1350_DY1350.swf" />
      <file href="mobile/5ncsaCLsmmx_6ii3IsGn4hZ_80_DX1350_DY1350_CX675_CY262.png" />
      <file href="presentation_content/5ncsaCLsmmx_sl772shp3idx12_80_DX334_DY334.swf" />
      <file href="mobile/5ncsaCLsmmx_sl772shp3idx12_80_DX334_DY334_CX167_CY136.png" />
      <file href="presentation_content/5ncsaCLsmmx_sl772shp3idx16_80_DX346_DY346.swf" />
      <file href="mobile/5ncsaCLsmmx_sl772shp3idx16_80_DX346_DY346_CX173_CY136.png" />
      <file href="presentation_content/5ncsaCLsmmx_sl772shp3idx20_80_DX334_DY334.swf" />
      <file href="mobile/5ncsaCLsmmx_sl772shp3idx20_80_DX334_DY334_CX167_CY136.png" />
      <file href="presentation_content/5ncsaCLsmmx_6f6jjOEQ8Rz_80_DX216_DY216.swf" />
      <file href="mobile/5ncsaCLsmmx_6f6jjOEQ8Rz_80_DX216_DY216_CX108_CY38.png" />
      <file href="presentation_content/5ncsaCLsmmx_5l5MbkGz2mf_80_DX1350_DY1350.swf" />
      <file href="mobile/5ncsaCLsmmx_5l5MbkGz2mf_80_DX1350_DY1350_CX675_CY262.png" />
      <file href="presentation_content/5ncsaCLsmmx_5u1vzzI3TMo_80_DX720_DY720.jpg" />
      <file href="mobile/5ncsaCLsmmx_5u1vzzI3TMo_80_DX720_DY720_CX360_CY251.jpg" />
      <file href="presentation_content/5ncsaCLsmmx_5j80CTbJiGU_80_DX216_DY216.swf" />
      <file href="mobile/5ncsaCLsmmx_5j80CTbJiGU_80_DX216_DY216_CX108_CY38.png" />
      <file href="presentation_content/5ncsaCLsmmx_6oui2seT1uJ_80_DX1350_DY1350.swf" />
      <file href="mobile/5ncsaCLsmmx_6oui2seT1uJ_80_DX1350_DY1350_CX675_CY262.png" />
      <file href="presentation_content/5ncsaCLsmmx_65jhyAes2rk_80_P_0_68_1006_602_DX1440_DY1440.swf" />
      <file href="mobile/5ncsaCLsmmx_65jhyAes2rk_80_P_0_68_1006_602_DX1440_DY1440_CX720_CY420.png" />
      <file href="presentation_content/5ncsaCLsmmx_6djiR5TzMj2_80_DX216_DY216.swf" />
      <file href="mobile/5ncsaCLsmmx_6djiR5TzMj2_80_DX216_DY216_CX108_CY38.png" />
      <file href="presentation_content/5ncsaCLsmmx_67fww71x0xF_80_DX1350_DY1350.swf" />
      <file href="mobile/5ncsaCLsmmx_67fww71x0xF_80_DX1350_DY1350_CX675_CY262.png" />
      <file href="presentation_content/5ncsaCLsmmx_6DciWaRzdZ6_80_DX1440_DY1440.jpg" />
      <file href="mobile/5ncsaCLsmmx_6DciWaRzdZ6_80_DX1440_DY1440_CX720_CY415.jpg" />
      <file href="presentation_content/5ncsaCLsmmx_6MRyBFDZl6l_80_DX1350_DY1350.swf" />
      <file href="mobile/5ncsaCLsmmx_6MRyBFDZl6l_80_DX1350_DY1350_CX675_CY262.png" />
      <file href="presentation_content/5ncsaCLsmmx_5fGAFm6MVaD_80_DX216_DY216.swf" />
      <file href="mobile/5ncsaCLsmmx_5fGAFm6MVaD_80_DX216_DY216_CX108_CY38.png" />
      <file href="presentation_content/5ncsaCLsmmx_5W38DWDwKe0_80_DX1350_DY1350.swf" />
      <file href="mobile/5ncsaCLsmmx_5W38DWDwKe0_80_DX1350_DY1350_CX675_CY262.png" />
      <file href="presentation_content/5ncsaCLsmmx_6WaC8gHYQBy_80_DX568_DY568.jpg" />
      <file href="mobile/5ncsaCLsmmx_6WaC8gHYQBy_80_DX568_DY568_CX720_CY408.jpg" />
      <file href="presentation_content/5ncsaCLsmmx_6i96FijTxL4_80_DX216_DY216.swf" />
      <file href="mobile/5ncsaCLsmmx_6i96FijTxL4_80_DX216_DY216_CX108_CY38.png" />
      <file href="presentation_content/5ncsaCLsmmx_5yBNYqFc2CP_80_DX1350_DY1350.swf" />
      <file href="mobile/5ncsaCLsmmx_5yBNYqFc2CP_80_DX1350_DY1350_CX675_CY262.png" />
      <file href="presentation_content/5ncsaCLsmmx_63o670LeQKc_80_DX1440_DY1440.jpg" />
      <file href="mobile/5ncsaCLsmmx_63o670LeQKc_80_DX1440_DY1440_CX720_CY405.jpg" />
      <file href="presentation_content/5ncsaCLsmmx_6itMBINOurb_80_DX1350_DY1350.swf" />
      <file href="mobile/5ncsaCLsmmx_6itMBINOurb_80_DX1350_DY1350_CX675_CY262.png" />
      <file href="presentation_content/5ncsaCLsmmx_6DytapHmWfv_80_DX216_DY216.swf" />
      <file href="mobile/5ncsaCLsmmx_6DytapHmWfv_80_DX216_DY216_CX108_CY38.png" />
      <file href="presentation_content/5ncsaCLsmmx_5YGFeinEFyy_80_DX1350_DY1350.swf" />
      <file href="mobile/5ncsaCLsmmx_5YGFeinEFyy_80_DX1350_DY1350_CX675_CY262.png" />
      <file href="presentation_content/5ncsaCLsmmx_5XTb1azTrwj_80_DX1440_DY1440.jpg" />
      <file href="mobile/5ncsaCLsmmx_5XTb1azTrwj_80_DX1440_DY1440_CX720_CY405.jpg" />
      <file href="presentation_content/5ncsaCLsmmx_6Yj64NxDWvx_80_DX1350_DY1350.swf" />
      <file href="mobile/5ncsaCLsmmx_6Yj64NxDWvx_80_DX1350_DY1350_CX675_CY262.png" />
      <file href="presentation_content/5ncsaCLsmmx_6Gjdl3IV1yh_80_DX216_DY216.swf" />
      <file href="mobile/5ncsaCLsmmx_6Gjdl3IV1yh_80_DX216_DY216_CX108_CY38.png" />
      <file href="meta.xml" />
      <file href="mobile/61CCX1mn52m.jpg" />
      <file href="presentation_content/logo.swf" />
      <file href="mobile/notes/5oRG5FyUmv0.png" />
      <file href="presentation_content/notes/5oRG5FyUmv0.swf" />
      <file href="mobile/notes/5vbYqi3hNuJ.png" />
      <file href="presentation_content/notes/5vbYqi3hNuJ.swf" />
      <file href="presentation_content/frame.xml" />
      <file href="presentation_content/frame.js" />
      <file href="presentation_content/user.js" />
      <file href="presentation_unsupported.html" />
      <file href="mobile/Slide5ncsaCLsmmx_d1sm.jpg" />
      <file href="mobile/app_store.png" />
      <file href="mobile/linen_background.jpg" />
      <file href="mobile/mobile_icon.png" />
      <file href="mobile/player.css" />
      <file href="mobile/player_compiled.js" />
      <file href="presentation_content/fonts.swf" />
      <file href="mobile/fonts.js" />
      <file href="presentation.swf" />
      <file href="presentation_content/frame.swf" />
      <file href="presentation_content/slides/6mwp6xbJpCh.swf" />
      <file href="mobile/slides/6mwp6xbJpCh.js" />
      <file href="presentation_content/slides/6M52Map5nn7.swf" />
      <file href="mobile/slides/6M52Map5nn7.js" />
      <file href="presentation_content/slides/5atBq5S57qI.swf" />
      <file href="mobile/slides/5atBq5S57qI.js" />
      <file href="presentation_content/slides/5oRG5FyUmv0.swf" />
      <file href="mobile/slides/5oRG5FyUmv0.js" />
      <file href="presentation_content/slides/5j6fvRUZO1L.swf" />
      <file href="mobile/slides/5j6fvRUZO1L.js" />
      <file href="presentation_content/slides/6lvyEqv7AyC.swf" />
      <file href="mobile/slides/6lvyEqv7AyC.js" />
      <file href="presentation_content/slides/5orMPGSenOE.swf" />
      <file href="mobile/slides/5orMPGSenOE.js" />
      <file href="presentation_content/slides/6TZP6i4aVz0.swf" />
      <file href="mobile/slides/6TZP6i4aVz0.js" />
      <file href="presentation_content/slides/6j5gkO44bqV.swf" />
      <file href="mobile/slides/6j5gkO44bqV.js" />
      <file href="presentation_content/slides/6W5fNWKhIqU.swf" />
      <file href="mobile/slides/6W5fNWKhIqU.js" />
      <file href="presentation_content/slides/5k3ff3qzPUC.swf" />
      <file href="mobile/slides/5k3ff3qzPUC.js" />
      <file href="presentation_content/slides/6H6F1Uv60Oc.swf" />
      <file href="mobile/slides/6H6F1Uv60Oc.js" />
      <file href="presentation_content/slides/5fENJfGnYB1.swf" />
      <file href="mobile/slides/5fENJfGnYB1.js" />
      <file href="presentation_content/slides/6U58lA4h401.swf" />
      <file href="mobile/slides/6U58lA4h401.js" />
      <file href="presentation_content/slides/6RczjUNKzkJ.swf" />
      <file href="mobile/slides/6RczjUNKzkJ.js" />
      <file href="presentation_content/slides/6XAhswmRhMg.swf" />
      <file href="mobile/slides/6XAhswmRhMg.js" />
      <file href="presentation_content/slides/6BlDML5wdla.swf" />
      <file href="mobile/slides/6BlDML5wdla.js" />
      <file href="presentation_content/slides/6JJnE583u2w.swf" />
      <file href="mobile/slides/6JJnE583u2w.js" />
      <file href="presentation_content/slides/5w06aYFJCNS.swf" />
      <file href="mobile/slides/5w06aYFJCNS.js" />
      <file href="presentation_content/slides/6OwUCLdPOIU.swf" />
      <file href="mobile/slides/6OwUCLdPOIU.js" />
      <file href="presentation_content/slides/5lDbun6dNtR.swf" />
      <file href="mobile/slides/5lDbun6dNtR.js" />
      <file href="presentation_content/slides/5xfswLV9Cra.swf" />
      <file href="mobile/slides/5xfswLV9Cra.js" />
      <file href="presentation_content/slides/6KgBDZwMglO.swf" />
      <file href="mobile/slides/6KgBDZwMglO.js" />
      <file href="presentation_content/slides/6CQGh9mRyTm.swf" />
      <file href="mobile/slides/6CQGh9mRyTm.js" />
      <file href="presentation_content/slides/5vUduXlxQBO.swf" />
      <file href="mobile/slides/5vUduXlxQBO.js" />
      <file href="presentation_content/slides/6fNfYAhYZSg.swf" />
      <file href="mobile/slides/6fNfYAhYZSg.js" />
      <file href="presentation_content/slides/6dPYIUEIvRt.swf" />
      <file href="mobile/slides/6dPYIUEIvRt.js" />
      <file href="presentation_content/slides/6AyWxeRIxg4.swf" />
      <file href="mobile/slides/6AyWxeRIxg4.js" />
      <file href="presentation_content/slides/5loCbEU5ZOL.swf" />
      <file href="mobile/slides/5loCbEU5ZOL.js" />
      <file href="presentation_content/slides/5lzZv2ap8Uc.swf" />
      <file href="mobile/slides/5lzZv2ap8Uc.js" />
      <file href="presentation_content/slides/6RY9R9Y2Lu1.swf" />
      <file href="mobile/slides/6RY9R9Y2Lu1.js" />
      <file href="presentation_content/slides/5rvLAIsll1r.swf" />
      <file href="mobile/slides/5rvLAIsll1r.js" />
      <file href="presentation_content/slides/5biJhVXfqsu.swf" />
      <file href="mobile/slides/5biJhVXfqsu.js" />
      <file href="presentation_content/slides/6KBhW4nin8K.swf" />
      <file href="mobile/slides/6KBhW4nin8K.js" />
      <file href="presentation_content/slides/5vbYqi3hNuJ.swf" />
      <file href="mobile/slides/5vbYqi3hNuJ.js" />
      <file href="presentation_content/slides/5VRboJTGob0.swf" />
      <file href="mobile/slides/5VRboJTGob0.js" />
      <file href="presentation_content/slides/5xP5WIVxlez.swf" />
      <file href="mobile/slides/5xP5WIVxlez.js" />
      <file href="presentation_content/slides/6aqMFJ3ejZP.swf" />
      <file href="mobile/slides/6aqMFJ3ejZP.js" />
      <file href="presentation_content/slides/6lD9DfsGerZ.swf" />
      <file href="mobile/slides/6lD9DfsGerZ.js" />
      <file href="presentation_content/data.swf" />
      <file href="mobile/data.js" />
      <file href="mobile/masks.js" />
      <file href="presentation.html" />
      <file href="presentation_html5.html" />
      <file href="index_lms_html5.html" />
      <file href="presentation_content/blank.html" />
      <file href="presentation_content/presentation.js" />
      <file href="index_lms.html" />
      <file href="lms/AICCComm.html" />
      <file href="lms/AICCFunctions.js" />
      <file href="lms/API.js" />
      <file href="lms/APIConstants.js" />
      <file href="lms/blank.html" />
      <file href="lms/browsersniff.js" />
      <file href="lms/Configuration.js" />
      <file href="lms/goodbye.html" />
      <file href="lms/lms.js" />
      <file href="lms/LMSAPI.js" />
      <file href="lms/NONEFunctions.js" />
      <file href="lms/SCORM2004Functions.js" />
      <file href="lms/SCORMFunctions.js" />
      <file href="lms/UtilityFunctions.js" />
    </resource>
  </resources>
</manifest>