<?xml version="1.0" encoding="utf-8"?>
<manifest identifier="_5qxtwIiP3pI_course_id" version="1.0" xmlns="http://www.imsproject.org/xsd/imscp_rootv1p1p2" xmlns:adlcp="http://www.adlnet.org/xsd/adlcp_rootv1p2" xmlns:xsi="http://www.w3.org/2001/XMLSchema-instance" xsi:schemaLocation="http://www.imsproject.org/xsd/imscp_rootv1p1p2 imscp_rootv1p1p2.xsd http://www.imsglobal.org/xsd/imsmd_rootv1p2p1 imsmd_rootv1p2p1.xsd http://www.adlnet.org/xsd/adlcp_rootv1p2 adlcp_rootv1p2.xsd">
  <metadata>
    <schema>ADL SCORM</schema>
    <schemaversion>1.2</schemaversion>
    <lom xmlns="http://www.imsglobal.org/xsd/imsmd_rootv1p2p1" xmlns:xsi="http://www.w3.org/2001/XMLSchema-instance" xsi:schemaLocation="http://www.imsglobal.org/xsd/imsmd_rootv1p2p1 imsmd_rootv1p2p1.xsd">
      <general>
        <title>
          <langstring xml:lang="x-none">Structural coverage</langstring>
        </title>
      </general>
      <lifecycle>
        <version>
          <langstring xml:lang="x-none">1</langstring>
        </version>
        <status>
          <source>
            <langstring xml:lang="x-none">LOMv1.0</langstring>
          </source>
          <value>
            <langstring xml:lang="x-none">Final</langstring>
          </value>
        </status>
      </lifecycle>
      <metametadata>
        <metadatascheme>ADL SCORM 1.2</metadatascheme>
      </metametadata>
      <educational>
        <typicallearningtime>
          <datetime>PT0H0M0S</datetime>
        </typicallearningtime>
      </educational>
      <rights>
        <cost>
          <source>
            <langstring xml:lang="x-none">LOMv1.0</langstring>
          </source>
          <value>
            <langstring xml:lang="x-none">yes</langstring>
          </value>
        </cost>
        <copyrightandotherrestrictions>
          <source>
            <langstring xml:lang="x-none">LOMv1.0</langstring>
          </source>
          <value>
            <langstring xml:lang="x-none">yes</langstring>
          </value>
        </copyrightandotherrestrictions>
      </rights>
    </lom>
  </metadata>
  <organizations default="Structural_coverage_ORG">
    <organization identifier="Structural_coverage_ORG">
      <title>Structural coverage</title>
      <item identifier="Structural_coverage_SCO" isvisible="true" identifierref="__5qxtwIiP3pI_course_id_RES">
        <title>Structural coverage</title>
      </item>
    </organization>
  </organizations>
  <resources>
    <resource identifier="__5qxtwIiP3pI_course_id_RES" type="webcontent" href="index_lms.html" adlcp:scormtype="sco">
      <file href="presentation_content/thumbnail.jpg" />
      <file href="presentation_content/6E9ZGCW2E9Y_6E7tIubj6ec_80_P_6_0_562_233_DX1138_DY1138.swf" />
      <file href="mobile/6E9ZGCW2E9Y_6E7tIubj6ec_80_P_6_0_562_233_DX1138_DY1138_CX720_CY208.png" />
      <file href="presentation_content/6E9ZGCW2E9Y_d11_HCLTemplatecl465_TitleSlideshp9_80_DX1440_DY1440.swf" />
      <file href="mobile/6E9ZGCW2E9Y_d11_HCLTemplatecl465_TitleSlideshp9_80_DX1440_DY1440_CX720_CY19.png" />
      <file href="presentation_content/6E9ZGCW2E9Y_d11_HCLTemplatecl465_TitleSlideshp12_80_DX1116_DY1116.swf" />
      <file href="mobile/6E9ZGCW2E9Y_d11_HCLTemplatecl465_TitleSlideshp12_80_DX1116_DY1116_CX558_CY57.png" />
      <file href="presentation_content/6E9ZGCW2E9Y_5ZMGDddlB9d_80_DX162_DY162.swf" />
      <file href="mobile/6E9ZGCW2E9Y_5ZMGDddlB9d_80_DX162_DY162_CX81_CY29.png" />
      <file href="presentation_content/6E9ZGCW2E9Y_d11_HCLTemplatesmshp2_80_DX1116_DY1116.swf" />
      <file href="mobile/6E9ZGCW2E9Y_d11_HCLTemplatesmshp2_80_DX1116_DY1116_CX558_CY57.png" />
      <file href="presentation_content/6E9ZGCW2E9Y_5xTwllFLiRJ_80_DX1350_DY1350.swf" />
      <file href="mobile/6E9ZGCW2E9Y_5xTwllFLiRJ_80_DX1350_DY1350_CX675_CY262.png" />
      <file href="presentation_content/6E9ZGCW2E9Y_6To8iyVdh5A_80_DX162_DY162.swf" />
      <file href="mobile/6E9ZGCW2E9Y_6To8iyVdh5A_80_DX162_DY162_CX81_CY29.png" />
      <file href="presentation_content/6E9ZGCW2E9Y_61kvn2KPhkU_80_DX1350_DY1350.swf" />
      <file href="mobile/6E9ZGCW2E9Y_61kvn2KPhkU_80_DX1350_DY1350_CX675_CY262.png" />
      <file href="presentation_content/6E9ZGCW2E9Y_6Cqr4dApzQB_80_DX162_DY162.swf" />
      <file href="mobile/6E9ZGCW2E9Y_6Cqr4dApzQB_80_DX162_DY162_CX81_CY29.png" />
      <file href="presentation_content/6E9ZGCW2E9Y_6NXcNBPNmxl_80_DX1350_DY1350.swf" />
      <file href="mobile/6E9ZGCW2E9Y_6NXcNBPNmxl_80_DX1350_DY1350_CX675_CY262.png" />
      <file href="presentation_content/6E9ZGCW2E9Y_6A7m6JiGpxC_80_DX162_DY162.swf" />
      <file href="mobile/6E9ZGCW2E9Y_6A7m6JiGpxC_80_DX162_DY162_CX81_CY29.png" />
      <file href="presentation_content/6E9ZGCW2E9Y_6hnE9aLQ66i_80_DX1350_DY1350.swf" />
      <file href="mobile/6E9ZGCW2E9Y_6hnE9aLQ66i_80_DX1350_DY1350_CX675_CY262.png" />
      <file href="presentation_content/6E9ZGCW2E9Y_5g9vKUSOsYf_80_DX162_DY162.swf" />
      <file href="mobile/6E9ZGCW2E9Y_5g9vKUSOsYf_80_DX162_DY162_CX81_CY29.png" />
      <file href="presentation_content/6E9ZGCW2E9Y_5snzE8kp1XC_80_DX948_DY948.swf" />
      <file href="mobile/6E9ZGCW2E9Y_5snzE8kp1XC_80_DX948_DY948_CX474_CY266.png" />
      <file href="presentation_content/6E9ZGCW2E9Y_5nXKUaCjyPF_80_DX1350_DY1350.swf" />
      <file href="mobile/6E9ZGCW2E9Y_5nXKUaCjyPF_80_DX1350_DY1350_CX675_CY262.png" />
      <file href="presentation_content/6E9ZGCW2E9Y_6fyr9nQMgXt_80_DX162_DY162.swf" />
      <file href="mobile/6E9ZGCW2E9Y_6fyr9nQMgXt_80_DX162_DY162_CX81_CY29.png" />
      <file href="presentation_content/6E9ZGCW2E9Y_6do9RLjWiE6_80_DX1302_DY1302.swf" />
      <file href="mobile/6E9ZGCW2E9Y_6do9RLjWiE6_80_DX1302_DY1302_CX651_CY307.png" />
      <file href="presentation_content/6E9ZGCW2E9Y_6jcuucVdHCN_80_DX1350_DY1350.swf" />
      <file href="mobile/6E9ZGCW2E9Y_6jcuucVdHCN_80_DX1350_DY1350_CX675_CY262.png" />
      <file href="presentation_content/6E9ZGCW2E9Y_5V27loFlIxI_80_DX162_DY162.swf" />
      <file href="mobile/6E9ZGCW2E9Y_5V27loFlIxI_80_DX162_DY162_CX81_CY29.png" />
      <file href="presentation_content/6E9ZGCW2E9Y_5WNGVcjq6BC_80_DX1350_DY1350.swf" />
      <file href="mobile/6E9ZGCW2E9Y_5WNGVcjq6BC_80_DX1350_DY1350_CX675_CY262.png" />
      <file href="presentation_content/6E9ZGCW2E9Y_6XN0UPshzt5_80_DX162_DY162.swf" />
      <file href="mobile/6E9ZGCW2E9Y_6XN0UPshzt5_80_DX162_DY162_CX81_CY29.png" />
      <file href="presentation_content/6E9ZGCW2E9Y_sl265shp3idx1_80_DX276_DY276.swf" />
      <file href="mobile/6E9ZGCW2E9Y_sl265shp3idx1_80_DX276_DY276_CX6_CY138.png" />
      <file href="presentation_content/6E9ZGCW2E9Y_sl265shp8_80_DX122_DY122.swf" />
      <file href="mobile/6E9ZGCW2E9Y_sl265shp8_80_DX122_DY122_CX61_CY38.png" />
      <file href="presentation_content/6E9ZGCW2E9Y_sl265shp9_80_DX110_DY110.swf" />
      <file href="mobile/6E9ZGCW2E9Y_sl265shp9_80_DX110_DY110_CX55_CY34.png" />
      <file href="presentation_content/6E9ZGCW2E9Y_sl265shp10_80_DX102_DY102.swf" />
      <file href="mobile/6E9ZGCW2E9Y_sl265shp10_80_DX102_DY102_CX51_CY31.png" />
      <file href="presentation_content/6E9ZGCW2E9Y_sl265shp11_80_DX90_DY90.swf" />
      <file href="mobile/6E9ZGCW2E9Y_sl265shp11_80_DX90_DY90_CX45_CY28.png" />
      <file href="presentation_content/6E9ZGCW2E9Y_sl265shp12_80_DX86_DY86.swf" />
      <file href="mobile/6E9ZGCW2E9Y_sl265shp12_80_DX86_DY86_CX43_CY29.png" />
      <file href="presentation_content/6E9ZGCW2E9Y_sl265shp13idx2_80_DX352_DY352.swf" />
      <file href="mobile/6E9ZGCW2E9Y_sl265shp13idx2_80_DX352_DY352_CX176_CY6.png" />
      <file href="presentation_content/6E9ZGCW2E9Y_sl265shp16_80_DX180_DY180.swf" />
      <file href="mobile/6E9ZGCW2E9Y_sl265shp16_80_DX180_DY180_CX51_CY90.png" />
      <file href="presentation_content/6E9ZGCW2E9Y_sl265shp39_80_DX178_DY178.swf" />
      <file href="mobile/6E9ZGCW2E9Y_sl265shp39_80_DX178_DY178_CX50_CY89.png" />
      <file href="presentation_content/6E9ZGCW2E9Y_sl265shp60_80_DX180_DY180.swf" />
      <file href="mobile/6E9ZGCW2E9Y_sl265shp60_80_DX180_DY180_CX50_CY90.png" />
      <file href="presentation_content/6E9ZGCW2E9Y_sl265shp80_80_DX178_DY178.swf" />
      <file href="mobile/6E9ZGCW2E9Y_sl265shp80_80_DX178_DY178_CX50_CY89.png" />
      <file href="presentation_content/6E9ZGCW2E9Y_sl265shp111_80_DX100_DY100.swf" />
      <file href="mobile/6E9ZGCW2E9Y_sl265shp111_80_DX100_DY100_CX50_CY45.png" />
      <file href="presentation_content/6E9ZGCW2E9Y_sl265shp112idx2_80_DX100_DY100.swf" />
      <file href="mobile/6E9ZGCW2E9Y_sl265shp112idx2_80_DX100_DY100_CX34_CY50.png" />
      <file href="presentation_content/6E9ZGCW2E9Y_sl265shp112idx5_80_DX244_DY244.swf" />
      <file href="mobile/6E9ZGCW2E9Y_sl265shp112idx5_80_DX244_DY244_CX122_CY122.png" />
      <file href="presentation_content/6E9ZGCW2E9Y_sl265shp112idx6_80_DX274_DY274.swf" />
      <file href="mobile/6E9ZGCW2E9Y_sl265shp112idx6_80_DX274_DY274_CX136_CY137.png" />
      <file href="presentation_content/6E9ZGCW2E9Y_sl265shp112idx7_80_DX272_DY272.swf" />
      <file href="mobile/6E9ZGCW2E9Y_sl265shp112idx7_80_DX272_DY272_CX135_CY136.png" />
      <file href="presentation_content/6E9ZGCW2E9Y_sl265shp112idx8_80_DX320_DY320.swf" />
      <file href="mobile/6E9ZGCW2E9Y_sl265shp112idx8_80_DX320_DY320_CX160_CY160.png" />
      <file href="presentation_content/6E9ZGCW2E9Y_sl265shp112idx9_80_DX320_DY320.swf" />
      <file href="mobile/6E9ZGCW2E9Y_sl265shp112idx9_80_DX320_DY320_CX160_CY160.png" />
      <file href="presentation_content/6E9ZGCW2E9Y_sl265shp112idx10_80_DX280_DY280.swf" />
      <file href="mobile/6E9ZGCW2E9Y_sl265shp112idx10_80_DX280_DY280_CX140_CY140.png" />
      <file href="presentation_content/6E9ZGCW2E9Y_sl265shp112idx11_80_DX252_DY252.swf" />
      <file href="mobile/6E9ZGCW2E9Y_sl265shp112idx11_80_DX252_DY252_CX126_CY126.png" />
      <file href="presentation_content/6E9ZGCW2E9Y_sl265shp112idx15_80_DX8_DY8.swf" />
      <file href="mobile/6E9ZGCW2E9Y_sl265shp112idx15_80_DX8_DY8_CX4_CY3.png" />
      <file href="presentation_content/6E9ZGCW2E9Y_sl265shp112idx16_80_DX8_DY8.swf" />
      <file href="mobile/6E9ZGCW2E9Y_sl265shp112idx16_80_DX8_DY8_CX4_CY3.png" />
      <file href="presentation_content/6E9ZGCW2E9Y_sl265shp112idx17_80_DX10_DY10.swf" />
      <file href="mobile/6E9ZGCW2E9Y_sl265shp112idx17_80_DX10_DY10_CX5_CY3.png" />
      <file href="presentation_content/6E9ZGCW2E9Y_sl265shp112idx18_80_DX10_DY10.swf" />
      <file href="mobile/6E9ZGCW2E9Y_sl265shp112idx18_80_DX10_DY10_CX5_CY3.png" />
      <file href="presentation_content/6E9ZGCW2E9Y_sl265shp112idx19_80_DX244_DY244.swf" />
      <file href="mobile/6E9ZGCW2E9Y_sl265shp112idx19_80_DX244_DY244_CX122_CY122.png" />
      <file href="presentation_content/6E9ZGCW2E9Y_sl265shp112idx21_80_DX244_DY244.swf" />
      <file href="mobile/6E9ZGCW2E9Y_sl265shp112idx21_80_DX244_DY244_CX122_CY122.png" />
      <file href="presentation_content/6E9ZGCW2E9Y_sl265shp140idx2_80_DX96_DY96.swf" />
      <file href="mobile/6E9ZGCW2E9Y_sl265shp140idx2_80_DX96_DY96_CX48_CY22.png" />
      <file href="presentation_content/6E9ZGCW2E9Y_sl265shp140idx3_80_DX72_DY72.swf" />
      <file href="mobile/6E9ZGCW2E9Y_sl265shp140idx3_80_DX72_DY72_CX36_CY9.png" />
      <file href="presentation_content/6E9ZGCW2E9Y_sl265shp140idx4_80_DX80_DY80.swf" />
      <file href="mobile/6E9ZGCW2E9Y_sl265shp140idx4_80_DX80_DY80_CX40_CY29.png" />
      <file href="presentation_content/6E9ZGCW2E9Y_sl265shp140idx5_80_DX222_DY222.swf" />
      <file href="mobile/6E9ZGCW2E9Y_sl265shp140idx5_80_DX222_DY222_CX111_CY13.png" />
      <file href="presentation_content/6E9ZGCW2E9Y_sl265shp140idx7_80_DX84_DY84.swf" />
      <file href="mobile/6E9ZGCW2E9Y_sl265shp140idx7_80_DX84_DY84_CX42_CY21.png" />
      <file href="presentation_content/6E9ZGCW2E9Y_sl265shp140idx9_80_DX664_DY664.swf" />
      <file href="mobile/6E9ZGCW2E9Y_sl265shp140idx9_80_DX664_DY664_CX332_CY7.png" />
      <file href="presentation_content/6E9ZGCW2E9Y_sl265shp140idx10_80_DX56_DY56.swf" />
      <file href="mobile/6E9ZGCW2E9Y_sl265shp140idx10_80_DX56_DY56_CX11_CY28.png" />
      <file href="presentation_content/6E9ZGCW2E9Y_sl265shp140idx11_80_DX122_DY122.swf" />
      <file href="mobile/6E9ZGCW2E9Y_sl265shp140idx11_80_DX122_DY122_CX61_CY27.png" />
      <file href="presentation_content/6E9ZGCW2E9Y_6VPXtZu1eC6_80_DX1350_DY1350.swf" />
      <file href="mobile/6E9ZGCW2E9Y_6VPXtZu1eC6_80_DX1350_DY1350_CX675_CY262.png" />
      <file href="presentation_content/6E9ZGCW2E9Y_5WJPbuHb2lV_80_DX162_DY162.swf" />
      <file href="mobile/6E9ZGCW2E9Y_5WJPbuHb2lV_80_DX162_DY162_CX81_CY29.png" />
      <file href="presentation_content/6E9ZGCW2E9Y_sl266shp3_80_DX416_DY416.swf" />
      <file href="mobile/6E9ZGCW2E9Y_sl266shp3_80_DX416_DY416_CX13_CY208.png" />
      <file href="presentation_content/6E9ZGCW2E9Y_sl266shp4_80_DX756_DY756.swf" />
      <file href="mobile/6E9ZGCW2E9Y_sl266shp4_80_DX756_DY756_CX378_CY13.png" />
      <file href="presentation_content/6E9ZGCW2E9Y_sl266shp5_80_DX300_DY300.swf" />
      <file href="mobile/6E9ZGCW2E9Y_sl266shp5_80_DX300_DY300_CX150_CY46.png" />
      <file href="presentation_content/6E9ZGCW2E9Y_sl266shp6_80_DX300_DY300.swf" />
      <file href="mobile/6E9ZGCW2E9Y_sl266shp6_80_DX300_DY300_CX150_CY47.png" />
      <file href="presentation_content/6E9ZGCW2E9Y_sl266shp7_80_DX694_DY694.swf" />
      <file href="mobile/6E9ZGCW2E9Y_sl266shp7_80_DX694_DY694_CX347_CY202.png" />
      <file href="presentation_content/6E9ZGCW2E9Y_sl266shp13_80_DX342_DY342.swf" />
      <file href="mobile/6E9ZGCW2E9Y_sl266shp13_80_DX342_DY342_CX171_CY46.png" />
      <file href="presentation_content/6E9ZGCW2E9Y_sl266shp14_80_DX244_DY244.swf" />
      <file href="mobile/6E9ZGCW2E9Y_sl266shp14_80_DX244_DY244_CX122_CY46.png" />
      <file href="presentation_content/6E9ZGCW2E9Y_5tDbgfUdjNA_80_DX1350_DY1350.swf" />
      <file href="mobile/6E9ZGCW2E9Y_5tDbgfUdjNA_80_DX1350_DY1350_CX675_CY262.png" />
      <file href="presentation_content/6E9ZGCW2E9Y_5mV79EH87V0_80_DX162_DY162.swf" />
      <file href="mobile/6E9ZGCW2E9Y_5mV79EH87V0_80_DX162_DY162_CX81_CY29.png" />
      <file href="presentation_content/6E9ZGCW2E9Y_6f7HHa8Xbp3_80_DX1350_DY1350.swf" />
      <file href="mobile/6E9ZGCW2E9Y_6f7HHa8Xbp3_80_DX1350_DY1350_CX675_CY262.png" />
      <file href="presentation_content/6E9ZGCW2E9Y_6cOhlZ6IMij_80_DX162_DY162.swf" />
      <file href="mobile/6E9ZGCW2E9Y_6cOhlZ6IMij_80_DX162_DY162_CX81_CY29.png" />
      <file href="presentation_content/6E9ZGCW2E9Y_5rNsc11XGyr_80_DX1350_DY1350.swf" />
      <file href="mobile/6E9ZGCW2E9Y_5rNsc11XGyr_80_DX1350_DY1350_CX675_CY262.png" />
      <file href="presentation_content/6E9ZGCW2E9Y_6lPvmRj2hQH_80_DX162_DY162.swf" />
      <file href="mobile/6E9ZGCW2E9Y_6lPvmRj2hQH_80_DX162_DY162_CX81_CY29.png" />
      <file href="presentation_content/6E9ZGCW2E9Y_6U3Vjj1BYpj_80_DX1350_DY1350.swf" />
      <file href="mobile/6E9ZGCW2E9Y_6U3Vjj1BYpj_80_DX1350_DY1350_CX675_CY262.png" />
      <file href="presentation_content/6E9ZGCW2E9Y_5t9g2jplfed_80_DX162_DY162.swf" />
      <file href="mobile/6E9ZGCW2E9Y_5t9g2jplfed_80_DX162_DY162_CX81_CY29.png" />
      <file href="presentation_content/6E9ZGCW2E9Y_5vf2aNkKNnN_80_DX680_DY680.swf" />
      <file href="mobile/6E9ZGCW2E9Y_5vf2aNkKNnN_80_DX680_DY680_CX340_CY231.png" />
      <file href="presentation_content/6E9ZGCW2E9Y_5lL6bzHmR6B_80_DX1350_DY1350.swf" />
      <file href="mobile/6E9ZGCW2E9Y_5lL6bzHmR6B_80_DX1350_DY1350_CX675_CY262.png" />
      <file href="presentation_content/6E9ZGCW2E9Y_5aCE5sW97Dl_80_DX162_DY162.swf" />
      <file href="mobile/6E9ZGCW2E9Y_5aCE5sW97Dl_80_DX162_DY162_CX81_CY29.png" />
      <file href="presentation_content/6E9ZGCW2E9Y_66wxnBhw30G_80_DX1350_DY1350.swf" />
      <file href="mobile/6E9ZGCW2E9Y_66wxnBhw30G_80_DX1350_DY1350_CX675_CY262.png" />
      <file href="presentation_content/6E9ZGCW2E9Y_6gvtsYK5SHy_80_DX162_DY162.swf" />
      <file href="mobile/6E9ZGCW2E9Y_6gvtsYK5SHy_80_DX162_DY162_CX81_CY29.png" />
      <file href="presentation_content/6E9ZGCW2E9Y_5gaTzvBucgO_80_DX1350_DY1350.swf" />
      <file href="mobile/6E9ZGCW2E9Y_5gaTzvBucgO_80_DX1350_DY1350_CX675_CY262.png" />
      <file href="presentation_content/6E9ZGCW2E9Y_6hyjXkx5YBS_80_DX162_DY162.swf" />
      <file href="mobile/6E9ZGCW2E9Y_6hyjXkx5YBS_80_DX162_DY162_CX81_CY29.png" />
      <file href="presentation_content/6E9ZGCW2E9Y_6Yw8EFg3vF1_80_DX1350_DY1350.swf" />
      <file href="mobile/6E9ZGCW2E9Y_6Yw8EFg3vF1_80_DX1350_DY1350_CX675_CY262.png" />
      <file href="presentation_content/6E9ZGCW2E9Y_6apWeqV00Cc_80_DX162_DY162.swf" />
      <file href="mobile/6E9ZGCW2E9Y_6apWeqV00Cc_80_DX162_DY162_CX81_CY29.png" />
      <file href="presentation_content/6E9ZGCW2E9Y_6DfpBlJhmD3_80_DX1350_DY1350.swf" />
      <file href="mobile/6E9ZGCW2E9Y_6DfpBlJhmD3_80_DX1350_DY1350_CX675_CY262.png" />
      <file href="presentation_content/6E9ZGCW2E9Y_6E6vDHxWYCx_80_DX162_DY162.swf" />
      <file href="mobile/6E9ZGCW2E9Y_6E6vDHxWYCx_80_DX162_DY162_CX81_CY29.png" />
      <file href="presentation_content/6E9ZGCW2E9Y_6BFkeeUzxMq_80_DX1350_DY1350.swf" />
      <file href="mobile/6E9ZGCW2E9Y_6BFkeeUzxMq_80_DX1350_DY1350_CX675_CY262.png" />
      <file href="presentation_content/6E9ZGCW2E9Y_5YJPxkfFT25_80_DX162_DY162.swf" />
      <file href="mobile/6E9ZGCW2E9Y_5YJPxkfFT25_80_DX162_DY162_CX81_CY29.png" />
      <file href="presentation_content/6E9ZGCW2E9Y_5hPAKN5lXNU_80_DX1350_DY1350.swf" />
      <file href="mobile/6E9ZGCW2E9Y_5hPAKN5lXNU_80_DX1350_DY1350_CX675_CY262.png" />
      <file href="presentation_content/6E9ZGCW2E9Y_6rpJW3mvSZ5_80_DX162_DY162.swf" />
      <file href="mobile/6E9ZGCW2E9Y_6rpJW3mvSZ5_80_DX162_DY162_CX81_CY29.png" />
      <file href="presentation_content/6E9ZGCW2E9Y_6Qe6T8998Ix_80_DX1350_DY1350.swf" />
      <file href="mobile/6E9ZGCW2E9Y_6Qe6T8998Ix_80_DX1350_DY1350_CX675_CY262.png" />
      <file href="presentation_content/6E9ZGCW2E9Y_6oxmSBmbIXH_80_DX162_DY162.swf" />
      <file href="mobile/6E9ZGCW2E9Y_6oxmSBmbIXH_80_DX162_DY162_CX81_CY29.png" />
      <file href="presentation_content/6E9ZGCW2E9Y_6nlN7TDQLgn_80_DX1350_DY1350.swf" />
      <file href="mobile/6E9ZGCW2E9Y_6nlN7TDQLgn_80_DX1350_DY1350_CX675_CY262.png" />
      <file href="presentation_content/6E9ZGCW2E9Y_6HmajDxSOTr_80_DX162_DY162.swf" />
      <file href="mobile/6E9ZGCW2E9Y_6HmajDxSOTr_80_DX162_DY162_CX81_CY29.png" />
      <file href="presentation_content/6E9ZGCW2E9Y_6RoMCVaOe9M_80_DX1350_DY1350.swf" />
      <file href="mobile/6E9ZGCW2E9Y_6RoMCVaOe9M_80_DX1350_DY1350_CX675_CY262.png" />
      <file href="presentation_content/6E9ZGCW2E9Y_5btCQJJHyX7_80_DX162_DY162.swf" />
      <file href="mobile/6E9ZGCW2E9Y_5btCQJJHyX7_80_DX162_DY162_CX81_CY29.png" />
      <file href="presentation_content/6E9ZGCW2E9Y_6NoOs0CrTXH_80_DX1350_DY1350.swf" />
      <file href="mobile/6E9ZGCW2E9Y_6NoOs0CrTXH_80_DX1350_DY1350_CX675_CY262.png" />
      <file href="presentation_content/6E9ZGCW2E9Y_5ZDSHe2GTWi_80_DX162_DY162.swf" />
      <file href="mobile/6E9ZGCW2E9Y_5ZDSHe2GTWi_80_DX162_DY162_CX81_CY29.png" />
      <file href="presentation_content/6E9ZGCW2E9Y_sl316shp4_80_DX106_DY106.swf" />
      <file href="mobile/6E9ZGCW2E9Y_sl316shp4_80_DX106_DY106_CX53_CY24.png" />
      <file href="presentation_content/6E9ZGCW2E9Y_sl316shp5_80_DX106_DY106.swf" />
      <file href="mobile/6E9ZGCW2E9Y_sl316shp5_80_DX106_DY106_CX53_CY24.png" />
      <file href="presentation_content/6E9ZGCW2E9Y_sl316shp6_80_DX164_DY164.swf" />
      <file href="mobile/6E9ZGCW2E9Y_sl316shp6_80_DX164_DY164_CX82_CY29.png" />
      <file href="presentation_content/6E9ZGCW2E9Y_sl316shp7idx1_80_DX134_DY134.swf" />
      <file href="mobile/6E9ZGCW2E9Y_sl316shp7idx1_80_DX134_DY134_CX67_CY55.png" />
      <file href="presentation_content/6E9ZGCW2E9Y_sl316shp10_80_DX124_DY124.swf" />
      <file href="mobile/6E9ZGCW2E9Y_sl316shp10_80_DX124_DY124_CX62_CY39.png" />
      <file href="presentation_content/6E9ZGCW2E9Y_sl316shp11_80_DX168_DY168.swf" />
      <file href="mobile/6E9ZGCW2E9Y_sl316shp11_80_DX168_DY168_CX84_CY34.png" />
      <file href="presentation_content/6E9ZGCW2E9Y_sl316shp12_80_DX106_DY106.swf" />
      <file href="mobile/6E9ZGCW2E9Y_sl316shp12_80_DX106_DY106_CX53_CY24.png" />
      <file href="presentation_content/6E9ZGCW2E9Y_sl316shp23idx1_80_DX134_DY134.swf" />
      <file href="mobile/6E9ZGCW2E9Y_sl316shp23idx1_80_DX134_DY134_CX67_CY55.png" />
      <file href="presentation_content/6E9ZGCW2E9Y_6PcH6rRwLrE_80_DX1350_DY1350.swf" />
      <file href="mobile/6E9ZGCW2E9Y_6PcH6rRwLrE_80_DX1350_DY1350_CX675_CY262.png" />
      <file href="presentation_content/6E9ZGCW2E9Y_6rflKJsgFqB_80_DX162_DY162.swf" />
      <file href="mobile/6E9ZGCW2E9Y_6rflKJsgFqB_80_DX162_DY162_CX81_CY29.png" />
      <file href="presentation_content/6E9ZGCW2E9Y_65vcZVKa9sf_80_DX1350_DY1350.swf" />
      <file href="mobile/6E9ZGCW2E9Y_65vcZVKa9sf_80_DX1350_DY1350_CX675_CY262.png" />
      <file href="presentation_content/6E9ZGCW2E9Y_5ajH2K1hCsw_80_DX162_DY162.swf" />
      <file href="mobile/6E9ZGCW2E9Y_5ajH2K1hCsw_80_DX162_DY162_CX81_CY29.png" />
      <file href="presentation_content/6E9ZGCW2E9Y_6EniP3c21F4_80_DX1350_DY1350.swf" />
      <file href="mobile/6E9ZGCW2E9Y_6EniP3c21F4_80_DX1350_DY1350_CX675_CY262.png" />
      <file href="presentation_content/6E9ZGCW2E9Y_6QEfx5Uovqq_80_DX162_DY162.swf" />
      <file href="mobile/6E9ZGCW2E9Y_6QEfx5Uovqq_80_DX162_DY162_CX81_CY29.png" />
      <file href="presentation_content/6E9ZGCW2E9Y_665x1wUx4Hc_80_DX1350_DY1350.swf" />
      <file href="mobile/6E9ZGCW2E9Y_665x1wUx4Hc_80_DX1350_DY1350_CX675_CY262.png" />
      <file href="presentation_content/6E9ZGCW2E9Y_5upjM5lFY0j_80_DX162_DY162.swf" />
      <file href="mobile/6E9ZGCW2E9Y_5upjM5lFY0j_80_DX162_DY162_CX81_CY29.png" />
      <file href="presentation_content/6E9ZGCW2E9Y_5laH6pI8XNd_80_DX1350_DY1350.swf" />
      <file href="mobile/6E9ZGCW2E9Y_5laH6pI8XNd_80_DX1350_DY1350_CX675_CY262.png" />
      <file href="presentation_content/6E9ZGCW2E9Y_6KotatxqS5v_80_DX162_DY162.swf" />
      <file href="mobile/6E9ZGCW2E9Y_6KotatxqS5v_80_DX162_DY162_CX81_CY29.png" />
      <file href="presentation_content/6E9ZGCW2E9Y_67wqAKKtRIl_80_DX1350_DY1350.swf" />
      <file href="mobile/6E9ZGCW2E9Y_67wqAKKtRIl_80_DX1350_DY1350_CX675_CY262.png" />
      <file href="presentation_content/6E9ZGCW2E9Y_5YiO2nLfa31_80_DX162_DY162.swf" />
      <file href="mobile/6E9ZGCW2E9Y_5YiO2nLfa31_80_DX162_DY162_CX81_CY29.png" />
      <file href="presentation_content/6E9ZGCW2E9Y_6fUPLDNGGF3_80_DX1350_DY1350.swf" />
      <file href="mobile/6E9ZGCW2E9Y_6fUPLDNGGF3_80_DX1350_DY1350_CX675_CY262.png" />
      <file href="presentation_content/6E9ZGCW2E9Y_5fh0tBqruNW_80_DX162_DY162.swf" />
      <file href="mobile/6E9ZGCW2E9Y_5fh0tBqruNW_80_DX162_DY162_CX81_CY29.png" />
      <file href="presentation_content/6E9ZGCW2E9Y_5YhBGicgOAT_80_DX1350_DY1350.swf" />
      <file href="mobile/6E9ZGCW2E9Y_5YhBGicgOAT_80_DX1350_DY1350_CX675_CY262.png" />
      <file href="presentation_content/6E9ZGCW2E9Y_5loxHcqAGfM_80_DX162_DY162.swf" />
      <file href="mobile/6E9ZGCW2E9Y_5loxHcqAGfM_80_DX162_DY162_CX81_CY29.png" />
      <file href="presentation_content/6E9ZGCW2E9Y_6WLt49pRNpz_80_DX1350_DY1350.swf" />
      <file href="mobile/6E9ZGCW2E9Y_6WLt49pRNpz_80_DX1350_DY1350_CX675_CY262.png" />
      <file href="presentation_content/6E9ZGCW2E9Y_6PPN878IWat_80_DX162_DY162.swf" />
      <file href="mobile/6E9ZGCW2E9Y_6PPN878IWat_80_DX162_DY162_CX81_CY29.png" />
      <file href="presentation_content/6E9ZGCW2E9Y_5bbmBZ2feHo_80_DX1350_DY1350.swf" />
      <file href="mobile/6E9ZGCW2E9Y_5bbmBZ2feHo_80_DX1350_DY1350_CX675_CY262.png" />
      <file href="presentation_content/6E9ZGCW2E9Y_6NR4CYaDf4P_80_DX162_DY162.swf" />
      <file href="mobile/6E9ZGCW2E9Y_6NR4CYaDf4P_80_DX162_DY162_CX81_CY29.png" />
      <file href="presentation_content/6E9ZGCW2E9Y_6jb3lZLPBxz_80_DX1350_DY1350.swf" />
      <file href="mobile/6E9ZGCW2E9Y_6jb3lZLPBxz_80_DX1350_DY1350_CX675_CY262.png" />
      <file href="presentation_content/6E9ZGCW2E9Y_6G9Rh1I39RN_80_DX162_DY162.swf" />
      <file href="mobile/6E9ZGCW2E9Y_6G9Rh1I39RN_80_DX162_DY162_CX81_CY29.png" />
      <file href="presentation_content/6E9ZGCW2E9Y_6DECo7Wor1h_80_DX1350_DY1350.swf" />
      <file href="mobile/6E9ZGCW2E9Y_6DECo7Wor1h_80_DX1350_DY1350_CX675_CY262.png" />
      <file href="presentation_content/6E9ZGCW2E9Y_6IXbsJPNvX0_80_DX162_DY162.swf" />
      <file href="mobile/6E9ZGCW2E9Y_6IXbsJPNvX0_80_DX162_DY162_CX81_CY29.png" />
      <file href="presentation_content/6E9ZGCW2E9Y_6SJwuycZ7Zy_80_DX1350_DY1350.swf" />
      <file href="mobile/6E9ZGCW2E9Y_6SJwuycZ7Zy_80_DX1350_DY1350_CX675_CY262.png" />
      <file href="presentation_content/6E9ZGCW2E9Y_5nsDBH0TOs7_80_DX162_DY162.swf" />
      <file href="mobile/6E9ZGCW2E9Y_5nsDBH0TOs7_80_DX162_DY162_CX81_CY29.png" />
      <file href="presentation_content/6E9ZGCW2E9Y_5rAH7DGnBn0_80_DX1350_DY1350.swf" />
      <file href="mobile/6E9ZGCW2E9Y_5rAH7DGnBn0_80_DX1350_DY1350_CX675_CY262.png" />
      <file href="presentation_content/6E9ZGCW2E9Y_6gFcTF4JUQq_80_DX162_DY162.swf" />
      <file href="mobile/6E9ZGCW2E9Y_6gFcTF4JUQq_80_DX162_DY162_CX81_CY29.png" />
      <file href="presentation_content/6E9ZGCW2E9Y_5iGRXp15leg_80_P_6_0_562_233_DX1138_DY1138.swf" />
      <file href="mobile/6E9ZGCW2E9Y_5iGRXp15leg_80_P_6_0_562_233_DX1138_DY1138_CX720_CY208.png" />
      <file href="presentation_content/6E9ZGCW2E9Y_6YZzSYJuhkh_80_DX162_DY162.swf" />
      <file href="mobile/6E9ZGCW2E9Y_6YZzSYJuhkh_80_DX162_DY162_CX81_CY29.png" />
      <file href="meta.xml" />
      <file href="mobile/6PunoYn4nmj.jpg" />
      <file href="presentation_content/logo.swf" />
      <file href="mobile/notes/5yf3yORN9yQ.png" />
      <file href="presentation_content/notes/5yf3yORN9yQ.swf" />
      <file href="mobile/notes/5vr56q8dDE6.png" />
      <file href="presentation_content/notes/5vr56q8dDE6.swf" />
      <file href="mobile/notes/5r5ENmyrV8h.png" />
      <file href="presentation_content/notes/5r5ENmyrV8h.swf" />
      <file href="mobile/notes/67e6HwdzBRQ.png" />
      <file href="presentation_content/notes/67e6HwdzBRQ.swf" />
      <file href="mobile/notes/5iiF7HvVClL.png" />
      <file href="presentation_content/notes/5iiF7HvVClL.swf" />
      <file href="mobile/notes/6cmR36ZwLlO.png" />
      <file href="presentation_content/notes/6cmR36ZwLlO.swf" />
      <file href="mobile/notes/6oNpgaCEH4t.png" />
      <file href="presentation_content/notes/6oNpgaCEH4t.swf" />
      <file href="mobile/notes/6X4r20aTONW.png" />
      <file href="presentation_content/notes/6X4r20aTONW.swf" />
      <file href="mobile/notes/6n7hJYutQqN.png" />
      <file href="presentation_content/notes/6n7hJYutQqN.swf" />
      <file href="mobile/notes/5wfD6yzWYV9.png" />
      <file href="presentation_content/notes/5wfD6yzWYV9.swf" />
      <file href="mobile/notes/65NRUzAkia4.png" />
      <file href="presentation_content/notes/65NRUzAkia4.swf" />
      <file href="mobile/notes/6f3RZIjijiD.png" />
      <file href="presentation_content/notes/6f3RZIjijiD.swf" />
      <file href="presentation_content/frame.xml" />
      <file href="presentation_content/frame.js" />
      <file href="presentation_content/user.js" />
      <file href="presentation_unsupported.html" />
      <file href="mobile/Slide6E9ZGCW2E9Y_d1sm.jpg" />
      <file href="mobile/Slide6E9ZGCW2E9Y_sl266.jpg" />
      <file href="mobile/app_store.png" />
      <file href="mobile/linen_background.jpg" />
      <file href="mobile/mobile_icon.png" />
      <file href="mobile/player.css" />
      <file href="mobile/player_compiled.js" />
      <file href="presentation_content/fonts.swf" />
      <file href="mobile/fonts.js" />
      <file href="presentation.swf" />
      <file href="presentation_content/frame.swf" />
      <file href="presentation_content/slides/684GfUHEJxm.swf" />
      <file href="mobile/slides/684GfUHEJxm.js" />
      <file href="presentation_content/slides/5ZKxBgICqNW.swf" />
      <file href="mobile/slides/5ZKxBgICqNW.js" />
      <file href="presentation_content/slides/5aGHy9AvJgw.swf" />
      <file href="mobile/slides/5aGHy9AvJgw.js" />
      <file href="presentation_content/slides/6nHGR8MCQVP.swf" />
      <file href="mobile/slides/6nHGR8MCQVP.js" />
      <file href="presentation_content/slides/69CeKklH18W.swf" />
      <file href="mobile/slides/69CeKklH18W.js" />
      <file href="presentation_content/slides/6enM1ovw35V.swf" />
      <file href="mobile/slides/6enM1ovw35V.js" />
      <file href="presentation_content/slides/6rcQByAUplW.swf" />
      <file href="mobile/slides/6rcQByAUplW.js" />
      <file href="presentation_content/slides/6dpsz1ztouW.swf" />
      <file href="mobile/slides/6dpsz1ztouW.js" />
      <file href="presentation_content/slides/6NKUXByKerc.swf" />
      <file href="mobile/slides/6NKUXByKerc.js" />
      <file href="presentation_content/slides/60XA59Wj1pJ.swf" />
      <file href="mobile/slides/60XA59Wj1pJ.js" />
      <file href="presentation_content/slides/5ZaVgtUrot6.swf" />
      <file href="mobile/slides/5ZaVgtUrot6.js" />
      <file href="presentation_content/slides/5hQT1UHomen.swf" />
      <file href="mobile/slides/5hQT1UHomen.js" />
      <file href="presentation_content/slides/6TEM2Lz5swe.swf" />
      <file href="mobile/slides/6TEM2Lz5swe.js" />
      <file href="presentation_content/slides/6OgQgs6wAME.swf" />
      <file href="mobile/slides/6OgQgs6wAME.js" />
      <file href="presentation_content/slides/60hwGVVItyk.swf" />
      <file href="mobile/slides/60hwGVVItyk.js" />
      <file href="presentation_content/slides/6XT9y1Nm0vh.swf" />
      <file href="mobile/slides/6XT9y1Nm0vh.js" />
      <file href="presentation_content/slides/5XyQ9XVgKkx.swf" />
      <file href="mobile/slides/5XyQ9XVgKkx.js" />
      <file href="presentation_content/slides/6TCsSVDNADi.swf" />
      <file href="mobile/slides/6TCsSVDNADi.js" />
      <file href="presentation_content/slides/5hqMpmsBcwC.swf" />
      <file href="mobile/slides/5hqMpmsBcwC.js" />
      <file href="presentation_content/slides/5z5rEAiyCBz.swf" />
      <file href="mobile/slides/5z5rEAiyCBz.js" />
      <file href="presentation_content/slides/5nx680vOzJX.swf" />
      <file href="mobile/slides/5nx680vOzJX.js" />
      <file href="presentation_content/slides/5Vwg7XX7dES.swf" />
      <file href="mobile/slides/5Vwg7XX7dES.js" />
      <file href="presentation_content/slides/6DJhYP3Uibd.swf" />
      <file href="mobile/slides/6DJhYP3Uibd.js" />
      <file href="presentation_content/slides/5Yq3tdQ5EHa.swf" />
      <file href="mobile/slides/5Yq3tdQ5EHa.js" />
      <file href="presentation_content/slides/6jRtwbUsw2X.swf" />
      <file href="mobile/slides/6jRtwbUsw2X.js" />
      <file href="presentation_content/slides/6EldiI7lFGe.swf" />
      <file href="mobile/slides/6EldiI7lFGe.js" />
      <file href="presentation_content/slides/5yf3yORN9yQ.swf" />
      <file href="mobile/slides/5yf3yORN9yQ.js" />
      <file href="presentation_content/slides/5vr56q8dDE6.swf" />
      <file href="mobile/slides/5vr56q8dDE6.js" />
      <file href="presentation_content/slides/5r5ENmyrV8h.swf" />
      <file href="mobile/slides/5r5ENmyrV8h.js" />
      <file href="presentation_content/slides/67e6HwdzBRQ.swf" />
      <file href="mobile/slides/67e6HwdzBRQ.js" />
      <file href="presentation_content/slides/5iiF7HvVClL.swf" />
      <file href="mobile/slides/5iiF7HvVClL.js" />
      <file href="presentation_content/slides/6cmR36ZwLlO.swf" />
      <file href="mobile/slides/6cmR36ZwLlO.js" />
      <file href="presentation_content/slides/6oNpgaCEH4t.swf" />
      <file href="mobile/slides/6oNpgaCEH4t.js" />
      <file href="presentation_content/slides/6X4r20aTONW.swf" />
      <file href="mobile/slides/6X4r20aTONW.js" />
      <file href="presentation_content/slides/6n7hJYutQqN.swf" />
      <file href="mobile/slides/6n7hJYutQqN.js" />
      <file href="presentation_content/slides/5wfD6yzWYV9.swf" />
      <file href="mobile/slides/5wfD6yzWYV9.js" />
      <file href="presentation_content/slides/65NRUzAkia4.swf" />
      <file href="mobile/slides/65NRUzAkia4.js" />
      <file href="presentation_content/slides/6f3RZIjijiD.swf" />
      <file href="mobile/slides/6f3RZIjijiD.js" />
      <file href="presentation_content/slides/6nv7vfwC1z1.swf" />
      <file href="mobile/slides/6nv7vfwC1z1.js" />
      <file href="presentation_content/data.swf" />
      <file href="mobile/data.js" />
      <file href="mobile/masks.js" />
      <file href="presentation.html" />
      <file href="presentation_html5.html" />
      <file href="index_lms_html5.html" />
      <file href="presentation_content/blank.html" />
      <file href="presentation_content/presentation.js" />
      <file href="index_lms.html" />
      <file href="lms/AICCComm.html" />
      <file href="lms/AICCFunctions.js" />
      <file href="lms/API.js" />
      <file href="lms/APIConstants.js" />
      <file href="lms/blank.html" />
      <file href="lms/browsersniff.js" />
      <file href="lms/Configuration.js" />
      <file href="lms/goodbye.html" />
      <file href="lms/lms.js" />
      <file href="lms/LMSAPI.js" />
      <file href="lms/NONEFunctions.js" />
      <file href="lms/SCORM2004Functions.js" />
      <file href="lms/SCORMFunctions.js" />
      <file href="lms/UtilityFunctions.js" />
    </resource>
  </resources>
</manifest>