<?xml version="1.0" encoding="utf-8"?>
<manifest identifier="_4etq2uCpR4h_course_id" version="1.0" xmlns="http://www.imsproject.org/xsd/imscp_rootv1p1p2" xmlns:adlcp="http://www.adlnet.org/xsd/adlcp_rootv1p2" xmlns:xsi="http://www.w3.org/2001/XMLSchema-instance" xsi:schemaLocation="http://www.imsproject.org/xsd/imscp_rootv1p1p2 imscp_rootv1p1p2.xsd http://www.imsglobal.org/xsd/imsmd_rootv1p2p1 imsmd_rootv1p2p1.xsd http://www.adlnet.org/xsd/adlcp_rootv1p2 adlcp_rootv1p2.xsd">
  <metadata>
    <schema>ADL SCORM</schema>
    <schemaversion>1.2</schemaversion>
    <lom xmlns="http://www.imsglobal.org/xsd/imsmd_rootv1p2p1" xmlns:xsi="http://www.w3.org/2001/XMLSchema-instance" xsi:schemaLocation="http://www.imsglobal.org/xsd/imsmd_rootv1p2p1 imsmd_rootv1p2p1.xsd">
      <general>
        <title>
          <langstring xml:lang="x-none">IntroductionToTesting</langstring>
        </title>
      </general>
      <lifecycle>
        <version>
          <langstring xml:lang="x-none">1</langstring>
        </version>
        <status>
          <source>
            <langstring xml:lang="x-none">LOMv1.0</langstring>
          </source>
          <value>
            <langstring xml:lang="x-none">Final</langstring>
          </value>
        </status>
      </lifecycle>
      <metametadata>
        <metadatascheme>ADL SCORM 1.2</metadatascheme>
      </metametadata>
      <educational>
        <typicallearningtime>
          <datetime>PT0H0M0S</datetime>
        </typicallearningtime>
      </educational>
      <rights>
        <cost>
          <source>
            <langstring xml:lang="x-none">LOMv1.0</langstring>
          </source>
          <value>
            <langstring xml:lang="x-none">yes</langstring>
          </value>
        </cost>
        <copyrightandotherrestrictions>
          <source>
            <langstring xml:lang="x-none">LOMv1.0</langstring>
          </source>
          <value>
            <langstring xml:lang="x-none">yes</langstring>
          </value>
        </copyrightandotherrestrictions>
      </rights>
    </lom>
  </metadata>
  <organizations default="IntroductionToTesting_ORG">
    <organization identifier="IntroductionToTesting_ORG">
      <title>IntroductionToTesting</title>
      <item identifier="IntroductionToTesting_SCO" isvisible="true" identifierref="__4etq2uCpR4h_course_id_RES">
        <title>IntroductionToTesting</title>
      </item>
    </organization>
  </organizations>
  <resources>
    <resource identifier="__4etq2uCpR4h_course_id_RES" type="webcontent" href="index_lms.html" adlcp:scormtype="sco">
      <file href="presentation_content/thumbnail.jpg" />
      <file href="presentation_content/6Nw9rUTilNF_d11_HCLTemplatecl465_TitleSlideshp14_80_DX1440_DY1440.swf" />
      <file href="mobile/6Nw9rUTilNF_d11_HCLTemplatecl465_TitleSlideshp14_80_DX1440_DY1440_CX720_CY278.png" />
      <file href="presentation_content/6Nw9rUTilNF_d11_HCLTemplatecl465_TitleSlideshp2_80_DX1440_DY1440.swf" />
      <file href="mobile/6Nw9rUTilNF_d11_HCLTemplatecl465_TitleSlideshp2_80_DX1440_DY1440_CX720_CY21.png" />
      <file href="presentation_content/6Nw9rUTilNF_d11_HCLTemplatecl465_TitleSlideshp15_80_DX1116_DY1116.swf" />
      <file href="mobile/6Nw9rUTilNF_d11_HCLTemplatecl465_TitleSlideshp15_80_DX1116_DY1116_CX558_CY76.png" />
      <file href="presentation_content/6Nw9rUTilNF_5eQ6BmZSPu5_80_DX216_DY216.swf" />
      <file href="mobile/6Nw9rUTilNF_5eQ6BmZSPu5_80_DX216_DY216_CX108_CY38.png" />
      <file href="presentation_content/6Nw9rUTilNF_d11_HCLTemplatesmshp19_80_DX1116_DY1116.swf" />
      <file href="mobile/6Nw9rUTilNF_d11_HCLTemplatesmshp19_80_DX1116_DY1116_CX558_CY76.png" />
      <file href="presentation_content/6Nw9rUTilNF_5vlUfCkPcp6_80_DX216_DY216.swf" />
      <file href="mobile/6Nw9rUTilNF_5vlUfCkPcp6_80_DX216_DY216_CX108_CY38.png" />
      <file href="presentation_content/6Nw9rUTilNF_6q02Yn1V4uE_80_DX1350_DY1350.swf" />
      <file href="mobile/6Nw9rUTilNF_6q02Yn1V4uE_80_DX1350_DY1350_CX675_CY262.png" />
      <file href="presentation_content/6Nw9rUTilNF_6W95QBnXbdo_80_DX216_DY216.swf" />
      <file href="mobile/6Nw9rUTilNF_6W95QBnXbdo_80_DX216_DY216_CX108_CY38.png" />
      <file href="presentation_content/6Nw9rUTilNF_5xlvAcuw2YD_80_DX1350_DY1350.swf" />
      <file href="mobile/6Nw9rUTilNF_5xlvAcuw2YD_80_DX1350_DY1350_CX675_CY262.png" />
      <file href="presentation_content/6Nw9rUTilNF_5XfBHcKsIVV_80_DX216_DY216.swf" />
      <file href="mobile/6Nw9rUTilNF_5XfBHcKsIVV_80_DX216_DY216_CX108_CY38.png" />
      <file href="presentation_content/6Nw9rUTilNF_6fQQgiBYapM_80_DX1350_DY1350.swf" />
      <file href="mobile/6Nw9rUTilNF_6fQQgiBYapM_80_DX1350_DY1350_CX675_CY262.png" />
      <file href="presentation_content/6Nw9rUTilNF_6I7YB1UWwfX_80_DX216_DY216.swf" />
      <file href="mobile/6Nw9rUTilNF_6I7YB1UWwfX_80_DX216_DY216_CX108_CY38.png" />
      <file href="presentation_content/6Nw9rUTilNF_6H4j1fna7AS_80_DX1350_DY1350.swf" />
      <file href="mobile/6Nw9rUTilNF_6H4j1fna7AS_80_DX1350_DY1350_CX675_CY262.png" />
      <file href="presentation_content/6Nw9rUTilNF_6KNSRIdfbsU_80_DX216_DY216.swf" />
      <file href="mobile/6Nw9rUTilNF_6KNSRIdfbsU_80_DX216_DY216_CX108_CY38.png" />
      <file href="presentation_content/6Nw9rUTilNF_6Od7s46jeRk_80_DX1350_DY1350.swf" />
      <file href="mobile/6Nw9rUTilNF_6Od7s46jeRk_80_DX1350_DY1350_CX675_CY262.png" />
      <file href="presentation_content/6Nw9rUTilNF_6gqDixBHxd4_80_DX216_DY216.swf" />
      <file href="mobile/6Nw9rUTilNF_6gqDixBHxd4_80_DX216_DY216_CX108_CY38.png" />
      <file href="presentation_content/6Nw9rUTilNF_6FTMbe3NnVw_80_DX1350_DY1350.swf" />
      <file href="mobile/6Nw9rUTilNF_6FTMbe3NnVw_80_DX1350_DY1350_CX675_CY262.png" />
      <file href="presentation_content/6Nw9rUTilNF_6hjrtBjEnIM_80_DX216_DY216.swf" />
      <file href="mobile/6Nw9rUTilNF_6hjrtBjEnIM_80_DX216_DY216_CX108_CY38.png" />
      <file href="presentation_content/6Nw9rUTilNF_5yo0ZOAJrC8_80_DX1350_DY1350.swf" />
      <file href="mobile/6Nw9rUTilNF_5yo0ZOAJrC8_80_DX1350_DY1350_CX675_CY262.png" />
      <file href="presentation_content/6Nw9rUTilNF_6EIpl7yZF6X_80_DX216_DY216.swf" />
      <file href="mobile/6Nw9rUTilNF_6EIpl7yZF6X_80_DX216_DY216_CX108_CY38.png" />
      <file href="presentation_content/6Nw9rUTilNF_5qrgr0tIPqR_80_DX1350_DY1350.swf" />
      <file href="mobile/6Nw9rUTilNF_5qrgr0tIPqR_80_DX1350_DY1350_CX675_CY262.png" />
      <file href="presentation_content/6Nw9rUTilNF_6NloszUokqO_80_DX216_DY216.swf" />
      <file href="mobile/6Nw9rUTilNF_6NloszUokqO_80_DX216_DY216_CX108_CY38.png" />
      <file href="presentation_content/6Nw9rUTilNF_5VrbTckSNTq_80_DX1350_DY1350.swf" />
      <file href="mobile/6Nw9rUTilNF_5VrbTckSNTq_80_DX1350_DY1350_CX675_CY262.png" />
      <file href="presentation_content/6Nw9rUTilNF_6fIOxljmFsA_80_DX216_DY216.swf" />
      <file href="mobile/6Nw9rUTilNF_6fIOxljmFsA_80_DX216_DY216_CX108_CY38.png" />
      <file href="presentation_content/6Nw9rUTilNF_6JSdx885Pkh_80_DX1350_DY1350.swf" />
      <file href="mobile/6Nw9rUTilNF_6JSdx885Pkh_80_DX1350_DY1350_CX675_CY262.png" />
      <file href="presentation_content/6Nw9rUTilNF_68UCRplXJHu_80_DX216_DY216.swf" />
      <file href="mobile/6Nw9rUTilNF_68UCRplXJHu_80_DX216_DY216_CX108_CY38.png" />
      <file href="presentation_content/6Nw9rUTilNF_5ZqTQId6YIw_80_DX1350_DY1350.swf" />
      <file href="mobile/6Nw9rUTilNF_5ZqTQId6YIw_80_DX1350_DY1350_CX675_CY262.png" />
      <file href="presentation_content/6Nw9rUTilNF_5oJknj2Udgr_80_DX216_DY216.swf" />
      <file href="mobile/6Nw9rUTilNF_5oJknj2Udgr_80_DX216_DY216_CX108_CY38.png" />
      <file href="presentation_content/6Nw9rUTilNF_6bjE4aCXU4i_80_DX1350_DY1350.swf" />
      <file href="mobile/6Nw9rUTilNF_6bjE4aCXU4i_80_DX1350_DY1350_CX675_CY262.png" />
      <file href="presentation_content/6Nw9rUTilNF_6dNFSrkVVAb_80_DX216_DY216.swf" />
      <file href="mobile/6Nw9rUTilNF_6dNFSrkVVAb_80_DX216_DY216_CX108_CY38.png" />
      <file href="presentation_content/6Nw9rUTilNF_6XvGe02ZyLy_80_DX1350_DY1350.swf" />
      <file href="mobile/6Nw9rUTilNF_6XvGe02ZyLy_80_DX1350_DY1350_CX675_CY262.png" />
      <file href="presentation_content/6Nw9rUTilNF_6GpWG611fT5_80_DX216_DY216.swf" />
      <file href="mobile/6Nw9rUTilNF_6GpWG611fT5_80_DX216_DY216_CX108_CY38.png" />
      <file href="presentation_content/6Nw9rUTilNF_5xn72hTEd3S_80_DX1350_DY1350.swf" />
      <file href="mobile/6Nw9rUTilNF_5xn72hTEd3S_80_DX1350_DY1350_CX675_CY262.png" />
      <file href="presentation_content/6Nw9rUTilNF_5qlMYaBXaU3_80_DX216_DY216.swf" />
      <file href="mobile/6Nw9rUTilNF_5qlMYaBXaU3_80_DX216_DY216_CX108_CY38.png" />
      <file href="presentation_content/6Nw9rUTilNF_5n09CQLbcXp_80_DX1350_DY1350.swf" />
      <file href="mobile/6Nw9rUTilNF_5n09CQLbcXp_80_DX1350_DY1350_CX675_CY262.png" />
      <file href="presentation_content/6Nw9rUTilNF_5glcx3DdhLa_80_DX216_DY216.swf" />
      <file href="mobile/6Nw9rUTilNF_5glcx3DdhLa_80_DX216_DY216_CX108_CY38.png" />
      <file href="presentation_content/6Nw9rUTilNF_5tQOGFHy6by_80_DX1350_DY1350.swf" />
      <file href="mobile/6Nw9rUTilNF_5tQOGFHy6by_80_DX1350_DY1350_CX675_CY262.png" />
      <file href="presentation_content/6Nw9rUTilNF_6qXr3Oq9zlB_80_DX216_DY216.swf" />
      <file href="mobile/6Nw9rUTilNF_6qXr3Oq9zlB_80_DX216_DY216_CX108_CY38.png" />
      <file href="presentation_content/6Nw9rUTilNF_5qwUG9JVyHn_80_DX1350_DY1350.swf" />
      <file href="mobile/6Nw9rUTilNF_5qwUG9JVyHn_80_DX1350_DY1350_CX675_CY262.png" />
      <file href="presentation_content/6Nw9rUTilNF_6VSsHsgstDN_80_DX216_DY216.swf" />
      <file href="mobile/6Nw9rUTilNF_6VSsHsgstDN_80_DX216_DY216_CX108_CY38.png" />
      <file href="presentation_content/6Nw9rUTilNF_6l6lRdMl4ij_80_DX1350_DY1350.swf" />
      <file href="mobile/6Nw9rUTilNF_6l6lRdMl4ij_80_DX1350_DY1350_CX675_CY262.png" />
      <file href="presentation_content/6Nw9rUTilNF_6lJBITujjBQ_80_DX216_DY216.swf" />
      <file href="mobile/6Nw9rUTilNF_6lJBITujjBQ_80_DX216_DY216_CX108_CY38.png" />
      <file href="presentation_content/6Nw9rUTilNF_6D0zpZ3VAoQ_80_DX1350_DY1350.swf" />
      <file href="mobile/6Nw9rUTilNF_6D0zpZ3VAoQ_80_DX1350_DY1350_CX675_CY262.png" />
      <file href="presentation_content/6Nw9rUTilNF_sl687shp3_80_DX1216_DY1216.swf" />
      <file href="mobile/6Nw9rUTilNF_sl687shp3_80_DX1216_DY1216_CX608_CY313.png" />
      <file href="presentation_content/6Nw9rUTilNF_6rRCA5HZjax_80_DX216_DY216.swf" />
      <file href="mobile/6Nw9rUTilNF_6rRCA5HZjax_80_DX216_DY216_CX108_CY38.png" />
      <file href="presentation_content/6Nw9rUTilNF_6amkUswhHtW_80_DX1350_DY1350.swf" />
      <file href="mobile/6Nw9rUTilNF_6amkUswhHtW_80_DX1350_DY1350_CX675_CY262.png" />
      <file href="presentation_content/6Nw9rUTilNF_5fQ4bE5ygdf_80_DX216_DY216.swf" />
      <file href="mobile/6Nw9rUTilNF_5fQ4bE5ygdf_80_DX216_DY216_CX108_CY38.png" />
      <file href="presentation_content/6Nw9rUTilNF_6Apmjmdd1Ha_80_DX1350_DY1350.swf" />
      <file href="mobile/6Nw9rUTilNF_6Apmjmdd1Ha_80_DX1350_DY1350_CX675_CY262.png" />
      <file href="presentation_content/6Nw9rUTilNF_6doB7hwAI1A_80_DX216_DY216.swf" />
      <file href="mobile/6Nw9rUTilNF_6doB7hwAI1A_80_DX216_DY216_CX108_CY38.png" />
      <file href="presentation_content/6Nw9rUTilNF_6X8yrKe2PlQ_80_DX1350_DY1350.swf" />
      <file href="mobile/6Nw9rUTilNF_6X8yrKe2PlQ_80_DX1350_DY1350_CX675_CY262.png" />
      <file href="presentation_content/6Nw9rUTilNF_6Glpvm3VOQ6_80_DX216_DY216.swf" />
      <file href="mobile/6Nw9rUTilNF_6Glpvm3VOQ6_80_DX216_DY216_CX108_CY38.png" />
      <file href="presentation_content/6Nw9rUTilNF_6C6dsOmtNab_80_DX1350_DY1350.swf" />
      <file href="mobile/6Nw9rUTilNF_6C6dsOmtNab_80_DX1350_DY1350_CX675_CY262.png" />
      <file href="presentation_content/6Nw9rUTilNF_6KQfCicfoqI_80_DX216_DY216.swf" />
      <file href="mobile/6Nw9rUTilNF_6KQfCicfoqI_80_DX216_DY216_CX108_CY38.png" />
      <file href="presentation_content/6Nw9rUTilNF_6S7J3QwZ8n5_80_DX1350_DY1350.swf" />
      <file href="mobile/6Nw9rUTilNF_6S7J3QwZ8n5_80_DX1350_DY1350_CX675_CY262.png" />
      <file href="presentation_content/6Nw9rUTilNF_6hR4A7ipntr_80_DX216_DY216.swf" />
      <file href="mobile/6Nw9rUTilNF_6hR4A7ipntr_80_DX216_DY216_CX108_CY38.png" />
      <file href="presentation_content/6Nw9rUTilNF_5bV7BPwdtBt_80_DX1350_DY1350.swf" />
      <file href="mobile/6Nw9rUTilNF_5bV7BPwdtBt_80_DX1350_DY1350_CX675_CY262.png" />
      <file href="presentation_content/6Nw9rUTilNF_6IoRd8NZqiK_80_DX216_DY216.swf" />
      <file href="mobile/6Nw9rUTilNF_6IoRd8NZqiK_80_DX216_DY216_CX108_CY38.png" />
      <file href="presentation_content/6Nw9rUTilNF_6crP2Iujy2X_80_DX1350_DY1350.swf" />
      <file href="mobile/6Nw9rUTilNF_6crP2Iujy2X_80_DX1350_DY1350_CX675_CY262.png" />
      <file href="presentation_content/6Nw9rUTilNF_5xTMbN0C1xF_80_DX216_DY216.swf" />
      <file href="mobile/6Nw9rUTilNF_5xTMbN0C1xF_80_DX216_DY216_CX108_CY38.png" />
      <file href="presentation_content/6Nw9rUTilNF_66mGNXOQkvp_80_DX1350_DY1350.swf" />
      <file href="mobile/6Nw9rUTilNF_66mGNXOQkvp_80_DX1350_DY1350_CX675_CY262.png" />
      <file href="presentation_content/6Nw9rUTilNF_5oG7uWmCeqs_80_DX216_DY216.swf" />
      <file href="mobile/6Nw9rUTilNF_5oG7uWmCeqs_80_DX216_DY216_CX108_CY38.png" />
      <file href="presentation_content/6Nw9rUTilNF_60Isr9LthEB_80_DX1350_DY1350.swf" />
      <file href="mobile/6Nw9rUTilNF_60Isr9LthEB_80_DX1350_DY1350_CX675_CY262.png" />
      <file href="presentation_content/6Nw9rUTilNF_63SSniDs9lp_80_DX216_DY216.swf" />
      <file href="mobile/6Nw9rUTilNF_63SSniDs9lp_80_DX216_DY216_CX108_CY38.png" />
      <file href="presentation_content/6Nw9rUTilNF_6ptRAK05u0M_80_DX1350_DY1350.swf" />
      <file href="mobile/6Nw9rUTilNF_6ptRAK05u0M_80_DX1350_DY1350_CX675_CY262.png" />
      <file href="presentation_content/6Nw9rUTilNF_sl696shp3_80_DX1252_DY1252.swf" />
      <file href="mobile/6Nw9rUTilNF_sl696shp3_80_DX1252_DY1252_CX626_CY34.png" />
      <file href="presentation_content/6Nw9rUTilNF_sl696shp4_80_DX1240_DY1240.swf" />
      <file href="mobile/6Nw9rUTilNF_sl696shp4_80_DX1240_DY1240_CX620_CY344.png" />
      <file href="presentation_content/6Nw9rUTilNF_6RuYBLIS1js_80_DX216_DY216.swf" />
      <file href="mobile/6Nw9rUTilNF_6RuYBLIS1js_80_DX216_DY216_CX108_CY38.png" />
      <file href="presentation_content/6Nw9rUTilNF_6ckqICQcHkV_80_DX1350_DY1350.swf" />
      <file href="mobile/6Nw9rUTilNF_6ckqICQcHkV_80_DX1350_DY1350_CX675_CY262.png" />
      <file href="presentation_content/6Nw9rUTilNF_6mx5KHA2gub_80_DX216_DY216.swf" />
      <file href="mobile/6Nw9rUTilNF_6mx5KHA2gub_80_DX216_DY216_CX108_CY38.png" />
      <file href="presentation_content/6Nw9rUTilNF_60wftnkXff9_80_DX1350_DY1350.swf" />
      <file href="mobile/6Nw9rUTilNF_60wftnkXff9_80_DX1350_DY1350_CX675_CY262.png" />
      <file href="presentation_content/6Nw9rUTilNF_5fQJ7mTUrLa_80_DX216_DY216.swf" />
      <file href="mobile/6Nw9rUTilNF_5fQJ7mTUrLa_80_DX216_DY216_CX108_CY38.png" />
      <file href="presentation_content/6Nw9rUTilNF_5ift5JwsBPP_80_DX1350_DY1350.swf" />
      <file href="mobile/6Nw9rUTilNF_5ift5JwsBPP_80_DX1350_DY1350_CX675_CY262.png" />
      <file href="presentation_content/6Nw9rUTilNF_6D3NmglvemZ_80_DX216_DY216.swf" />
      <file href="mobile/6Nw9rUTilNF_6D3NmglvemZ_80_DX216_DY216_CX108_CY38.png" />
      <file href="presentation_content/6Nw9rUTilNF_5xoKrrHRZWp_80_DX1350_DY1350.swf" />
      <file href="mobile/6Nw9rUTilNF_5xoKrrHRZWp_80_DX1350_DY1350_CX675_CY262.png" />
      <file href="presentation_content/6Nw9rUTilNF_6AIMvImTqs5_80_DX216_DY216.swf" />
      <file href="mobile/6Nw9rUTilNF_6AIMvImTqs5_80_DX216_DY216_CX108_CY38.png" />
      <file href="presentation_content/6Nw9rUTilNF_6Zu7EuYa21d_80_DX1350_DY1350.swf" />
      <file href="mobile/6Nw9rUTilNF_6Zu7EuYa21d_80_DX1350_DY1350_CX675_CY262.png" />
      <file href="presentation_content/6Nw9rUTilNF_6UT2sjHRTnN_80_DX216_DY216.swf" />
      <file href="mobile/6Nw9rUTilNF_6UT2sjHRTnN_80_DX216_DY216_CX108_CY38.png" />
      <file href="presentation_content/6Nw9rUTilNF_5rPjgkLXq0Z_80_DX1350_DY1350.swf" />
      <file href="mobile/6Nw9rUTilNF_5rPjgkLXq0Z_80_DX1350_DY1350_CX675_CY262.png" />
      <file href="presentation_content/6Nw9rUTilNF_5xTRsT9S21l_80_DX216_DY216.swf" />
      <file href="mobile/6Nw9rUTilNF_5xTRsT9S21l_80_DX216_DY216_CX108_CY38.png" />
      <file href="presentation_content/6Nw9rUTilNF_60JOjKeHPNk_80_DX1350_DY1350.swf" />
      <file href="mobile/6Nw9rUTilNF_60JOjKeHPNk_80_DX1350_DY1350_CX675_CY262.png" />
      <file href="presentation_content/6Nw9rUTilNF_5hf2TsWaJfC_80_DX216_DY216.swf" />
      <file href="mobile/6Nw9rUTilNF_5hf2TsWaJfC_80_DX216_DY216_CX108_CY38.png" />
      <file href="presentation_content/6Nw9rUTilNF_5wPn2ZdVHvL_80_DX1350_DY1350.swf" />
      <file href="mobile/6Nw9rUTilNF_5wPn2ZdVHvL_80_DX1350_DY1350_CX675_CY262.png" />
      <file href="presentation_content/6Nw9rUTilNF_6BLX394KruE_80_DX216_DY216.swf" />
      <file href="mobile/6Nw9rUTilNF_6BLX394KruE_80_DX216_DY216_CX108_CY38.png" />
      <file href="presentation_content/6Nw9rUTilNF_618gcMCVXzP_80_DX1350_DY1350.swf" />
      <file href="mobile/6Nw9rUTilNF_618gcMCVXzP_80_DX1350_DY1350_CX675_CY262.png" />
      <file href="presentation_content/6Nw9rUTilNF_sl706shp3_80_DX292_DY292.swf" />
      <file href="mobile/6Nw9rUTilNF_sl706shp3_80_DX292_DY292_CX146_CY63.png" />
      <file href="presentation_content/6Nw9rUTilNF_sl706shp4_80_DX292_DY292.swf" />
      <file href="mobile/6Nw9rUTilNF_sl706shp4_80_DX292_DY292_CX146_CY63.png" />
      <file href="presentation_content/6Nw9rUTilNF_sl706shp5_80_DX292_DY292.swf" />
      <file href="mobile/6Nw9rUTilNF_sl706shp5_80_DX292_DY292_CX146_CY63.png" />
      <file href="presentation_content/6Nw9rUTilNF_sl706shp6_80_DX292_DY292.swf" />
      <file href="mobile/6Nw9rUTilNF_sl706shp6_80_DX292_DY292_CX146_CY63.png" />
      <file href="presentation_content/6Nw9rUTilNF_6oYTd7Nqf91_80_DX216_DY216.swf" />
      <file href="mobile/6Nw9rUTilNF_6oYTd7Nqf91_80_DX216_DY216_CX108_CY38.png" />
      <file href="presentation_content/6Nw9rUTilNF_5ugwFf9Wqmn_80_DX1350_DY1350.swf" />
      <file href="mobile/6Nw9rUTilNF_5ugwFf9Wqmn_80_DX1350_DY1350_CX675_CY262.png" />
      <file href="presentation_content/6Nw9rUTilNF_6k5KklXQeAj_80_DX216_DY216.swf" />
      <file href="mobile/6Nw9rUTilNF_6k5KklXQeAj_80_DX216_DY216_CX108_CY38.png" />
      <file href="presentation_content/6Nw9rUTilNF_6MoFb74upd7_80_DX1350_DY1350.swf" />
      <file href="mobile/6Nw9rUTilNF_6MoFb74upd7_80_DX1350_DY1350_CX675_CY262.png" />
      <file href="presentation_content/6Nw9rUTilNF_6DqO5REUifU_80_DX216_DY216.swf" />
      <file href="mobile/6Nw9rUTilNF_6DqO5REUifU_80_DX216_DY216_CX108_CY38.png" />
      <file href="presentation_content/6Nw9rUTilNF_6Z5pNk5l4Mt_80_DX1350_DY1350.swf" />
      <file href="mobile/6Nw9rUTilNF_6Z5pNk5l4Mt_80_DX1350_DY1350_CX675_CY262.png" />
      <file href="presentation_content/6Nw9rUTilNF_6ohTUWw3Aac_80_DX216_DY216.swf" />
      <file href="mobile/6Nw9rUTilNF_6ohTUWw3Aac_80_DX216_DY216_CX108_CY38.png" />
      <file href="presentation_content/6Nw9rUTilNF_6MKhfimYGhc_80_DX1350_DY1350.swf" />
      <file href="mobile/6Nw9rUTilNF_6MKhfimYGhc_80_DX1350_DY1350_CX675_CY262.png" />
      <file href="presentation_content/6Nw9rUTilNF_6g7ygEvkslf_80_DX216_DY216.swf" />
      <file href="mobile/6Nw9rUTilNF_6g7ygEvkslf_80_DX216_DY216_CX108_CY38.png" />
      <file href="presentation_content/6Nw9rUTilNF_6SkpySQbLCb_80_DX1350_DY1350.swf" />
      <file href="mobile/6Nw9rUTilNF_6SkpySQbLCb_80_DX1350_DY1350_CX675_CY262.png" />
      <file href="presentation_content/6Nw9rUTilNF_6BDjYuKdXGa_80_DX216_DY216.swf" />
      <file href="mobile/6Nw9rUTilNF_6BDjYuKdXGa_80_DX216_DY216_CX108_CY38.png" />
      <file href="presentation_content/6Nw9rUTilNF_6F6358RXToz_80_DX1350_DY1350.swf" />
      <file href="mobile/6Nw9rUTilNF_6F6358RXToz_80_DX1350_DY1350_CX675_CY262.png" />
      <file href="presentation_content/6Nw9rUTilNF_6pEiw7mbRm4_80_DX216_DY216.swf" />
      <file href="mobile/6Nw9rUTilNF_6pEiw7mbRm4_80_DX216_DY216_CX108_CY38.png" />
      <file href="presentation_content/6Nw9rUTilNF_5f54NBALBix_80_DX1350_DY1350.swf" />
      <file href="mobile/6Nw9rUTilNF_5f54NBALBix_80_DX1350_DY1350_CX675_CY262.png" />
      <file href="presentation_content/6Nw9rUTilNF_5nc8odRBr7y_80_DX216_DY216.swf" />
      <file href="mobile/6Nw9rUTilNF_5nc8odRBr7y_80_DX216_DY216_CX108_CY38.png" />
      <file href="meta.xml" />
      <file href="mobile/6kI2GLwzn2l.jpg" />
      <file href="presentation_content/logo.swf" />
      <file href="presentation_content/frame.xml" />
      <file href="presentation_content/frame.js" />
      <file href="presentation_content/user.js" />
      <file href="presentation_unsupported.html" />
      <file href="mobile/Slide6Nw9rUTilNF_d1sm.jpg" />
      <file href="mobile/app_store.png" />
      <file href="mobile/linen_background.jpg" />
      <file href="mobile/mobile_icon.png" />
      <file href="mobile/player.css" />
      <file href="mobile/player_compiled.js" />
      <file href="presentation_content/fonts.swf" />
      <file href="mobile/fonts.js" />
      <file href="presentation.swf" />
      <file href="presentation_content/frame.swf" />
      <file href="presentation_content/slides/5uouDZLfHXU.swf" />
      <file href="mobile/slides/5uouDZLfHXU.js" />
      <file href="presentation_content/slides/69f8wDUoXh3.swf" />
      <file href="mobile/slides/69f8wDUoXh3.js" />
      <file href="presentation_content/slides/6JUVwlFUQIK.swf" />
      <file href="mobile/slides/6JUVwlFUQIK.js" />
      <file href="presentation_content/slides/6Mfb35NR4Om.swf" />
      <file href="mobile/slides/6Mfb35NR4Om.js" />
      <file href="presentation_content/slides/5vTrjMGgSFt.swf" />
      <file href="mobile/slides/5vTrjMGgSFt.js" />
      <file href="presentation_content/slides/5xqRcSYHmhL.swf" />
      <file href="mobile/slides/5xqRcSYHmhL.js" />
      <file href="presentation_content/slides/5dj7zQXkGyH.swf" />
      <file href="mobile/slides/5dj7zQXkGyH.js" />
      <file href="presentation_content/slides/5VbbxALSsZB.swf" />
      <file href="mobile/slides/5VbbxALSsZB.js" />
      <file href="presentation_content/slides/61EADrbAMrL.swf" />
      <file href="mobile/slides/61EADrbAMrL.js" />
      <file href="presentation_content/slides/62YNDNxOe92.swf" />
      <file href="mobile/slides/62YNDNxOe92.js" />
      <file href="presentation_content/slides/5axVszKwmEp.swf" />
      <file href="mobile/slides/5axVszKwmEp.js" />
      <file href="presentation_content/slides/6hCe0KEzdSY.swf" />
      <file href="mobile/slides/6hCe0KEzdSY.js" />
      <file href="presentation_content/slides/5wAmWAg8edO.swf" />
      <file href="mobile/slides/5wAmWAg8edO.js" />
      <file href="presentation_content/slides/6VmATQTwLrO.swf" />
      <file href="mobile/slides/6VmATQTwLrO.js" />
      <file href="presentation_content/slides/6I69pMTzSUr.swf" />
      <file href="mobile/slides/6I69pMTzSUr.js" />
      <file href="presentation_content/slides/5eZC3PnOF8M.swf" />
      <file href="mobile/slides/5eZC3PnOF8M.js" />
      <file href="presentation_content/slides/5nGrv5UpEK9.swf" />
      <file href="mobile/slides/5nGrv5UpEK9.js" />
      <file href="presentation_content/slides/5wQ1RSRpEgN.swf" />
      <file href="mobile/slides/5wQ1RSRpEgN.js" />
      <file href="presentation_content/slides/6KEd55HR662.swf" />
      <file href="mobile/slides/6KEd55HR662.js" />
      <file href="presentation_content/slides/6JRwQeDjEVr.swf" />
      <file href="mobile/slides/6JRwQeDjEVr.js" />
      <file href="presentation_content/slides/6ByGt4ILDt7.swf" />
      <file href="mobile/slides/6ByGt4ILDt7.js" />
      <file href="presentation_content/slides/5ti7TYOaIu3.swf" />
      <file href="mobile/slides/5ti7TYOaIu3.js" />
      <file href="presentation_content/slides/6nWTkQ1XMUN.swf" />
      <file href="mobile/slides/6nWTkQ1XMUN.js" />
      <file href="presentation_content/slides/5UssdnHP6lR.swf" />
      <file href="mobile/slides/5UssdnHP6lR.js" />
      <file href="presentation_content/slides/5iS0mzSAzI9.swf" />
      <file href="mobile/slides/5iS0mzSAzI9.js" />
      <file href="presentation_content/slides/5lV81bHCJgR.swf" />
      <file href="mobile/slides/5lV81bHCJgR.js" />
      <file href="presentation_content/slides/5ZISyxjpbV6.swf" />
      <file href="mobile/slides/5ZISyxjpbV6.js" />
      <file href="presentation_content/slides/6PB4xm6q8eI.swf" />
      <file href="mobile/slides/6PB4xm6q8eI.js" />
      <file href="presentation_content/slides/6niMbXMx9WD.swf" />
      <file href="mobile/slides/6niMbXMx9WD.js" />
      <file href="presentation_content/slides/6OXdb9pZ7ro.swf" />
      <file href="mobile/slides/6OXdb9pZ7ro.js" />
      <file href="presentation_content/slides/5rd0JAUeuiW.swf" />
      <file href="mobile/slides/5rd0JAUeuiW.js" />
      <file href="presentation_content/slides/6D1Fxq9gSQL.swf" />
      <file href="mobile/slides/6D1Fxq9gSQL.js" />
      <file href="presentation_content/slides/5tjMciYXuxQ.swf" />
      <file href="mobile/slides/5tjMciYXuxQ.js" />
      <file href="presentation_content/slides/5tMxMWIlWYV.swf" />
      <file href="mobile/slides/5tMxMWIlWYV.js" />
      <file href="presentation_content/slides/6KAGQbmREja.swf" />
      <file href="mobile/slides/6KAGQbmREja.js" />
      <file href="presentation_content/slides/6Wp4mON4fV6.swf" />
      <file href="mobile/slides/6Wp4mON4fV6.js" />
      <file href="presentation_content/slides/6qR94yY94kc.swf" />
      <file href="mobile/slides/6qR94yY94kc.js" />
      <file href="presentation_content/slides/5d9fndOBggF.swf" />
      <file href="mobile/slides/5d9fndOBggF.js" />
      <file href="presentation_content/slides/5sJHnWa7KP0.swf" />
      <file href="mobile/slides/5sJHnWa7KP0.js" />
      <file href="presentation_content/slides/6eYDzcLDEIJ.swf" />
      <file href="mobile/slides/6eYDzcLDEIJ.js" />
      <file href="presentation_content/slides/5c9CCW6tHEB.swf" />
      <file href="mobile/slides/5c9CCW6tHEB.js" />
      <file href="presentation_content/slides/6iQtyrvhSwX.swf" />
      <file href="mobile/slides/6iQtyrvhSwX.js" />
      <file href="presentation_content/slides/63kNLsj5I3X.swf" />
      <file href="mobile/slides/63kNLsj5I3X.js" />
      <file href="presentation_content/slides/6Oiw8Sg264w.swf" />
      <file href="mobile/slides/6Oiw8Sg264w.js" />
      <file href="presentation_content/slides/6XayIqDb7xm.swf" />
      <file href="mobile/slides/6XayIqDb7xm.js" />
      <file href="presentation_content/slides/61d6xiiiuw3.swf" />
      <file href="mobile/slides/61d6xiiiuw3.js" />
      <file href="presentation_content/slides/6VqfppNpoyT.swf" />
      <file href="mobile/slides/6VqfppNpoyT.js" />
      <file href="presentation_content/data.swf" />
      <file href="mobile/data.js" />
      <file href="mobile/masks.js" />
      <file href="presentation.html" />
      <file href="presentation_html5.html" />
      <file href="index_lms_html5.html" />
      <file href="presentation_content/blank.html" />
      <file href="presentation_content/presentation.js" />
      <file href="index_lms.html" />
      <file href="lms/AICCComm.html" />
      <file href="lms/AICCFunctions.js" />
      <file href="lms/API.js" />
      <file href="lms/APIConstants.js" />
      <file href="lms/blank.html" />
      <file href="lms/browsersniff.js" />
      <file href="lms/Configuration.js" />
      <file href="lms/goodbye.html" />
      <file href="lms/lms.js" />
      <file href="lms/LMSAPI.js" />
      <file href="lms/NONEFunctions.js" />
      <file href="lms/SCORM2004Functions.js" />
      <file href="lms/SCORMFunctions.js" />
      <file href="lms/UtilityFunctions.js" />
    </resource>
  </resources>
</manifest>