<?xml version="1.0" encoding="utf-8"?><bwFrame xmlns:xsi="http://www.w3.org/2001/XMLSchema-instance" xmlns:xsd="http://www.w3.org/2001/XMLSchema" default_layout="pxnsnfns01001000010" textdirection="ltr" device="false" kbshortcuts="true" outputtype="ap"><layouts><layout name="pxnsnfns01001000010" font="Articulate" controllayout="pxnsnfns01001000010" colorscheme="pxnsnfns01001000010" string_table="pxnsnfns01001000010" /></layouts><control_options><optiongroups><optiongroup name="sidebaroptions"><options><option name="title_enabled" value="true"><options><option name="title_text" value="SoftwareDevelopmentLifeCycle" /></options></option><option name="logo_enabled" value="true"><options><option name="logo_url" value="presentation_content/logo.swf"><properties><property name="width" value="174" /><property name="height" value="98" /></properties></option><option name="html5_logo_url" value="mobile/6VgnHxJBWaQ.jpg" /></options></option><option name="sidebar_enabled" value="true"><options><option name="sidebarpos" value="left" /></options></option><optionlist name="tabs"><listitems><listitem name="resources" value="false" group="linkright" /><listitem name="customlink" value="true" group="linkright"><properties><property name="title" value="Exit" /><property name="data" value="6655dJAj9UR" /><property name="ignoreSlideLock" value="true" /></properties></listitem><listitem name="outline" value="true" group="sidebar" /><listitem name="glossary" value="false" group="sidebar" /><listitem name="transcript" value="false" group="sidebar" /></listitems></optionlist><option name="time_enabled" value="false"><options><option name="time_format" value="totalelapsed" /></options></option><option name="info_enabled" value="false"><options><option name="default" value="default" /></options></option><option name="video_enabled" value="false"><options><option name="height" value="135" /></options></option></options></optiongroup><optiongroup name="menuoptions"><options><option name="flow" value="free" /><option name="wraplistitems" value="false" /><option name="tooltips" value="true" /><option name="autocollapse" value="true" /><option name="autonumber" value="true" /><option name="levelbehavior" value="reached" /><option name="levelrestriction" value="unrestricted" /><option name="enableresultsicons" value="false" /></options></optiongroup><optiongroup name="controls"><options><option name="volume" value="false" /><option name="seekbar" value="false"><options><option name="readonly" value="false" /></options></option><option name="search" value="true" /><option name="replay" value="false" /><option name="pauseplay" value="false" /><option name="enableKeyboardShortcuts" value="true" /><option name="elapsedandtotaltime" value="true" /><option name="use_fixed_output_size" value="true" /><option name="output_size_scale_percent" value="100" /></options></optiongroup><optiongroup name="bottombaroptions"><options><option name="bottombar_enabled" value="true" /></options></optiongroup></optiongroups></control_options><control_layouts><control_layout name="pxnsnfns01001000010"><control name="volume" enabled="false" /><control name="seekbar" enabled="false" /><control name="replay" enabled="false" /><control name="pauseplay" enabled="false" /><control name="logo" enabled="true" /><control name="previous" enabled="true" /><control name="next" enabled="true" /><control name="submit" enabled="false" /><control name="finish" enabled="false" /><control name="submitall" enabled="false" /><control name="resources" enabled="false" /><control name="glossary" enabled="false" /><control name="transcript" enabled="false" /><control name="outline" enabled="true"><controls><control name="search" enabled="true" /></controls></control><control name="close_btn" enabled="false" /></control_layout></control_layouts><colorschemes><colorscheme name="pxnsnfns01001000010"><color_group name="infopanel"><group_colors><color name="link_text"><fill type="linear" rotation="90"><colors><color rgb="0x7C2280" alpha="100" stop="0" /></colors></fill></color><color name="link_hover"><fill type="linear" rotation="90"><colors><color rgb="0x0000EE" alpha="100" stop="0" /></colors></fill></color><color name="bg"><fill type="linear" rotation="90"><colors><color rgb="0xFFFFFF" alpha="100" stop="0" /></colors></fill></color><color name="shadow"><fill type="linear" rotation="90"><colors><color rgb="0xB8B8B8" alpha="100" stop="0" /></colors></fill></color><color name="name_text"><fill type="linear" rotation="90"><colors><color rgb="0x444444" alpha="100" stop="0" /></colors></fill></color><color name="title_text"><fill type="linear" rotation="90"><colors><color rgb="0x999999" alpha="100" stop="0" /></colors></fill></color></group_colors></color_group><color_group name="infopanelpopup"><group_colors><color name="link_text"><fill type="linear" rotation="90"><colors><color rgb="0x7C2280" alpha="100" stop="0" /></colors></fill></color><color name="link_hover"><fill type="linear" rotation="90"><colors><color rgb="0x0000EE" alpha="100" stop="0" /></colors></fill></color><color name="bg"><fill type="linear" rotation="90"><colors><color rgb="0xE9E9E9" alpha="100" stop="0" /><color rgb="0xCFCFCF" alpha="100" stop="255" /></colors></fill></color><color name="shadow"><fill type="linear" rotation="90"><colors><color rgb="0xB8B8B8" alpha="100" stop="0" /></colors></fill></color><color name="name_text"><fill type="linear" rotation="90"><colors><color rgb="0x444444" alpha="100" stop="0" /></colors></fill></color><color name="bio_text"><fill type="linear" rotation="90"><colors><color rgb="0x999999" alpha="100" stop="0" /></colors></fill></color></group_colors></color_group><color_group name="timer"><group_colors><color name="duration"><fill type="linear" rotation="90"><colors><color rgb="0x00D7FF" alpha="100" stop="0" /><color rgb="0x00ABFF" alpha="100" stop="255" /></colors></fill></color><color name="elapsed"><fill type="linear" rotation="90"><colors><color rgb="0xFEE347" alpha="100" stop="0" /><color rgb="0xFCCC2A" alpha="100" stop="255" /></colors></fill></color><color name="stroke"><fill type="linear" rotation="90"><colors><color rgb="0xC7C7C7" alpha="100" stop="0" /></colors></fill></color><color name="inner"><fill type="linear" rotation="90"><colors><color rgb="0xFFFFFF" alpha="100" stop="0" /></colors></fill></color><color name="text"><fill type="linear" rotation="90"><colors><color rgb="0x555555" alpha="100" stop="0" /></colors></fill></color></group_colors></color_group><color_group name="window"><group_colors><color name="text"><fill type="linear" rotation="90"><colors><color rgb="0x555555" alpha="100" stop="0" /></colors></fill></color><color name="inner"><fill type="linear" rotation="90"><colors><color rgb="0xEAEAEA" alpha="100" stop="0" /><color rgb="0xCFCFCF" alpha="100" stop="255" /></colors></fill></color><color name="bg"><fill type="linear" rotation="90"><colors><color rgb="0xF3F3F3" alpha="100" stop="0" /></colors></fill></color><color name="diva"><fill type="linear" rotation="90"><colors><color rgb="0xF7F7F7" alpha="100" stop="0" /></colors></fill></color><color name="divb"><fill type="linear" rotation="90"><colors><color rgb="0xD3D3D3" alpha="100" stop="0" /></colors></fill></color><color name="shadow"><fill type="linear" rotation="90"><colors><color rgb="0x000000" alpha="20" stop="0" /></colors></fill></color></group_colors></color_group><color_group name="editor"><group_colors><color name="slide_text"><fill type="linear" rotation="90"><colors><color rgb="0x555555" alpha="100" stop="0" /></colors></fill></color><color name="html_text"><fill type="linear" rotation="90"><colors><color rgb="0x444444" alpha="100" stop="0" /></colors></fill></color><color name="btn_bg"><fill type="linear" rotation="90"><colors><color rgb="0xF5F5F5" alpha="100" stop="0" /><color rgb="0xC7C7C7" alpha="100" stop="255" /></colors></fill></color><color name="btn_hover"><fill type="linear" rotation="90"><colors><color rgb="0xF2F2F2" alpha="100" stop="0" /><color rgb="0xAFAFAF" alpha="100" stop="255" /></colors></fill></color><color name="btn_down"><fill type="linear" rotation="90"><colors><color rgb="0xC7C7C7" alpha="100" stop="0" /><color rgb="0xF4F4F4" alpha="100" stop="255" /></colors></fill></color><color name="btn_border"><fill type="linear" rotation="90"><colors><color rgb="0xB1B1B1" alpha="100" stop="0" /></colors></fill></color><color name="btn_text"><fill type="linear" rotation="90"><colors><color rgb="0x353535" alpha="100" stop="0" /></colors></fill></color><color name="btn_text_shadow"><fill type="linear" rotation="90"><colors><color rgb="0xF0F0F0" alpha="100" stop="0" /></colors></fill></color></group_colors></color_group><color_group name="listitem"><group_colors><color name="selected_text"><fill type="linear" rotation="90"><colors><color rgb="0x353535" alpha="100" stop="0" /></colors></fill></color><color name="lines"><fill type="linear" rotation="90"><colors><color rgb="0xDFDFDF" alpha="100" stop="0" /></colors></fill></color><color name="hover"><fill type="linear" rotation="90"><colors><color rgb="0xE6E6E6" alpha="100" stop="0" /></colors></fill></color><color name="viewed"><fill type="linear" rotation="90"><colors><color rgb="0x909090" alpha="100" stop="0" /></colors></fill></color><color name="text"><fill type="linear" rotation="90"><colors><color rgb="0x353535" alpha="100" stop="0" /></colors></fill></color><color name="selected"><fill type="linear" rotation="90"><colors><color rgb="0xC0E2F1" alpha="100" stop="0" /></colors></fill></color><color name="shadow"><fill type="linear" rotation="90"><colors><color rgb="0xFFFFFF" alpha="100" stop="0" /></colors></fill></color></group_colors></color_group><color_group name="base"><group_colors><color name="text"><fill type="linear" rotation="90"><colors><color rgb="0x555555" alpha="100" stop="0" /></colors></fill></color><color name="diva"><fill type="linear" rotation="90"><colors><color rgb="0xD3D3D3" alpha="100" stop="0" /></colors></fill></color><color name="divb"><fill type="linear" rotation="90"><colors><color rgb="0xF7F7F7" alpha="100" stop="0" /></colors></fill></color><color name="bg"><fill type="linear" rotation="90"><colors><color rgb="0xE9E9E9" alpha="100" stop="0" /><color rgb="0xCFCFCF" alpha="100" stop="255" /></colors></fill></color><color name="border"><fill type="linear" rotation="90"><colors><color rgb="0xE9E9E9" alpha="100" stop="0" /><color rgb="0xF3F3F3" alpha="100" stop="255" /></colors></fill></color><color name="menu_shade"><fill type="linear" rotation="90"><colors><color rgb="0xDBDBDB" alpha="100" stop="0" /><color rgb="0xC3C3C3" alpha="100" stop="255" /></colors></fill></color><color name="slide_bg"><fill type="linear" rotation="90"><colors><color rgb="0xE9E9E9" alpha="100" stop="0" /><color rgb="0xCFCFCF" alpha="100" stop="255" /></colors></fill></color></group_colors></color_group><color_group name="button"><group_colors><color name="btn_bg"><fill type="linear" rotation="90"><colors><color rgb="0xF5F5F5" alpha="100" stop="0" /><color rgb="0xC7C7C7" alpha="100" stop="255" /></colors></fill></color><color name="btn_hover"><fill type="linear" rotation="90"><colors><color rgb="0xF2F2F2" alpha="100" stop="0" /><color rgb="0xAFAFAF" alpha="100" stop="255" /></colors></fill></color><color name="btn_down"><fill type="linear" rotation="90"><colors><color rgb="0xC7C7C7" alpha="100" stop="0" /><color rgb="0xF4F4F4" alpha="100" stop="255" /></colors></fill></color><color name="btn_border"><fill type="linear" rotation="90"><colors><color rgb="0xB1B1B1" alpha="100" stop="0" /></colors></fill></color><color name="btn_text"><fill type="linear" rotation="90"><colors><color rgb="0x353535" alpha="100" stop="0" /></colors></fill></color><color name="btn_text_shadow"><fill type="linear" rotation="90"><colors><color rgb="0xF0F0F0" alpha="100" stop="0" /></colors></fill></color><color name="btn_icon_color"><fill type="linear" rotation="90"><colors><color rgb="0x353535" alpha="100" stop="0" /></colors></fill></color><color name="btn_glow"><fill type="linear" rotation="90"><colors><color rgb="0xCFCFCF" alpha="100" stop="0" /></colors></fill></color></group_colors></color_group><color_group name="checkbox"><group_colors><color name="border"><fill type="linear" rotation="90"><colors><color rgb="0xB8B8B8" alpha="100" stop="0" /></colors></fill></color><color name="bg"><fill type="linear" rotation="90"><colors><color rgb="0xFFFFFF" alpha="100" stop="0" /></colors></fill></color><color name="check"><fill type="linear" rotation="90"><colors><color rgb="0x33CC00" alpha="100" stop="0" /></colors></fill></color><color name="text"><fill type="linear" rotation="90"><colors><color rgb="0x444444" alpha="100" stop="0" /></colors></fill></color><color name="hover"><fill type="linear" rotation="90"><colors><color rgb="0x6BF8FF" alpha="100" stop="0" /></colors></fill></color></group_colors></color_group><color_group name="logo"><group_colors><color name="bg"><fill type="linear" rotation="90"><colors><color rgb="0xFFFFFF" alpha="100" stop="0" /></colors></fill></color><color name="shadow"><fill type="linear" rotation="90"><colors><color rgb="0xB8B8B8" alpha="100" stop="0" /></colors></fill></color></group_colors></color_group><color_group name="menu"><group_colors><color name="bg"><fill type="linear" rotation="90"><colors><color rgb="0xF3F3F3" alpha="100" stop="0" /></colors></fill></color><color name="shadow"><fill type="linear" rotation="90"><colors><color rgb="0xB8B8B8" alpha="100" stop="0" /></colors></fill></color></group_colors></color_group><color_group name="scrollarea"><group_colors><color name="bg"><fill type="linear" rotation="0"><colors><color rgb="0xDEDEDE" alpha="100" stop="0" /><color rgb="0xE8E8E8" alpha="100" stop="128" /></colors></fill></color><color name="border"><fill type="linear" rotation="90"><colors><color rgb="0xF6F6F6" alpha="100" stop="0" /><color rgb="0xF3F3F3" alpha="100" stop="255" /></colors></fill></color><color name="button_bg"><fill type="linear" rotation="90"><colors><color rgb="0xC4C4C4" alpha="100" stop="0" /><color rgb="0xB2B2B2" alpha="100" stop="255" /></colors></fill></color><color name="button_inner"><fill type="linear" rotation="90"><colors><color rgb="0xCBCBCB" alpha="100" stop="0" /><color rgb="0xBABABA" alpha="100" stop="255" /></colors></fill></color><color name="button_border"><fill type="linear" rotation="90"><colors><color rgb="0xB8B8B8" alpha="100" stop="0" /></colors></fill></color><color name="icons"><fill type="linear" rotation="90"><colors><color rgb="0x555555" alpha="100" stop="0" /></colors></fill></color><color name="shadow"><fill type="linear" rotation="90"><colors><color rgb="0xD9D9D9" alpha="100" stop="0" /></colors></fill></color><color name="detaila"><fill type="linear" rotation="90"><colors><color rgb="0xA7A7A7" alpha="100" stop="0" /></colors></fill></color><color name="detailb"><fill type="linear" rotation="90"><colors><color rgb="0xCFCFCF" alpha="100" stop="0" /></colors></fill></color></group_colors></color_group><color_group name="searchinput"><group_colors><color name="bg"><fill type="linear" rotation="90"><colors><color rgb="0xDFDFDF" alpha="100" stop="0" /></colors></fill></color><color name="border"><fill type="linear" rotation="90"><colors><color rgb="0xADADAD" alpha="100" stop="0" /><color rgb="0xFAFAFA" alpha="100" stop="255" /></colors></fill></color><color name="icon"><fill type="linear" rotation="90"><colors><color rgb="0x8A8A8A" alpha="100" stop="0" /></colors></fill></color><color name="button_hover"><fill type="linear" rotation="90"><colors><color rgb="0xF5F5F5" alpha="100" stop="0" /><color rgb="0xC7C7C7" alpha="100" stop="255" /></colors></fill></color><color name="hover_glow"><fill type="linear" rotation="90"><colors><color rgb="0x6BF8FF" alpha="100" stop="0" /></colors></fill></color><color name="search_text"><fill type="linear" rotation="90"><colors><color rgb="0x8A8A8A" alpha="100" stop="0" /></colors></fill></color><color name="bg_active"><fill type="linear" rotation="90"><colors><color rgb="0xFAFAFA" alpha="100" stop="0" /></colors></fill></color><color name="text_active"><fill type="linear" rotation="90"><colors><color rgb="0x333333" alpha="100" stop="0" /></colors></fill></color></group_colors></color_group><color_group name="seekcontrol"><group_colors><color name="bg"><fill type="linear" rotation="90"><colors><color rgb="0xF5F5F5" alpha="100" stop="0" /><color rgb="0xC7C7C7" alpha="100" stop="255" /></colors></fill></color><color name="border"><fill type="linear" rotation="90"><colors><color rgb="0xB1B1B1" alpha="100" stop="0" /></colors></fill></color><color name="seek_border"><fill type="linear" rotation="90"><colors><color rgb="0xB8B8B8" alpha="100" stop="0" /><color rgb="0xEEEEEE" alpha="100" stop="255" /></colors></fill></color><color name="seek_bg"><fill type="linear" rotation="90"><colors><color rgb="0xE7E7E7" alpha="100" stop="0" /></colors></fill></color><color name="seek_position"><fill type="linear" rotation="90"><colors><color rgb="0xFFFFFF" alpha="100" stop="0" /></colors></fill></color><color name="btn_icon_color"><fill type="linear" rotation="90"><colors><color rgb="0x2D2D2D" alpha="100" stop="0" /></colors></fill></color><color name="btn_icon_hover"><fill type="linear" rotation="90"><colors><color rgb="0x555555" alpha="100" stop="0" /></colors></fill></color><color name="btn_icon_shadow"><fill type="linear" rotation="90"><colors><color rgb="0xF0F0F0" alpha="100" stop="0" /></colors></fill></color></group_colors></color_group><color_group name="tabs"><group_colors><color name="bg"><fill type="linear" rotation="90"><colors><color rgb="0xF3F3F3" alpha="100" stop="0" /></colors></fill></color><color name="text"><fill type="linear" rotation="90"><colors><color rgb="0x555555" alpha="100" stop="0" /></colors></fill></color><color name="selected"><fill type="linear" rotation="90"><colors><color rgb="0x333333" alpha="100" stop="0" /></colors></fill></color><color name="hover"><fill type="linear" rotation="90"><colors><color rgb="0x333333" alpha="100" stop="0" /></colors></fill></color><color name="shadow"><fill type="linear" rotation="90"><colors><color rgb="0xF0F0F0" alpha="100" stop="0" /></colors></fill></color></group_colors></color_group><color_group name="transcript"><group_colors><color name="div"><fill type="linear" rotation="90"><colors><color rgb="0xE1E1E1" alpha="100" stop="0" /></colors></fill></color><color name="heading_text"><fill type="linear" rotation="90"><colors><color rgb="0x444444" alpha="100" stop="0" /></colors></fill></color></group_colors></color_group><color_group name="outline"><group_colors><color name="diva"><fill type="linear" rotation="90"><colors><color rgb="0xC6C6C6" alpha="100" stop="0" /></colors></fill></color><color name="divb"><fill type="linear" rotation="90"><colors><color rgb="0xF9F9F9" alpha="100" stop="0" /></colors></fill></color><color name="divc"><fill type="linear" rotation="90"><colors><color rgb="0xE1E1E1" alpha="100" stop="0" /></colors></fill></color><color name="search_text"><fill type="linear" rotation="90"><colors><color rgb="0x444444" alpha="100" stop="0" /></colors></fill></color><color name="search_hover"><fill type="linear" rotation="90"><colors><color rgb="0x0000EE" alpha="100" stop="0" /></colors></fill></color></group_colors></color_group><color_group name="resource"><group_colors><color name="separator"><fill type="linear" rotation="90"><colors><color rgb="0xE0E0E0" alpha="100" stop="0" /></colors></fill></color></group_colors></color_group><color_group name="glossary"><group_colors><color name="selected_text"><fill type="linear" rotation="90"><colors><color rgb="0x353535" alpha="100" stop="0" /></colors></fill></color><color name="selected"><fill type="linear" rotation="90"><colors><color rgb="0xC0E2F1" alpha="100" stop="0" /></colors></fill></color><color name="text"><fill type="linear" rotation="90"><colors><color rgb="0x353535" alpha="100" stop="0" /></colors></fill></color><color name="hover"><fill type="linear" rotation="90"><colors><color rgb="0xE6E6E6" alpha="100" stop="0" /></colors></fill></color><color name="diva"><fill type="linear" rotation="90"><colors><color rgb="0xE2E2E2" alpha="100" stop="0" /></colors></fill></color><color name="divb"><fill type="linear" rotation="90"><colors><color rgb="0xE2E2E2" alpha="100" stop="0" /></colors></fill></color><color name="divc"><fill type="linear" rotation="90"><colors><color rgb="0xFAFAFA" alpha="100" stop="0" /></colors></fill></color><color name="bg"><fill type="linear" rotation="90"><colors><color rgb="0xE7E7E7" alpha="100" stop="0" /></colors></fill></color><color name="heading_text"><fill type="linear" rotation="90"><colors><color rgb="0x444444" alpha="100" stop="0" /></colors></fill></color></group_colors></color_group><color_group name="volume"><group_colors><color name="thumb_border"><fill type="linear" rotation="90"><colors><color rgb="0xA5A5A5" alpha="100" stop="0" /></colors></fill></color><color name="thumb_inner"><fill type="linear" rotation="90"><colors><color rgb="0xD4D4D4" alpha="100" stop="0" /></colors></fill></color><color name="thumb_bg"><fill type="linear" rotation="90"><colors><color rgb="0xC8C8C8" alpha="100" stop="0" /></colors></fill></color><color name="slider_border"><fill type="linear" rotation="90"><colors><color rgb="0xF2F2F2" alpha="100" stop="0" /></colors></fill></color><color name="slider_bg"><fill type="linear" rotation="90"><colors><color rgb="0xBCBCBC" alpha="100" stop="0" /><color rgb="0xBCBCBC" alpha="100" stop="128" /><color rgb="0xC3C3C3" alpha="100" stop="255" /></colors></fill></color></group_colors></color_group><color_group name="HTML"><group_colors><color name="htmlpage_bg_color"><fill type="linear" rotation="90"><colors><color rgb="0xFFFFFF" alpha="100" stop="0" /></colors></fill></color></group_colors></color_group></colorscheme></colorschemes><string_tables><string_table name="pxnsnfns01001000010"><string id="prev">PREV</string><string id="next">NEXT</string><string id="submit">SUBMIT</string><string id="outline">Menu</string><string id="resources">Resources</string><string id="glossary">Glossary</string><string id="transcript">Notes</string><string id="clear">Clear and return to Menu</string><string id="search_results">Search Results</string><string id="filter">Filter</string><string id="slide_text_chk">Slide Text</string><string id="transcript_chk">Notes</string><string id="search_in">Search in:</string><string id="check_include">Check to include</string><string id="search">Search...</string><string id="terms">Terms</string><string id="definition">Definition</string><string id="finish">FINISH</string><string id="acc_finish">finish</string><string id="acc_definition">definition</string><string id="acc_resources">resources</string><string id="acc_search_input">search</string><string id="acc_pause">pause</string><string id="acc_play">play</string><string id="acc_replay">replay</string><string id="acc_submit">submit</string><string id="acc_next">next</string><string id="acc_previous">previous</string><string id="acc_volume">volume</string><string id="submitall">SUBMIT ALL</string><string id="acc_submitall">submit all</string><string id="question_list">Question List</string><string id="more_info">More info</string><string id="send_an_email">Send an email</string><string id="close">Close</string><string id="bio">Bio</string><string id="exit">Exit</string></string_table></string_tables><sounds enabled="false" /><nav_data><outline><links><slidelink slideid="4EHltVqTLkM.6JWoK2dFk4T" displaytext="Slide 1" expand="false" type="slide" /><slidelink slideid="4EHltVqTLkM.6P0Rja2aVTB" displaytext="Pre Session Activity" expand="false" type="slide" /><slidelink slideid="4EHltVqTLkM.5tuo2lfMgMt" displaytext="Case Study" expand="false" type="slide" /><slidelink slideid="4EHltVqTLkM.69917s7cEGj" displaytext="Case Study Continued" expand="false" type="slide" /><slidelink slideid="4EHltVqTLkM.5boMB3GGgAP" displaytext="Agenda" expand="false" type="slide" /><slidelink slideid="4EHltVqTLkM.5nvGv4fQoRa" displaytext="Software Development Life Cycle-SDLC" expand="false" type="slide" /><slidelink slideid="4EHltVqTLkM.66ZsXZopsPp" displaytext="Software Development Life Cycle-Phases" expand="false" type="slide" /><slidelink slideid="4EHltVqTLkM.6IFKxfOp3WI" displaytext="Software Development Life Cycle-Phases" expand="false" type="slide" /><slidelink slideid="4EHltVqTLkM.6cR49pXMIlL" displaytext="Software Development Life Cycle-Phases" expand="false" type="slide" /><slidelink slideid="4EHltVqTLkM.6VoLwQxxpkK" displaytext="Post Session" expand="false" type="slide" /><slidelink slideid="4EHltVqTLkM.6agHcOVvpgm" displaytext="Slide 11" expand="false" type="slide" /><slidelink slideid="4EHltVqTLkM.6ZIIEmhIJf0" displaytext="Pre-Session Activity" expand="false" type="slide" /><slidelink slideid="4EHltVqTLkM.68rB9KZHH0r" displaytext="Pre-Session Activity" expand="false" type="slide" /><slidelink slideid="4EHltVqTLkM.6Jmbzrlt0Am" displaytext="Pre-Session Activity" expand="false" type="slide" /><slidelink slideid="4EHltVqTLkM.6qIy23qVYz4" displaytext="Pre-Session Activity" expand="false" type="slide" /><slidelink slideid="4EHltVqTLkM.6iN4gG33lw9" displaytext="Water Fall Model -Introduction" expand="false" type="slide" /><slidelink slideid="4EHltVqTLkM.646ukx9X25x" displaytext="Water Fall Model" expand="false" type="slide" /><slidelink slideid="4EHltVqTLkM.5lJekBgWVma" displaytext="Water Fall Model -Strength" expand="false" type="slide" /><slidelink slideid="4EHltVqTLkM.5jxLarOyq7B" displaytext="Water Fall Model -Weakness" expand="false" type="slide" /><slidelink slideid="4EHltVqTLkM.5vzL1qOiw33" displaytext="Water-Fall Model" expand="false" type="slide" /><slidelink slideid="4EHltVqTLkM.61UJSpM7QCf" displaytext="Iterative Model -Introduction" expand="false" type="slide" /><slidelink slideid="4EHltVqTLkM.6Rxuvot2efb" displaytext="Iterative Model" expand="false" type="slide" /><slidelink slideid="4EHltVqTLkM.6PE5LclsBMp" displaytext="Iterative Model -Strength" expand="false" type="slide" /><slidelink slideid="4EHltVqTLkM.6AywHBKlgTk" displaytext="Iterative Model -Weakness" expand="false" type="slide" /><slidelink slideid="4EHltVqTLkM.6ecxeaJGFhg" displaytext="Iterative Model" expand="false" type="slide" /><slidelink slideid="4EHltVqTLkM.5qWmhPo9vlU" displaytext="Spiral Model -Introduction" expand="false" type="slide" /><slidelink slideid="4EHltVqTLkM.6PyoXF6oNsg" displaytext="Spiral Model" expand="false" type="slide" /><slidelink slideid="4EHltVqTLkM.5oRYF6e7EVV" displaytext="Spiral Model -Strength" expand="false" type="slide" /><slidelink slideid="4EHltVqTLkM.65l7yXLLxjh" displaytext="Spiral Model -Weakness" expand="false" type="slide" /><slidelink slideid="4EHltVqTLkM.5qGSW6PORqC" displaytext="Spiral Model" expand="false" type="slide" /><slidelink slideid="4EHltVqTLkM.6pSAIhKwcht" displaytext="Prototype Model -Introduction" expand="false" type="slide" /><slidelink slideid="4EHltVqTLkM.5nAkTaZdiim" displaytext="Prototype Model" expand="false" type="slide" /><slidelink slideid="4EHltVqTLkM.6IDN6oXp1pe" displaytext="Prototype Model" expand="false" type="slide" /><slidelink slideid="4EHltVqTLkM.6ZIwTAuzK22" displaytext="Prototype Model -Strength" expand="false" type="slide" /><slidelink slideid="4EHltVqTLkM.6Xtt9lUqfi7" displaytext="Prototype Model -Weakness" expand="false" type="slide" /><slidelink slideid="4EHltVqTLkM.6WGGhTtzAHa" displaytext="Prototype Model" expand="false" type="slide" /><slidelink slideid="4EHltVqTLkM.5kpiYBMtz85" displaytext="RAD Model -Introduction" expand="false" type="slide" /><slidelink slideid="4EHltVqTLkM.5fF6aZewbzV" displaytext="RAD Model" expand="false" type="slide" /><slidelink slideid="4EHltVqTLkM.6MvgrxIaEUL" displaytext="RAD Model-Strength" expand="false" type="slide" /><slidelink slideid="4EHltVqTLkM.6jUSumOxkTA" displaytext="RAD Model -Weakness" expand="false" type="slide" /><slidelink slideid="4EHltVqTLkM.6n71qU9YaS7" displaytext="RAD Model" expand="false" type="slide" /><slidelink slideid="4EHltVqTLkM.6f0aFrq57hd" displaytext="V- Model -Introduction" expand="false" type="slide" /><slidelink slideid="4EHltVqTLkM.6Gj8YxjoM57" displaytext="V- Model" expand="false" type="slide" /><slidelink slideid="4EHltVqTLkM.5nTkYrbopI7" displaytext="V- Model -Strengths" expand="false" type="slide" /><slidelink slideid="4EHltVqTLkM.626OKQDkdQj" displaytext="V- Model -Weakness" expand="false" type="slide" /><slidelink slideid="4EHltVqTLkM.6MZurJgGIFa" displaytext="V- Model" expand="false" type="slide" /><slidelink slideid="4EHltVqTLkM.5eK71IlqKls" displaytext="Agile Model- Introduction" expand="false" type="slide" /><slidelink slideid="4EHltVqTLkM.60IH7NmXZsY" displaytext="Agile Model" expand="false" type="slide" /><slidelink slideid="4EHltVqTLkM.65TXEukTE4D" displaytext="Agile Model- Strength" expand="false" type="slide" /><slidelink slideid="4EHltVqTLkM.5o1yeSsiduG" displaytext="Agile Model- Weakness" expand="false" type="slide" /><slidelink slideid="4EHltVqTLkM.5vCXIpteHqc" displaytext="Post Session" expand="false" type="slide" /><slidelink slideid="4EHltVqTLkM.5iwdU0g9n8r" displaytext="Slide 52" expand="false" type="slide" /></links></outline><search><slidetext slideid="4EHltVqTLkM.6JWoK2dFk4T" slidebank="false" type="slide">     hcl talentcare: confidential  version: 1.0 release date:  07-01-2016 software development  life cycle (sdlc)date -25 july  version – 1.0&#xB;release date – 07-01-2016</slidetext><slidetext slideid="4EHltVqTLkM.6P0Rja2aVTB" slidebank="false" type="slide">   ‹#›   hcl talentcare: confidential  version: 1.0 release date:  07-01-2016 hcl talentcare: confidential  version: 1.0 release date:  07-01-2016  pre session activity trainees read the case study given belowplayers: raj, technical managerusha, team membervamshi, team member</slidetext><slidetext slideid="4EHltVqTLkM.5tuo2lfMgMt" slidebank="false" type="slide">   ‹#›   hcl talentcare: confidential  version: 1.0 release date:  07-01-2016 hcl talentcare: confidential  version: 1.0 release date:  07-01-2016  case study conversation:raj: let us summarize. we have a loads of work to do to web- enable our process. the high level details are: we got 3 months to deliver the full version of the softwaresenior management wants us to deliver it in 2 different versions. first version is to be ready in 1 month from now.we are not supposed to exceed the budget more than 5 lakhs. ba will try to make all the requirements available to us very shortly. the upcoming website is crucial for the success of our company. everybody is counting on us. we have been disorganized in our approach to software projects in the past. </slidetext><slidetext slideid="4EHltVqTLkM.69917s7cEGj" slidebank="false" type="slide">   ‹#›   hcl talentcare: confidential  version: 1.0 release date:  07-01-2016 hcl talentcare: confidential  version: 1.0 release date:  07-01-2016  usha: i don’t know raj. we always worked hard to get the project done.raj: we have to follow professional approach in this project. i have attended a seminar the other day and learnt different software process models. we need to have a process for this project.vamshi: so, could you please take us through all the processes so that we can decide which suits our project the best. case study continued</slidetext><slidetext slideid="4EHltVqTLkM.5boMB3GGgAP" slidebank="false" type="slide">   ‹#›   hcl talentcare: confidential  version: 1.0 release date:  07-01-2016 hcl talentcare: confidential  version: 1.0 release date:  07-01-2016  agenda what is sdlc ?software development life cycle-phaseswaterfall model iterative modelspiral modelprototype modelrad modelv model in testing life cycleagile model</slidetext><slidetext slideid="4EHltVqTLkM.5nvGv4fQoRa" slidebank="false" type="slide">   ‹#›   hcl talentcare: confidential  version: 1.0 release date:  07-01-2016 hcl talentcare: confidential  version: 1.0 release date:  07-01-2016  what is a sdlc ?sdlc is a frame work that describes the activities performed at each stage of a software development project why do we need sdlc	 to have a methodology for developing systems .to provide consistent framework of tasks, activities and deliverables. to track a project from an idea developed by the user through a feasibility study to do a systems analysis and design, programming, pilot testing, implementation, and post-implementation analysis.objective of the sdlc model is to deliver quality system which meets or exceed customer expectations within cost estimates, work effectively and efficiently within the current and planned infrastructure, and is an inexpensive to maintain. software development life cycle-sdlc</slidetext><slidetext slideid="4EHltVqTLkM.66ZsXZopsPp" slidebank="false" type="slide">   ‹#›   hcl talentcare: confidential  version: 1.0 release date:  07-01-2016 hcl talentcare: confidential  version: 1.0 release date:  07-01-2016  software development life cycle-phases the various phases of software development life cycle:requirements gathering and analysis :first and critical  stage of any software development life cycle.communication between various stakeholders to identify requirements. feasibility study is  also performed in this phase. requirement specification documents are created.designcreative phase of software development life cycle.it involves two phases logical design and physical design.tools and software are used to create the system design.data flow diagram, flowchart and pseudo codes are developed in this phase.</slidetext><slidetext slideid="4EHltVqTLkM.6IFKxfOp3WI" slidebank="false" type="slide">   ‹#›   hcl talentcare: confidential  version: 1.0 release date:  07-01-2016 hcl talentcare: confidential  version: 1.0 release date:  07-01-2016  software development life cycle-phases coding it is a programming phase in which the programmer converts specifications into computer instructions.code is developed which are modular in nature.programming tools are used for coding like c,c++,javatesting  testing the developed application to verify if the system is built based on the requirements. defects are detected, fixed and retested in the testing phase.test summary reports are prepared and shared to various stake holders.</slidetext><slidetext slideid="4EHltVqTLkM.6cR49pXMIlL" slidebank="false" type="slide">   ‹#›   hcl talentcare: confidential  version: 1.0 release date:  07-01-2016 hcl talentcare: confidential  version: 1.0 release date:  07-01-2016  software development life cycle-phases deployment :this follows  after testing is successful.involves installing or deploying the application in an environment which will be used by the customer.maintenance: maintenance phase must meet the scope of any future enhancement, future functionality and any other added functional features to cope up with the latest future needs.the errors in  the existing system are corrected in this phase.</slidetext><slidetext slideid="4EHltVqTLkM.6VoLwQxxpkK" slidebank="false" type="slide">   ‹#›   hcl talentcare: confidential  version: 1.0 release date:  07-01-2016 hcl talentcare: confidential  version: 1.0 release date:  07-01-2016  post session assume you are a developer working in a banking project. read the requirement given below and list the activities of each phase of software development life cycle.the banking application should support online users. the following functionalities should be available in the system.funds transferview account summary payment of billsfuture requirements :  the account statement should be available in all the formats pdf, excel.</slidetext><slidetext slideid="4EHltVqTLkM.6agHcOVvpgm" slidebank="false" type="slide">     software development  life cycle (sdlc) -models session 2 &amp; 3</slidetext><slidetext slideid="4EHltVqTLkM.6ZIIEmhIJf0" slidebank="false" type="slide">   ‹#›   hcl talentcare: confidential  version: 1.0 release date:  07-01-2016 hcl talentcare: confidential  version: 1.0 release date:  07-01-2016  case study1:  the application is to be developed for a university .the modules of the system include home studentscourses available faculty .resultsafter discussion with the college team it is understood that the system will not undergo a major change in the requirements. the college wants the organization “x” to deliver the final demo of the project in the month of august.  pre-session activity</slidetext><slidetext slideid="4EHltVqTLkM.68rB9KZHH0r" slidebank="false" type="slide">   ‹#›   hcl talentcare: confidential  version: 1.0 release date:  07-01-2016 hcl talentcare: confidential  version: 1.0 release date:  07-01-2016   pre-session activity case study 2:  the application is to be developed for a networking site within the university .the modules of the system include find a studentinitiate a discussion forumfeedbacksubmit whitepapersthe college expects the organization ‘x’ to deliver a working model and interact with the students to understand the feedback of the system and then develop the working model.</slidetext><slidetext slideid="4EHltVqTLkM.6Jmbzrlt0Am" slidebank="false" type="slide">   ‹#›   hcl talentcare: confidential  version: 1.0 release date:  07-01-2016 hcl talentcare: confidential  version: 1.0 release date:  07-01-2016   pre-session activity case study 3:  the application is to be developed for a library system within the university .the modules of the system include registersearch for booksview availability of bookrent a bookthis was the initial requirement placed. the college administration understands that cd and dvd can also be provided for a subject. the organization “x” needs to accommodate the change in the requirement to support functionality for cd and dvd. the application need to be delivered at regular intervals.</slidetext><slidetext slideid="4EHltVqTLkM.6qIy23qVYz4" slidebank="false" type="slide">   ‹#›   hcl talentcare: confidential  version: 1.0 release date:  07-01-2016 hcl talentcare: confidential  version: 1.0 release date:  07-01-2016   pre-session activity read the above case study  analyse the requirement  .suggest if the development process can be the same for all the above.reason out why same process of software development cannot be followed for all the projects.</slidetext><slidetext slideid="4EHltVqTLkM.6iN4gG33lw9" slidebank="false" type="slide">   ‹#›   hcl talentcare: confidential  version: 1.0 release date:  07-01-2016 hcl talentcare: confidential  version: 1.0 release date:  07-01-2016   water fall model -introduction water fall modelit is a linear sequential model.water fall model was the first sdlc model to be used.the outcome of one phase acts as the input for the next phase.only after one phase is completed the next phase starts.requirements are well documented and clear.resources with required expertise are available.</slidetext><slidetext slideid="4EHltVqTLkM.646ukx9X25x" slidebank="false" type="slide">   ‹#›   hcl talentcare: confidential  version: 1.0 release date:  07-01-2016 hcl talentcare: confidential  version: 1.0 release date:  07-01-2016  water fall model requirements analysis design coding testing mainatainence                </slidetext><slidetext slideid="4EHltVqTLkM.5lJekBgWVma" slidebank="false" type="slide">   ‹#›   hcl talentcare: confidential  version: 1.0 release date:  07-01-2016 hcl talentcare: confidential  version: 1.0 release date:  07-01-2016  water fall model -strength easy to understand and easy to usethe process is well documented.milestones are well understoodsets requirement stabilitygood for management control (plan, staff, track)works well when quality is more important than cost or schedule.</slidetext><slidetext slideid="4EHltVqTLkM.5jxLarOyq7B" slidebank="false" type="slide">   ‹#›   hcl talentcare: confidential  version: 1.0 release date:  07-01-2016 hcl talentcare: confidential  version: 1.0 release date:  07-01-2016  all requirements must be known upfront.deliverables created for each phase are considered frozen- inhabits flexibility.can give a false impression of progress.does not reflect problem solving nature of software development- iterations of phase.integration is one big band at the end.little opportunity for customer to preview the system.any new changes in the requirement will kill the process.defects may get cascaded into the later stages. water fall model -weakness</slidetext><slidetext slideid="4EHltVqTLkM.5vzL1qOiw33" slidebank="false" type="slide">   ‹#›   hcl talentcare: confidential  version: 1.0 release date:  07-01-2016 hcl talentcare: confidential  version: 1.0 release date:  07-01-2016  water-fall model when to use water fall model :easy to understand and easy to useprovides structure to inexperienced staffmilestones are well understoodsets requirement stabilitygood for management control (plan, staff, track)works well when quality is more important than cost or schedule.</slidetext><slidetext slideid="4EHltVqTLkM.61UJSpM7QCf" slidebank="false" type="slide">   ‹#›   hcl talentcare: confidential  version: 1.0 release date:  07-01-2016 hcl talentcare: confidential  version: 1.0 release date:  07-01-2016  iterative model -introduction an iterative lifecycle model does not attempt to start with a full specification of requirements.development begins by specifying and implementing just part of the software, which can then be reviewed in order to identify further requirements. this process is then repeated, producing a new version of the software for each cycle of the model.after the end of each iteration the review take place in order to decide whether the software can be discarded or kept as a starting point for the next iteration. phases of iterative modelrequirements phase – requirements are gathered and analyzed.design phase –design for the software is initiated.implementation and testing –code is developed ,integrated and tested.review phase –the developed software is evaluated, requirements are reviewed , the changes are proposed.</slidetext><slidetext slideid="4EHltVqTLkM.6Rxuvot2efb" slidebank="false" type="slide">   ‹#›   hcl talentcare: confidential  version: 1.0 release date:  07-01-2016 hcl talentcare: confidential  version: 1.0 release date:  07-01-2016  iterative model  requirements design implementation  &amp;test  review        start   complete </slidetext><slidetext slideid="4EHltVqTLkM.6PE5LclsBMp" slidebank="false" type="slide">   ‹#›   hcl talentcare: confidential  version: 1.0 release date:  07-01-2016 hcl talentcare: confidential  version: 1.0 release date:  07-01-2016   iterative model -strength progress of the developing software can be measured.the software is produced earlier which facilitates evaluation and feedback.less expensive to change the requirements.high risk functionalities can be prioritized and developed at earlier iterations.in each iteration operational software is delivered.easier to identify functional and design flaws.</slidetext><slidetext slideid="4EHltVqTLkM.6AywHBKlgTk" slidebank="false" type="slide">   ‹#›   hcl talentcare: confidential  version: 1.0 release date:  07-01-2016 hcl talentcare: confidential  version: 1.0 release date:  07-01-2016  iterative model -weakness an iterative lifecycle model may not be suitable for small sized projects.the cost of the entire software development may not be lower.requires a very efficient change control mechanism.there is always risk that requirements change.</slidetext><slidetext slideid="4EHltVqTLkM.6ecxeaJGFhg" slidebank="false" type="slide">   ‹#›   hcl talentcare: confidential  version: 1.0 release date:  07-01-2016 hcl talentcare: confidential  version: 1.0 release date:  07-01-2016  iterative model  when to use an iterative model certain requirements may evolve over time.projects to be implemented with new technology.projects which can have higher timelines for development.</slidetext><slidetext slideid="4EHltVqTLkM.5qWmhPo9vlU" slidebank="false" type="slide">   ‹#›   hcl talentcare: confidential  version: 1.0 release date:  07-01-2016 hcl talentcare: confidential  version: 1.0 release date:  07-01-2016  spiral model -introduction the spiral model is a software development process combining elements of both design and prototyping-in-stages, in an effort to combine advantages of top-down and bottom-up conceptsthis model of development combines the features of the prototyping model and the waterfall model.the spiral model is intended for large, expensive and complicated projects.the spiral model is similar to the incremental model, with more emphasis placed on risk analysis. the spiral model has four phases: planning, risk analysis, engineering and evaluation. a software project repeatedly passes through these phases in iterations (called spirals in this model). </slidetext><slidetext slideid="4EHltVqTLkM.6PyoXF6oNsg" slidebank="false" type="slide">   ‹#›   hcl talentcare: confidential  version: 1.0 release date:  07-01-2016 hcl talentcare: confidential  version: 1.0 release date:  07-01-2016  spiral model </slidetext><slidetext slideid="4EHltVqTLkM.5oRYF6e7EVV" slidebank="false" type="slide">   ‹#›   hcl talentcare: confidential  version: 1.0 release date:  07-01-2016 hcl talentcare: confidential  version: 1.0 release date:  07-01-2016  spiral model -strength challenging risk of the project can be identified earlier.changing requirements can be accommodated.critical high-risk functions are developed firstthe design does not have to be perfect.users can be closely tied to all lifecycle steps.early and frequent feedback from users.cumulative costs assessed frequently.</slidetext><slidetext slideid="4EHltVqTLkM.65l7yXLLxjh" slidebank="false" type="slide">   ‹#›   hcl talentcare: confidential  version: 1.0 release date:  07-01-2016 hcl talentcare: confidential  version: 1.0 release date:  07-01-2016  spiral model -weakness time spent for evaluating risks too large for small or low-risk projectstime spent planning, resetting objectives, doing risk analysis and prototyping may be excessivespiral model is expensive.risk assessment expertise is required.project success depends on the risk analysis phase.</slidetext><slidetext slideid="4EHltVqTLkM.5qGSW6PORqC" slidebank="false" type="slide">   ‹#›   hcl talentcare: confidential  version: 1.0 release date:  07-01-2016 hcl talentcare: confidential  version: 1.0 release date:  07-01-2016  spiral model  when to use an spiral modelprojects in which risk analysis is very important.complexity of the requirements is high.frequent releases are planned for the project.when the requirements are not freezed by the customers.</slidetext><slidetext slideid="4EHltVqTLkM.6pSAIhKwcht" slidebank="false" type="slide">   ‹#›   hcl talentcare: confidential  version: 1.0 release date:  07-01-2016 hcl talentcare: confidential  version: 1.0 release date:  07-01-2016  prototype model -introduction a prototype is a working model that is functionally equivalent to a component of  the product.the client only has a general view of what is expected from the software product. there is an absence of detailed information regarding the input to the system, the processing needs and the output requirements, the prototyping model may be employed.this model reflects an attempt to increase the flexibility of the development process by allowing the client to interact and experiment with a working representation of the product.the developmental process only continues once the client is satisfied with the functioning of the prototypethis model helps  developer determines the specifications of the client’s real needs.</slidetext><slidetext slideid="4EHltVqTLkM.5nAkTaZdiim" slidebank="false" type="slide">   ‹#›   hcl talentcare: confidential  version: 1.0 release date:  07-01-2016 hcl talentcare: confidential  version: 1.0 release date:  07-01-2016  prototype model initial requirements design customer evaluation review and updation  prototyping maintain test  development          customersatisfied</slidetext><slidetext slideid="4EHltVqTLkM.6IDN6oXp1pe" slidebank="false" type="slide">   ‹#›   hcl talentcare: confidential  version: 1.0 release date:  07-01-2016 hcl talentcare: confidential  version: 1.0 release date:  07-01-2016  prototype model  the process of prototyping involves the following stepsidentify basic requirements:  determine basic requirements including the input and output information desired.  details, such as security, can typically be ignored.develop initial prototype:  the initial prototype is developed that includes only user interfaces. review: the customers including end-users, examine the prototype and provide feedback on additions or changes.revise and enhancing the prototype: using the feedback both the specifications and the prototype can be improved.negotiation about what is within the scope of the contract/product may be necessary.if changes are introduced then a repeat of steps 3 and step 4 may be needed</slidetext><slidetext slideid="4EHltVqTLkM.6ZIwTAuzK22" slidebank="false" type="slide">   ‹#›   hcl talentcare: confidential  version: 1.0 release date:  07-01-2016 hcl talentcare: confidential  version: 1.0 release date:  07-01-2016  prototype model -strength user feedback is available leading to better solutions.prototype can be refined.difficult functions can be identified.the user gets a better idea of the system developed.defects can be detected much earlier.</slidetext><slidetext slideid="4EHltVqTLkM.6Xtt9lUqfi7" slidebank="false" type="slide">   ‹#›   hcl talentcare: confidential  version: 1.0 release date:  07-01-2016 hcl talentcare: confidential  version: 1.0 release date:  07-01-2016  prototype model -weakness   users may not be able to clear with the difference of prototype and actual systemsprototype can be reused.more effort and time can be spent on building prototypes.reuse of existing prototypes to build the system which may not be feasible.</slidetext><slidetext slideid="4EHltVqTLkM.6WGGhTtzAHa" slidebank="false" type="slide">   ‹#›   hcl talentcare: confidential  version: 1.0 release date:  07-01-2016 hcl talentcare: confidential  version: 1.0 release date:  07-01-2016  when to use prototypeuser interaction is higher.data processing systems cannot implement a prototype modelweb interfaces having higher interaction with the users. prototype model </slidetext><slidetext slideid="4EHltVqTLkM.5kpiYBMtz85" slidebank="false" type="slide">   ‹#›   hcl talentcare: confidential  version: 1.0 release date:  07-01-2016 hcl talentcare: confidential  version: 1.0 release date:  07-01-2016  rad model -introduction it is a type of incremental modelin rad model the components or functions are developed in parallel as if they were mini projectsthe developments are time boxed, delivered and then assembled into a working prototype.rad (rapid application development) is a concept that products can be developed faster an of higher quality through: gathering requirements using workshops or focus groups. prototyping and early, reiterative user testing of designs.the re-use of software components.a rigidly paced schedule that defers design improvements to the next product version.less formality in reviews and other team communication.rad is a methodology for compressing the analysis, design, build, and test phases into a series of short, iterative development cycles. this has a number of distinct advantages over the traditional sequential  development model.</slidetext><slidetext slideid="4EHltVqTLkM.5fF6aZewbzV" slidebank="false" type="slide">   ‹#›   hcl talentcare: confidential  version: 1.0 release date:  07-01-2016 hcl talentcare: confidential  version: 1.0 release date:  07-01-2016  rad model planning analysis design build test                  traditional development planning deploy deploy         compress design develop    test  user review requirements jad                  iterative development</slidetext><slidetext slideid="4EHltVqTLkM.6MvgrxIaEUL" slidebank="false" type="slide">   ‹#›   hcl talentcare: confidential  version: 1.0 release date:  07-01-2016 hcl talentcare: confidential  version: 1.0 release date:  07-01-2016  rad model-strength increases reusability of componentsquick initial reviews occurencourages customer feedbackintegration from very beginning solves a lot of integration issuesreduced development time.</slidetext><slidetext slideid="4EHltVqTLkM.6jUSumOxkTA" slidebank="false" type="slide">   ‹#›   hcl talentcare: confidential  version: 1.0 release date:  07-01-2016 hcl talentcare: confidential  version: 1.0 release date:  07-01-2016  rad model -weakness depends on strong team and individual performances as well for identifying business requirements.only system that can be modularized can be built using radrequires highly skilled developers/designers as it is highly dependent on the skillset.inapplicable to cheaper projects as cost of modelling and automated code generation is very high.</slidetext><slidetext slideid="4EHltVqTLkM.6n71qU9YaS7" slidebank="false" type="slide">   ‹#›   hcl talentcare: confidential  version: 1.0 release date:  07-01-2016 hcl talentcare: confidential  version: 1.0 release date:  07-01-2016  rad model  when to use radrad model can be used if the system can be modularized in short span of time.it should be used if there’s high availability of designers for modelling and the budget is high enough to afford their cost along with the cost of automated code generating tools.rad can be implemented if there are experts available for a particular domain.budget is available for purchasing automated code generated tools.</slidetext><slidetext slideid="4EHltVqTLkM.6f0aFrq57hd" slidebank="false" type="slide">   ‹#›   hcl talentcare: confidential  version: 1.0 release date:  07-01-2016 hcl talentcare: confidential  version: 1.0 release date:  07-01-2016  v- model -introduction  v-model is an extension of waterfall model.testing activities are planned in parallel to development activities.verification and validation are the phases of v-model.testing starts at the very beginning.the number of defects are minimized in the v-model.testing is done from the requirements phase.verification:static analysis technique.includes reviews, inspections and walkthrough.validation:dynamic testing is done.various levels of testing are performed.</slidetext><slidetext slideid="4EHltVqTLkM.6Gj8YxjoM57" slidebank="false" type="slide">   ‹#›   hcl talentcare: confidential  version: 1.0 release date:  07-01-2016 hcl talentcare: confidential  version: 1.0 release date:  07-01-2016  v- model requirement analysis system design architecture design module design coding uat system testing integration testing unit testing          acceptance test design    system test design integration test design  unit test design         </slidetext><slidetext slideid="4EHltVqTLkM.5nTkYrbopI7" slidebank="false" type="slide">   ‹#›   hcl talentcare: confidential  version: 1.0 release date:  07-01-2016 hcl talentcare: confidential  version: 1.0 release date:  07-01-2016  v- model -strengths  each deliverable is tested.project management can track progress by milestones.testing activities like test planning, test designing happens well before coding, which saves lot of time.emphasize planning for verification and validation of the product in the early stage of product development.cost of fixing defects is less since defects are found earlyeasy to use</slidetext><slidetext slideid="4EHltVqTLkM.626OKQDkdQj" slidebank="false" type="slide">   ‹#›   hcl talentcare: confidential  version: 1.0 release date:  07-01-2016 hcl talentcare: confidential  version: 1.0 release date:  07-01-2016  v- model -weakness does not easily handle concurrent events.does not handle iterations or phases.does not easily handle dynamic changes in requirements.does not contain risk analysis activities.if any changes happen in midway, then the test documents along with requirement documents has to be updated.</slidetext><slidetext slideid="4EHltVqTLkM.6MZurJgGIFa" slidebank="false" type="slide">   ‹#›   hcl talentcare: confidential  version: 1.0 release date:  07-01-2016 hcl talentcare: confidential  version: 1.0 release date:  07-01-2016  v- model when to use v-modelacceptance criteria is well defined.requirements are not ambiguous.requirements are well defined.technology does not change.</slidetext><slidetext slideid="4EHltVqTLkM.5eK71IlqKls" slidebank="false" type="slide">   ‹#›   hcl talentcare: confidential  version: 1.0 release date:  07-01-2016 hcl talentcare: confidential  version: 1.0 release date:  07-01-2016  agile model- introduction a framework that promotes development iterations throughout the life-cycle of a project.each iteration is a project with analysis, design, coding, testing and also documentation.agile breaks the system into small incremental builds.extreme programming is currently the most well known agile development methodology.customer interaction is the backbone of agile methodologycharacteristics of agile self-organizing teamsproduct progresses in a series of month-long “sprints”requirements are captured as items in a list of “product backlog”no specific engineering practices prescribeduses generative rules to create an agile environment for delivering projects</slidetext><slidetext slideid="4EHltVqTLkM.60IH7NmXZsY" slidebank="false" type="slide">   ‹#›   hcl talentcare: confidential  version: 1.0 release date:  07-01-2016 hcl talentcare: confidential  version: 1.0 release date:  07-01-2016  agile model    1)understand scope2)analyse user stories3) understanding requirements documents   sprint 1     sprint 2 design build integrate design build integrate test test   backlog</slidetext><slidetext slideid="4EHltVqTLkM.65TXEukTE4D" slidebank="false" type="slide">   ‹#›   hcl talentcare: confidential  version: 1.0 release date:  07-01-2016 hcl talentcare: confidential  version: 1.0 release date:  07-01-2016  agile model- strength customer satisfaction by rapid ,continuous delivery of every software.adapting to changes frequently.people interactions on a daily basis  are emphasized.working software is delivered frequently.less documentation involved.</slidetext><slidetext slideid="4EHltVqTLkM.5o1yeSsiduG" slidebank="false" type="slide">   ‹#›   hcl talentcare: confidential  version: 1.0 release date:  07-01-2016 hcl talentcare: confidential  version: 1.0 release date:  07-01-2016  it is difficult to assess the effort required at the beginning of the software development life cycle.there is lack of emphasis on necessary designing and documentation.the project can easily get taken off track if the customer representative is not clear what final outcome that they wantif the customer is not providing  clear inputs team can be driven in the wrong way.not suitable for handling complex dependencies.  agile model- weakness</slidetext><slidetext slideid="4EHltVqTLkM.5vCXIpteHqc" slidebank="false" type="slide">   ‹#›   hcl talentcare: confidential  version: 1.0 release date:  07-01-2016 hcl talentcare: confidential  version: 1.0 release date:  07-01-2016  post session there is a start up company and they won a major project. if they are delivering it successfully their turn over will increase at least 3 times.the project has to be delivered with in 1 year and their team consists of 10 members.the project is an online vending application where initially they want to enter into the sales of electronic items and later into clothing also. initial release has to happen with in 9 months. the later after in the next 3 months.identify which process has to be opted for this project?</slidetext><slidetext slideid="4EHltVqTLkM.5iwdU0g9n8r" slidebank="false" type="slide">      this document contains information that is proprietary and confidential to hcl talentcare private limited and shall not be disclosed outside the recipient's company or duplicated, used or disclosed in whole or in part by the recipient for any purpose other than to evaluate this document. any other use or disclosure in whole or in part of this information without the express written permission of hcl talentcare private limited is prohibited. further, this document does not constitute a contract to perform servicesthe reader should not act upon the information contained in this document without obtaining specific professional advice. no representation or warranty (express or implied) is given as to the accuracy or completeness of the information contained in this presentation, and, to the extent permitted by law; hcl talentcare private limited, its consultants, its members, employees and agents accept no liability, and disclaim all responsibility, for the consequences of reader or anyone else acting, or refraining to act, in reliance on the information contained in this document or for any decision based on it. thank you hcl talentcare: confidential  version: 1.0 release date:  07-01-2016</slidetext></search></nav_data><resource_data description="" /><transcript_data /><glossary_data /></bwFrame>