<?xml version="1.0" encoding="utf-8"?><bwFrame xmlns:xsi="http://www.w3.org/2001/XMLSchema-instance" xmlns:xsd="http://www.w3.org/2001/XMLSchema" default_layout="pxnsnfns01001000010" textdirection="ltr" device="false" kbshortcuts="true" outputtype="ap"><layouts><layout name="pxnsnfns01001000010" font="Articulate" controllayout="pxnsnfns01001000010" colorscheme="pxnsnfns01001000010" string_table="pxnsnfns01001000010" /></layouts><control_options><optiongroups><optiongroup name="sidebaroptions"><options><option name="title_enabled" value="true"><options><option name="title_text" value="RequirementTracebilityMatrix" /></options></option><option name="logo_enabled" value="true"><options><option name="logo_url" value="presentation_content/logo.swf"><properties><property name="width" value="218" /><property name="height" value="123" /></properties></option><option name="html5_logo_url" value="mobile/6Hu8wS2o5Uo.jpg" /></options></option><option name="sidebar_enabled" value="true"><options><option name="sidebarpos" value="left" /></options></option><optionlist name="tabs"><listitems><listitem name="resources" value="false" group="linkright" /><listitem name="customlink" value="true" group="linkright"><properties><property name="title" value="Exit" /><property name="data" value="6pLbtDhawMW" /><property name="ignoreSlideLock" value="true" /></properties></listitem><listitem name="outline" value="true" group="sidebar" /><listitem name="glossary" value="false" group="sidebar" /><listitem name="transcript" value="false" group="sidebar" /></listitems></optionlist><option name="time_enabled" value="false"><options><option name="time_format" value="totalelapsed" /></options></option><option name="info_enabled" value="false"><options><option name="default" value="default" /></options></option><option name="video_enabled" value="false"><options><option name="height" value="135" /></options></option></options></optiongroup><optiongroup name="menuoptions"><options><option name="flow" value="free" /><option name="wraplistitems" value="false" /><option name="tooltips" value="true" /><option name="autocollapse" value="true" /><option name="autonumber" value="true" /><option name="levelbehavior" value="reached" /><option name="levelrestriction" value="unrestricted" /><option name="enableresultsicons" value="false" /></options></optiongroup><optiongroup name="controls"><options><option name="volume" value="false" /><option name="seekbar" value="false"><options><option name="readonly" value="false" /></options></option><option name="search" value="true" /><option name="replay" value="false" /><option name="pauseplay" value="false" /><option name="enableKeyboardShortcuts" value="true" /><option name="elapsedandtotaltime" value="true" /><option name="use_fixed_output_size" value="true" /><option name="output_size_scale_percent" value="100" /></options></optiongroup><optiongroup name="bottombaroptions"><options><option name="bottombar_enabled" value="true" /></options></optiongroup></optiongroups></control_options><control_layouts><control_layout name="pxnsnfns01001000010"><control name="volume" enabled="false" /><control name="seekbar" enabled="false" /><control name="replay" enabled="false" /><control name="pauseplay" enabled="false" /><control name="logo" enabled="true" /><control name="previous" enabled="true" /><control name="next" enabled="true" /><control name="submit" enabled="false" /><control name="finish" enabled="false" /><control name="submitall" enabled="false" /><control name="resources" enabled="false" /><control name="glossary" enabled="false" /><control name="transcript" enabled="false" /><control name="outline" enabled="true"><controls><control name="search" enabled="true" /></controls></control><control name="close_btn" enabled="false" /></control_layout></control_layouts><colorschemes><colorscheme name="pxnsnfns01001000010"><color_group name="infopanel"><group_colors><color name="link_text"><fill type="linear" rotation="90"><colors><color rgb="0x7C2280" alpha="100" stop="0" /></colors></fill></color><color name="link_hover"><fill type="linear" rotation="90"><colors><color rgb="0x0000EE" alpha="100" stop="0" /></colors></fill></color><color name="bg"><fill type="linear" rotation="90"><colors><color rgb="0xFFFFFF" alpha="100" stop="0" /></colors></fill></color><color name="shadow"><fill type="linear" rotation="90"><colors><color rgb="0xB8B8B8" alpha="100" stop="0" /></colors></fill></color><color name="name_text"><fill type="linear" rotation="90"><colors><color rgb="0x444444" alpha="100" stop="0" /></colors></fill></color><color name="title_text"><fill type="linear" rotation="90"><colors><color rgb="0x999999" alpha="100" stop="0" /></colors></fill></color></group_colors></color_group><color_group name="infopanelpopup"><group_colors><color name="link_text"><fill type="linear" rotation="90"><colors><color rgb="0x7C2280" alpha="100" stop="0" /></colors></fill></color><color name="link_hover"><fill type="linear" rotation="90"><colors><color rgb="0x0000EE" alpha="100" stop="0" /></colors></fill></color><color name="bg"><fill type="linear" rotation="90"><colors><color rgb="0xE9E9E9" alpha="100" stop="0" /><color rgb="0xCFCFCF" alpha="100" stop="255" /></colors></fill></color><color name="shadow"><fill type="linear" rotation="90"><colors><color rgb="0xB8B8B8" alpha="100" stop="0" /></colors></fill></color><color name="name_text"><fill type="linear" rotation="90"><colors><color rgb="0x444444" alpha="100" stop="0" /></colors></fill></color><color name="bio_text"><fill type="linear" rotation="90"><colors><color rgb="0x999999" alpha="100" stop="0" /></colors></fill></color></group_colors></color_group><color_group name="timer"><group_colors><color name="duration"><fill type="linear" rotation="90"><colors><color rgb="0x00D7FF" alpha="100" stop="0" /><color rgb="0x00ABFF" alpha="100" stop="255" /></colors></fill></color><color name="elapsed"><fill type="linear" rotation="90"><colors><color rgb="0xFEE347" alpha="100" stop="0" /><color rgb="0xFCCC2A" alpha="100" stop="255" /></colors></fill></color><color name="stroke"><fill type="linear" rotation="90"><colors><color rgb="0xC7C7C7" alpha="100" stop="0" /></colors></fill></color><color name="inner"><fill type="linear" rotation="90"><colors><color rgb="0xFFFFFF" alpha="100" stop="0" /></colors></fill></color><color name="text"><fill type="linear" rotation="90"><colors><color rgb="0x555555" alpha="100" stop="0" /></colors></fill></color></group_colors></color_group><color_group name="window"><group_colors><color name="text"><fill type="linear" rotation="90"><colors><color rgb="0x555555" alpha="100" stop="0" /></colors></fill></color><color name="inner"><fill type="linear" rotation="90"><colors><color rgb="0xEAEAEA" alpha="100" stop="0" /><color rgb="0xCFCFCF" alpha="100" stop="255" /></colors></fill></color><color name="bg"><fill type="linear" rotation="90"><colors><color rgb="0xF3F3F3" alpha="100" stop="0" /></colors></fill></color><color name="diva"><fill type="linear" rotation="90"><colors><color rgb="0xF7F7F7" alpha="100" stop="0" /></colors></fill></color><color name="divb"><fill type="linear" rotation="90"><colors><color rgb="0xD3D3D3" alpha="100" stop="0" /></colors></fill></color><color name="shadow"><fill type="linear" rotation="90"><colors><color rgb="0x000000" alpha="20" stop="0" /></colors></fill></color></group_colors></color_group><color_group name="editor"><group_colors><color name="slide_text"><fill type="linear" rotation="90"><colors><color rgb="0x555555" alpha="100" stop="0" /></colors></fill></color><color name="html_text"><fill type="linear" rotation="90"><colors><color rgb="0x444444" alpha="100" stop="0" /></colors></fill></color><color name="btn_bg"><fill type="linear" rotation="90"><colors><color rgb="0xF5F5F5" alpha="100" stop="0" /><color rgb="0xC7C7C7" alpha="100" stop="255" /></colors></fill></color><color name="btn_hover"><fill type="linear" rotation="90"><colors><color rgb="0xF2F2F2" alpha="100" stop="0" /><color rgb="0xAFAFAF" alpha="100" stop="255" /></colors></fill></color><color name="btn_down"><fill type="linear" rotation="90"><colors><color rgb="0xC7C7C7" alpha="100" stop="0" /><color rgb="0xF4F4F4" alpha="100" stop="255" /></colors></fill></color><color name="btn_border"><fill type="linear" rotation="90"><colors><color rgb="0xB1B1B1" alpha="100" stop="0" /></colors></fill></color><color name="btn_text"><fill type="linear" rotation="90"><colors><color rgb="0x353535" alpha="100" stop="0" /></colors></fill></color><color name="btn_text_shadow"><fill type="linear" rotation="90"><colors><color rgb="0xF0F0F0" alpha="100" stop="0" /></colors></fill></color></group_colors></color_group><color_group name="listitem"><group_colors><color name="selected_text"><fill type="linear" rotation="90"><colors><color rgb="0x353535" alpha="100" stop="0" /></colors></fill></color><color name="lines"><fill type="linear" rotation="90"><colors><color rgb="0xDFDFDF" alpha="100" stop="0" /></colors></fill></color><color name="hover"><fill type="linear" rotation="90"><colors><color rgb="0xE6E6E6" alpha="100" stop="0" /></colors></fill></color><color name="viewed"><fill type="linear" rotation="90"><colors><color rgb="0x909090" alpha="100" stop="0" /></colors></fill></color><color name="text"><fill type="linear" rotation="90"><colors><color rgb="0x353535" alpha="100" stop="0" /></colors></fill></color><color name="selected"><fill type="linear" rotation="90"><colors><color rgb="0xC0E2F1" alpha="100" stop="0" /></colors></fill></color><color name="shadow"><fill type="linear" rotation="90"><colors><color rgb="0xFFFFFF" alpha="100" stop="0" /></colors></fill></color></group_colors></color_group><color_group name="base"><group_colors><color name="text"><fill type="linear" rotation="90"><colors><color rgb="0x555555" alpha="100" stop="0" /></colors></fill></color><color name="diva"><fill type="linear" rotation="90"><colors><color rgb="0xD3D3D3" alpha="100" stop="0" /></colors></fill></color><color name="divb"><fill type="linear" rotation="90"><colors><color rgb="0xF7F7F7" alpha="100" stop="0" /></colors></fill></color><color name="bg"><fill type="linear" rotation="90"><colors><color rgb="0xE9E9E9" alpha="100" stop="0" /><color rgb="0xCFCFCF" alpha="100" stop="255" /></colors></fill></color><color name="border"><fill type="linear" rotation="90"><colors><color rgb="0xE9E9E9" alpha="100" stop="0" /><color rgb="0xF3F3F3" alpha="100" stop="255" /></colors></fill></color><color name="menu_shade"><fill type="linear" rotation="90"><colors><color rgb="0xDBDBDB" alpha="100" stop="0" /><color rgb="0xC3C3C3" alpha="100" stop="255" /></colors></fill></color><color name="slide_bg"><fill type="linear" rotation="90"><colors><color rgb="0xE9E9E9" alpha="100" stop="0" /><color rgb="0xCFCFCF" alpha="100" stop="255" /></colors></fill></color></group_colors></color_group><color_group name="button"><group_colors><color name="btn_bg"><fill type="linear" rotation="90"><colors><color rgb="0xF5F5F5" alpha="100" stop="0" /><color rgb="0xC7C7C7" alpha="100" stop="255" /></colors></fill></color><color name="btn_hover"><fill type="linear" rotation="90"><colors><color rgb="0xF2F2F2" alpha="100" stop="0" /><color rgb="0xAFAFAF" alpha="100" stop="255" /></colors></fill></color><color name="btn_down"><fill type="linear" rotation="90"><colors><color rgb="0xC7C7C7" alpha="100" stop="0" /><color rgb="0xF4F4F4" alpha="100" stop="255" /></colors></fill></color><color name="btn_border"><fill type="linear" rotation="90"><colors><color rgb="0xB1B1B1" alpha="100" stop="0" /></colors></fill></color><color name="btn_text"><fill type="linear" rotation="90"><colors><color rgb="0x353535" alpha="100" stop="0" /></colors></fill></color><color name="btn_text_shadow"><fill type="linear" rotation="90"><colors><color rgb="0xF0F0F0" alpha="100" stop="0" /></colors></fill></color><color name="btn_icon_color"><fill type="linear" rotation="90"><colors><color rgb="0x353535" alpha="100" stop="0" /></colors></fill></color><color name="btn_glow"><fill type="linear" rotation="90"><colors><color rgb="0xCFCFCF" alpha="100" stop="0" /></colors></fill></color></group_colors></color_group><color_group name="checkbox"><group_colors><color name="border"><fill type="linear" rotation="90"><colors><color rgb="0xB8B8B8" alpha="100" stop="0" /></colors></fill></color><color name="bg"><fill type="linear" rotation="90"><colors><color rgb="0xFFFFFF" alpha="100" stop="0" /></colors></fill></color><color name="check"><fill type="linear" rotation="90"><colors><color rgb="0x33CC00" alpha="100" stop="0" /></colors></fill></color><color name="text"><fill type="linear" rotation="90"><colors><color rgb="0x444444" alpha="100" stop="0" /></colors></fill></color><color name="hover"><fill type="linear" rotation="90"><colors><color rgb="0x6BF8FF" alpha="100" stop="0" /></colors></fill></color></group_colors></color_group><color_group name="logo"><group_colors><color name="bg"><fill type="linear" rotation="90"><colors><color rgb="0xFFFFFF" alpha="100" stop="0" /></colors></fill></color><color name="shadow"><fill type="linear" rotation="90"><colors><color rgb="0xB8B8B8" alpha="100" stop="0" /></colors></fill></color></group_colors></color_group><color_group name="menu"><group_colors><color name="bg"><fill type="linear" rotation="90"><colors><color rgb="0xF3F3F3" alpha="100" stop="0" /></colors></fill></color><color name="shadow"><fill type="linear" rotation="90"><colors><color rgb="0xB8B8B8" alpha="100" stop="0" /></colors></fill></color></group_colors></color_group><color_group name="scrollarea"><group_colors><color name="bg"><fill type="linear" rotation="0"><colors><color rgb="0xDEDEDE" alpha="100" stop="0" /><color rgb="0xE8E8E8" alpha="100" stop="128" /></colors></fill></color><color name="border"><fill type="linear" rotation="90"><colors><color rgb="0xF6F6F6" alpha="100" stop="0" /><color rgb="0xF3F3F3" alpha="100" stop="255" /></colors></fill></color><color name="button_bg"><fill type="linear" rotation="90"><colors><color rgb="0xC4C4C4" alpha="100" stop="0" /><color rgb="0xB2B2B2" alpha="100" stop="255" /></colors></fill></color><color name="button_inner"><fill type="linear" rotation="90"><colors><color rgb="0xCBCBCB" alpha="100" stop="0" /><color rgb="0xBABABA" alpha="100" stop="255" /></colors></fill></color><color name="button_border"><fill type="linear" rotation="90"><colors><color rgb="0xB8B8B8" alpha="100" stop="0" /></colors></fill></color><color name="icons"><fill type="linear" rotation="90"><colors><color rgb="0x555555" alpha="100" stop="0" /></colors></fill></color><color name="shadow"><fill type="linear" rotation="90"><colors><color rgb="0xD9D9D9" alpha="100" stop="0" /></colors></fill></color><color name="detaila"><fill type="linear" rotation="90"><colors><color rgb="0xA7A7A7" alpha="100" stop="0" /></colors></fill></color><color name="detailb"><fill type="linear" rotation="90"><colors><color rgb="0xCFCFCF" alpha="100" stop="0" /></colors></fill></color></group_colors></color_group><color_group name="searchinput"><group_colors><color name="bg"><fill type="linear" rotation="90"><colors><color rgb="0xDFDFDF" alpha="100" stop="0" /></colors></fill></color><color name="border"><fill type="linear" rotation="90"><colors><color rgb="0xADADAD" alpha="100" stop="0" /><color rgb="0xFAFAFA" alpha="100" stop="255" /></colors></fill></color><color name="icon"><fill type="linear" rotation="90"><colors><color rgb="0x8A8A8A" alpha="100" stop="0" /></colors></fill></color><color name="button_hover"><fill type="linear" rotation="90"><colors><color rgb="0xF5F5F5" alpha="100" stop="0" /><color rgb="0xC7C7C7" alpha="100" stop="255" /></colors></fill></color><color name="hover_glow"><fill type="linear" rotation="90"><colors><color rgb="0x6BF8FF" alpha="100" stop="0" /></colors></fill></color><color name="search_text"><fill type="linear" rotation="90"><colors><color rgb="0x8A8A8A" alpha="100" stop="0" /></colors></fill></color><color name="bg_active"><fill type="linear" rotation="90"><colors><color rgb="0xFAFAFA" alpha="100" stop="0" /></colors></fill></color><color name="text_active"><fill type="linear" rotation="90"><colors><color rgb="0x333333" alpha="100" stop="0" /></colors></fill></color></group_colors></color_group><color_group name="seekcontrol"><group_colors><color name="bg"><fill type="linear" rotation="90"><colors><color rgb="0xF5F5F5" alpha="100" stop="0" /><color rgb="0xC7C7C7" alpha="100" stop="255" /></colors></fill></color><color name="border"><fill type="linear" rotation="90"><colors><color rgb="0xB1B1B1" alpha="100" stop="0" /></colors></fill></color><color name="seek_border"><fill type="linear" rotation="90"><colors><color rgb="0xB8B8B8" alpha="100" stop="0" /><color rgb="0xEEEEEE" alpha="100" stop="255" /></colors></fill></color><color name="seek_bg"><fill type="linear" rotation="90"><colors><color rgb="0xE7E7E7" alpha="100" stop="0" /></colors></fill></color><color name="seek_position"><fill type="linear" rotation="90"><colors><color rgb="0xFFFFFF" alpha="100" stop="0" /></colors></fill></color><color name="btn_icon_color"><fill type="linear" rotation="90"><colors><color rgb="0x2D2D2D" alpha="100" stop="0" /></colors></fill></color><color name="btn_icon_hover"><fill type="linear" rotation="90"><colors><color rgb="0x555555" alpha="100" stop="0" /></colors></fill></color><color name="btn_icon_shadow"><fill type="linear" rotation="90"><colors><color rgb="0xF0F0F0" alpha="100" stop="0" /></colors></fill></color></group_colors></color_group><color_group name="tabs"><group_colors><color name="bg"><fill type="linear" rotation="90"><colors><color rgb="0xF3F3F3" alpha="100" stop="0" /></colors></fill></color><color name="text"><fill type="linear" rotation="90"><colors><color rgb="0x555555" alpha="100" stop="0" /></colors></fill></color><color name="selected"><fill type="linear" rotation="90"><colors><color rgb="0x333333" alpha="100" stop="0" /></colors></fill></color><color name="hover"><fill type="linear" rotation="90"><colors><color rgb="0x333333" alpha="100" stop="0" /></colors></fill></color><color name="shadow"><fill type="linear" rotation="90"><colors><color rgb="0xF0F0F0" alpha="100" stop="0" /></colors></fill></color></group_colors></color_group><color_group name="transcript"><group_colors><color name="div"><fill type="linear" rotation="90"><colors><color rgb="0xE1E1E1" alpha="100" stop="0" /></colors></fill></color><color name="heading_text"><fill type="linear" rotation="90"><colors><color rgb="0x444444" alpha="100" stop="0" /></colors></fill></color></group_colors></color_group><color_group name="outline"><group_colors><color name="diva"><fill type="linear" rotation="90"><colors><color rgb="0xC6C6C6" alpha="100" stop="0" /></colors></fill></color><color name="divb"><fill type="linear" rotation="90"><colors><color rgb="0xF9F9F9" alpha="100" stop="0" /></colors></fill></color><color name="divc"><fill type="linear" rotation="90"><colors><color rgb="0xE1E1E1" alpha="100" stop="0" /></colors></fill></color><color name="search_text"><fill type="linear" rotation="90"><colors><color rgb="0x444444" alpha="100" stop="0" /></colors></fill></color><color name="search_hover"><fill type="linear" rotation="90"><colors><color rgb="0x0000EE" alpha="100" stop="0" /></colors></fill></color></group_colors></color_group><color_group name="resource"><group_colors><color name="separator"><fill type="linear" rotation="90"><colors><color rgb="0xE0E0E0" alpha="100" stop="0" /></colors></fill></color></group_colors></color_group><color_group name="glossary"><group_colors><color name="selected_text"><fill type="linear" rotation="90"><colors><color rgb="0x353535" alpha="100" stop="0" /></colors></fill></color><color name="selected"><fill type="linear" rotation="90"><colors><color rgb="0xC0E2F1" alpha="100" stop="0" /></colors></fill></color><color name="text"><fill type="linear" rotation="90"><colors><color rgb="0x353535" alpha="100" stop="0" /></colors></fill></color><color name="hover"><fill type="linear" rotation="90"><colors><color rgb="0xE6E6E6" alpha="100" stop="0" /></colors></fill></color><color name="diva"><fill type="linear" rotation="90"><colors><color rgb="0xE2E2E2" alpha="100" stop="0" /></colors></fill></color><color name="divb"><fill type="linear" rotation="90"><colors><color rgb="0xE2E2E2" alpha="100" stop="0" /></colors></fill></color><color name="divc"><fill type="linear" rotation="90"><colors><color rgb="0xFAFAFA" alpha="100" stop="0" /></colors></fill></color><color name="bg"><fill type="linear" rotation="90"><colors><color rgb="0xE7E7E7" alpha="100" stop="0" /></colors></fill></color><color name="heading_text"><fill type="linear" rotation="90"><colors><color rgb="0x444444" alpha="100" stop="0" /></colors></fill></color></group_colors></color_group><color_group name="volume"><group_colors><color name="thumb_border"><fill type="linear" rotation="90"><colors><color rgb="0xA5A5A5" alpha="100" stop="0" /></colors></fill></color><color name="thumb_inner"><fill type="linear" rotation="90"><colors><color rgb="0xD4D4D4" alpha="100" stop="0" /></colors></fill></color><color name="thumb_bg"><fill type="linear" rotation="90"><colors><color rgb="0xC8C8C8" alpha="100" stop="0" /></colors></fill></color><color name="slider_border"><fill type="linear" rotation="90"><colors><color rgb="0xF2F2F2" alpha="100" stop="0" /></colors></fill></color><color name="slider_bg"><fill type="linear" rotation="90"><colors><color rgb="0xBCBCBC" alpha="100" stop="0" /><color rgb="0xBCBCBC" alpha="100" stop="128" /><color rgb="0xC3C3C3" alpha="100" stop="255" /></colors></fill></color></group_colors></color_group><color_group name="HTML"><group_colors><color name="htmlpage_bg_color"><fill type="linear" rotation="90"><colors><color rgb="0xFFFFFF" alpha="100" stop="0" /></colors></fill></color></group_colors></color_group></colorscheme></colorschemes><string_tables><string_table name="pxnsnfns01001000010"><string id="prev">PREV</string><string id="next">NEXT</string><string id="submit">SUBMIT</string><string id="outline">Menu</string><string id="resources">Resources</string><string id="glossary">Glossary</string><string id="transcript">Notes</string><string id="clear">Clear and return to Menu</string><string id="search_results">Search Results</string><string id="filter">Filter</string><string id="slide_text_chk">Slide Text</string><string id="transcript_chk">Notes</string><string id="search_in">Search in:</string><string id="check_include">Check to include</string><string id="search">Search...</string><string id="terms">Terms</string><string id="definition">Definition</string><string id="finish">FINISH</string><string id="acc_finish">finish</string><string id="acc_definition">definition</string><string id="acc_resources">resources</string><string id="acc_search_input">search</string><string id="acc_pause">pause</string><string id="acc_play">play</string><string id="acc_replay">replay</string><string id="acc_submit">submit</string><string id="acc_next">next</string><string id="acc_previous">previous</string><string id="acc_volume">volume</string><string id="submitall">SUBMIT ALL</string><string id="acc_submitall">submit all</string><string id="question_list">Question List</string><string id="more_info">More info</string><string id="send_an_email">Send an email</string><string id="close">Close</string><string id="bio">Bio</string><string id="exit">Exit</string></string_table></string_tables><sounds enabled="false" /><nav_data><outline><links><slidelink slideid="5gm8JLcziGR.6ZcCf0bgv8F" displaytext="Slide 1" expand="false" type="slide" /><slidelink slideid="5gm8JLcziGR.6O4Vjk3ERyb" displaytext="Let’s look at the Pre-Read Scenario!" expand="false" type="slide" /><slidelink slideid="5gm8JLcziGR.63r97U7NXL4" displaytext="Program Objectives" expand="false" type="slide" /><slidelink slideid="5gm8JLcziGR.6U3ZMwQkS5u" displaytext="Agenda" expand="false" type="slide" /><slidelink slideid="5gm8JLcziGR.5bFdENCqksJ" displaytext="What is Requirements Traceability?" expand="false" type="slide" /><slidelink slideid="5gm8JLcziGR.6DCYc0Z4y6X" displaytext="Purpose of RTM" expand="false" type="slide" /><slidelink slideid="5gm8JLcziGR.6VaH0CUCJl0" displaytext="Agenda" expand="false" type="slide" /><slidelink slideid="5gm8JLcziGR.5kzQH0reRYu" displaytext="Types of Traceability Matrix" expand="false" type="slide" /><slidelink slideid="5gm8JLcziGR.5cv4dI2DPP7" displaytext="Forward Traceability" expand="false" type="slide" /><slidelink slideid="5gm8JLcziGR.6inv9wjCraW" displaytext="Backward Traceability" expand="false" type="slide" /><slidelink slideid="5gm8JLcziGR.5i3hqK2mV2G" displaytext="Forward and Backward Traceability" expand="false" type="slide" /><slidelink slideid="5gm8JLcziGR.5uci4JU79bh" displaytext="Bi-Directional Traceability" expand="false" type="slide" /><slidelink slideid="5gm8JLcziGR.5ZWTFpPl1pv" displaytext="Agenda" expand="false" type="slide" /><slidelink slideid="5gm8JLcziGR.5n0qngVHlGA" displaytext="TEST COVERAGE" expand="false" type="slide" /><slidelink slideid="5gm8JLcziGR.5auV8cRoJHt" displaytext="Agenda" expand="false" type="slide" /><slidelink slideid="5gm8JLcziGR.6ftg73RI13C" displaytext="RTM Template Instructions" expand="false" type="slide" /><slidelink slideid="5gm8JLcziGR.64Wg5hDIXEf" displaytext="Sample Template of RTM" expand="false" type="slide" /><slidelink slideid="5gm8JLcziGR.66u7EaLlLDT" displaytext="Sample Traceability Matrix" expand="false" type="slide" /><slidelink slideid="5gm8JLcziGR.68zjUVRmwps" displaytext="Sample Traceability Matrix (Cont’d.)" expand="false" type="slide" /><slidelink slideid="5gm8JLcziGR.6gJjRGrASNk" displaytext="Program Summary" expand="false" type="slide" /><slidelink slideid="5gm8JLcziGR.6BZ64tCnDAu" displaytext="Post-Session Activity" expand="false" type="slide" /><slidelink slideid="5gm8JLcziGR.6qdpX2waRKY" displaytext="Check your Understanding" expand="false" type="slide" /><slidelink slideid="5gm8JLcziGR.5WvcqpduaO6" displaytext="Check your Understanding" expand="false" type="slide" /><slidelink slideid="5gm8JLcziGR.5wL7ruSvupE" displaytext="Check your Understanding" expand="false" type="slide" /><slidelink slideid="5gm8JLcziGR.5l3Sd4pJvJJ" displaytext="Slide 25" expand="false" type="slide" /></links></outline><search><slidetext slideid="5gm8JLcziGR.6ZcCf0bgv8F" slidebank="false" type="slide">     hcl talentcare: confidential  version: 1.0 release date:  07-01-2016 requirements traceability matrix (rtm)  </slidetext><slidetext slideid="5gm8JLcziGR.6O4Vjk3ERyb" slidebank="false" type="slide">   ‹#›   hcl talentcare: confidential  version: 1.0 release date:  07-01-2016   let’s look at the pre-read scenario!  there are multiple requirements in the mailing software. the testers have written the test cases and executed all the test cases on the 1st release. they found few defects and they sent the software to the dev team for rectification.now they started testing the 2nd release critical defects were detected in the release 2 and was fixed.the application was sent for user acceptance testing and it failed. feedback from the end users was they were not able to use a particular feature.what could have been the reason for the application not getting through the uat.</slidetext><slidetext slideid="5gm8JLcziGR.63r97U7NXL4" slidebank="false" type="slide">   ‹#›   hcl talentcare: confidential  version: 1.0 release date:  07-01-2016   program objectives  at the end of this program, you will be able to: requirement traceability matrixtest coverage </slidetext><slidetext slideid="5gm8JLcziGR.6U3ZMwQkS5u" slidebank="false" type="slide">   ‹#›   hcl talentcare: confidential  version: 1.0 release date:  07-01-2016  agenda introduction to requirements traceability matrix   forward traceability and backward traceability   deciding on test coverage   rtm template  introduction to requirements traceability matrix   forward traceability and backward traceability   deciding on test coverage   rtm template  </slidetext><slidetext slideid="5gm8JLcziGR.5bFdENCqksJ" slidebank="false" type="slide">   ‹#›   hcl talentcare: confidential  version: 1.0 release date:  07-01-2016  what is requirements traceability? requirements traceability is a process of documenting the links between the requirements and work products developed to implement and verify the requirements.rtm is simply a matrix showing the mapping of requirements with test cases.  requirements design code test requirements design code test     </slidetext><slidetext slideid="5gm8JLcziGR.6DCYc0Z4y6X" slidebank="false" type="slide">   ‹#›   hcl talentcare: confidential  version: 1.0 release date:  07-01-2016  purpose of rtm the purpose of rtm is to:ensure that a particular test case is based on the requirement(s) mentioned in the requirement document.trace back the test case to the requirement, if there arises any dispute over a bug in which developer says “it is not a bug as per the design”find out how many test cases are affected, whenever there is change in the application being developed.detect missing functionality or to identify if implemented functionality is not supported by a specific requirement.assist in scope and change management, risk management, time management, cost management, and communication management.tool to determine the test coverage.</slidetext><slidetext slideid="5gm8JLcziGR.6VaH0CUCJl0" slidebank="false" type="slide">   ‹#›   hcl talentcare: confidential  version: 1.0 release date:  07-01-2016  agenda introduction to requirements traceability matrix   forward traceability and backward traceability   deciding on test coverage   rtm template  introduction to requirements traceability matrix   forward traceability and backward traceability   deciding on test coverage   rtm template  </slidetext><slidetext slideid="5gm8JLcziGR.5kzQH0reRYu" slidebank="false" type="slide">   ‹#›   hcl talentcare: confidential  version: 1.0 release date:  07-01-2016  types of traceability matrix types of traceability matrix  forward traceability matrix  backward traceability matrix    types of traceability matrix  forward traceability matrix  backward traceability matrix</slidetext><slidetext slideid="5gm8JLcziGR.5cv4dI2DPP7" slidebank="false" type="slide">   ‹#›   hcl talentcare: confidential  version: 1.0 release date:  07-01-2016  forward traceability tracing each requirement forward into the design that implements the requirement, the code that implements the design and the tests that validate that requirement and so on.if a use case cannot be traced forward to its associated architectural design elements, then the architectural design is not complete.as testers we use forward traceability to verify if every requirement is converted to test case.</slidetext><slidetext slideid="5gm8JLcziGR.6inv9wjCraW" slidebank="false" type="slide">   ‹#›   hcl talentcare: confidential  version: 1.0 release date:  07-01-2016  backward traceability helps ensure that the evolving product remains on the correct track with regards to the original and/or evolving requirements. the objective is to ensure that we are not expanding the scope of the project by adding design elements, code, tests or other work products that are not specified in the requirements. if there is a change needed in the implementation or if the developers come up with a creative, new technical solution, the change/solution should be traced backwards to the requirements and the business needs to ensure that it is within the scope of the desired product. as testers backward traceability matrix determines which test cases are mapped against which requirements.</slidetext><slidetext slideid="5gm8JLcziGR.5i3hqK2mV2G" slidebank="false" type="slide">   ‹#›   hcl talentcare: confidential  version: 1.0 release date:  07-01-2016  forward and backward traceability forward traceability  mapping of requirements to test cases      backward traceability  mapping of test cases to requirements requirement ids and short description test case ids   requirement ids and short description test case ids </slidetext><slidetext slideid="5gm8JLcziGR.5uci4JU79bh" slidebank="false" type="slide">   ‹#›   hcl talentcare: confidential  version: 1.0 release date:  07-01-2016  bi-directional traceability bi-directional traceability contains both forward &amp; backward traceability. through backward traceability matrix: we can identify which test cases are mapped to which requirements therefore, if there are test cases that do not trace to any coverage item, the test case can either be removed or specific requirements should be added. </slidetext><slidetext slideid="5gm8JLcziGR.5ZWTFpPl1pv" slidebank="false" type="slide">   ‹#›   hcl talentcare: confidential  version: 1.0 release date:  07-01-2016  agenda introduction to requirements traceability matrix   forward traceability and backward traceability   deciding on test coverage   rtm template  introduction to requirements traceability matrix   forward traceability and backward traceability   deciding on test coverage   rtm template  </slidetext><slidetext slideid="5gm8JLcziGR.5n0qngVHlGA" slidebank="false" type="slide">   ‹#›   hcl talentcare: confidential  version: 1.0 release date:  07-01-2016  test coverage metric that can be used to measure the extent to which testing objectives are met.test coverage metrics helps to determine whether the application can move to the next phase.test coverage goal is established and it is usually 100%.test coverage metrics helps to determine whether testing can be stopped.</slidetext><slidetext slideid="5gm8JLcziGR.5auV8cRoJHt" slidebank="false" type="slide">   ‹#›   hcl talentcare: confidential  version: 1.0 release date:  07-01-2016  agenda introduction to requirements traceability matrix   forward traceability and backward traceability   deciding on test coverage   rtm template  introduction to requirements traceability matrix   forward traceability and backward traceability   deciding on test coverage   rtm template  </slidetext><slidetext slideid="5gm8JLcziGR.6ftg73RI13C" slidebank="false" type="slide">   ‹#›   hcl talentcare: confidential  version: 1.0 release date:  07-01-2016  rtm template instructions requirements traceability matrix template instructions:this document presents the requirements traceability matrix (rtm) for the project name [workspace/workgroup] and provides traceability between the [workspace/workgroup] approved requirements, design specifications, and test scripts. the table below displays the rtm for the requirements that were approved for inclusion in [application name/version]. the following information is provided for each requirement:&#xB;&#xB; &#xB; &#xB; requirement idrisksrequirement type (user or system)requirement descriptiontrace to user requirement/trace from system requirementtrace to design specification ut * unit test casesit * integration test casesst * system test casesuat * user acceptance test casestrace to test script &#xB;</slidetext><slidetext slideid="5gm8JLcziGR.64Wg5hDIXEf" slidebank="false" type="slide">   ‹#›   hcl talentcare: confidential  version: 1.0 release date:  07-01-2016  sample template of rtm  the following is the sample template of requirements traceability matrix </slidetext><slidetext slideid="5gm8JLcziGR.66u7EaLlLDT" slidebank="false" type="slide">   ‹#›   hcl talentcare: confidential  version: 1.0 release date:  07-01-2016  sample traceability matrix process use case business rules design specification source code files test cases foreign exchange fx rates load process  load fx rates fs1.1.1 br001, br005, br011, br024 fx rates load design specifications section ds2.1 fxreuters.prg test case no.: 1.1.1 to 1.1.10 (reference: fxrate_load tests.doc) foreign exchange trade input input fx trade fs2.1.1 br004 fx trade input design specifications ds2.2 fxtradeinput.prg test case no.:  2.1.1 to 2.1.10 (reference: fxtrade_input tests.doc process use case business rules design specification source code files test cases foreign exchange fx rates load process  load fx rates fs1.1.1 br001, br005, br011, br024 fx rates load design specifications section ds2.1 fxreuters.prg test case no.: 1.1.1 to 1.1.10 (reference: fxrate_load tests.doc) foreign exchange trade input input fx trade fs2.1.1 br004 fx trade input design specifications ds2.2 fxtradeinput.prg test case no.:  2.1.1 to 2.1.10 (reference: fxtrade_input tests.doc sample traceability matrix describing the relationships between development artifacts.</slidetext><slidetext slideid="5gm8JLcziGR.68zjUVRmwps" slidebank="false" type="slide">   ‹#›   hcl talentcare: confidential  version: 1.0 release date:  07-01-2016  sample traceability matrix (cont’d.) process use case business rules design specification source code files test cases foreign exchange trade confirmation confirm fx trade fs3.1.1 br003, br007 fx trade input design specifications ds3.2 fxtradeconfirm.prg test case no.:  3.1.1 to 3.1.10 (reference: fx_confirmation tests.doc foreign exchange trade settlement settle fx trade input fs4.1.1 br002, br003, br019 fx trade input design specifications ds2.2 fxtradesettle.prg test case no.:  4.1.1 to 4.1.10 (reference: fx_settlement tests.doc process use case business rules design specification source code files test cases foreign exchange trade confirmation confirm fx trade fs3.1.1 br003, br007 fx trade input design specifications ds3.2 fxtradeconfirm.prg test case no.:  3.1.1 to 3.1.10 (reference: fx_confirmation tests.doc foreign exchange trade settlement settle fx trade input fs4.1.1 br002, br003, br019 fx trade input design specifications ds2.2 fxtradesettle.prg test case no.:  4.1.1 to 4.1.10 (reference: fx_settlement tests.doc sample traceability matrix describing the relationships between development artifacts.</slidetext><slidetext slideid="5gm8JLcziGR.6gJjRGrASNk" slidebank="false" type="slide">   ‹#›   hcl talentcare: confidential  version: 1.0 release date:  07-01-2016   program summary  at the end of this program, you will be able to: develop a common understanding of the program ahead </slidetext><slidetext slideid="5gm8JLcziGR.6BZ64tCnDAu" slidebank="false" type="slide">   ‹#›   hcl talentcare: confidential  version: 1.0 release date:  07-01-2016  post-session activity  scholars will be able to answer the following questions </slidetext><slidetext slideid="5gm8JLcziGR.6qdpX2waRKY" slidebank="false" type="slide">   ‹#›   hcl talentcare: confidential  version: 1.0 release date:  07-01-2016   check your understanding  the degree to which a requirement is stated in terms that permit  establishment of test designthe capability of software product to enable modified software to be testedan approach to integration testing where the component at the top of the component hierarchy is tested firstthe ability to identify related items in documentation, such as requirements vs software design which of the following statements correctly describe traceability? </slidetext><slidetext slideid="5gm8JLcziGR.5WvcqpduaO6" slidebank="false" type="slide">   ‹#›   hcl talentcare: confidential  version: 1.0 release date:  07-01-2016   check your understanding  a) test matrixb) checklistc) test bedd) traceability matrix the approach/document used to make sure all the requirements are covered when writing test cases </slidetext><slidetext slideid="5gm8JLcziGR.5wL7ruSvupE" slidebank="false" type="slide">   ‹#›   hcl talentcare: confidential  version: 1.0 release date:  07-01-2016   check your understanding  configuration management and test data generationtest case specification and change controltest condition and  test procedure specificationimpact analysis and requirements coverage which aspects of testing will establish traceability help? </slidetext><slidetext slideid="5gm8JLcziGR.5l3Sd4pJvJJ" slidebank="false" type="slide">     hcl talentcare: confidential  version: 1.0 release date:  07-01-2016  this document contains information that is proprietary and confidential to hcl talentcare private limited and shall not be disclosed outside the recipient's company or duplicated, used or disclosed in whole or in part by the recipient for any purpose other than to evaluate this document. any other use or disclosure in whole or in part of this information without the express written permission of hcl talentcare private limited is prohibited. further, this document does not constitute a contract to perform servicesthe reader should not act upon the information contained in this document without obtaining specific professional advice. no representation or warranty (express or implied) is given as to the accuracy or completeness of the information contained in this presentation, and, to the extent permitted by law; hcl talentcare private limited, its consultants, its members, employees and agents accept no liability, and disclaim all responsibility, for the consequences of reader or anyone else acting, or refraining to act, in reliance on the information contained in this document or for any decision based on it. thank you</slidetext></search></nav_data><resource_data description="" /><transcript_data><slidetranscripts><slidetranscript slideid="5gm8JLcziGR.63r97U7NXL4" slidebank="false" type="slide" noteswf="presentation_content/notes/63r97U7NXL4.swf" notespng="mobile/notes/63r97U7NXL4.png">&lt;html&gt;&lt;p align='left'&gt;&lt;textformat leading='1' tabstops='[48, 96]' leftmargin='0' indent='0'&gt;&lt;font face='Microsoft Sans Serif' size='10.9933pt' color='#000000'&gt;Discuss the  objectives on the screen&lt;/font&gt;&lt;/textformat&gt;&lt;/p&gt;&lt;/html&gt;</slidetranscript><slidetranscript slideid="5gm8JLcziGR.6gJjRGrASNk" slidebank="false" type="slide" noteswf="presentation_content/notes/6gJjRGrASNk.swf" notespng="mobile/notes/6gJjRGrASNk.png">&lt;html&gt;&lt;p align='left'&gt;&lt;textformat leading='1' tabstops='[48, 96]' leftmargin='0' indent='0'&gt;&lt;font face='Microsoft Sans Serif' size='10.9933pt' color='#000000'&gt;Discuss the  objectives on the screen&lt;/font&gt;&lt;/textformat&gt;&lt;/p&gt;&lt;/html&gt;</slidetranscript></slidetranscripts></transcript_data><glossary_data /></bwFrame>