<?xml version="1.0" encoding="utf-8"?>
<manifest identifier="_4EHltVqTLkM_course_id" version="1.0" xmlns="http://www.imsproject.org/xsd/imscp_rootv1p1p2" xmlns:adlcp="http://www.adlnet.org/xsd/adlcp_rootv1p2" xmlns:xsi="http://www.w3.org/2001/XMLSchema-instance" xsi:schemaLocation="http://www.imsproject.org/xsd/imscp_rootv1p1p2 imscp_rootv1p1p2.xsd http://www.imsglobal.org/xsd/imsmd_rootv1p2p1 imsmd_rootv1p2p1.xsd http://www.adlnet.org/xsd/adlcp_rootv1p2 adlcp_rootv1p2.xsd">
  <metadata>
    <schema>ADL SCORM</schema>
    <schemaversion>1.2</schemaversion>
    <lom xmlns="http://www.imsglobal.org/xsd/imsmd_rootv1p2p1" xmlns:xsi="http://www.w3.org/2001/XMLSchema-instance" xsi:schemaLocation="http://www.imsglobal.org/xsd/imsmd_rootv1p2p1 imsmd_rootv1p2p1.xsd">
      <general>
        <title>
          <langstring xml:lang="x-none">SoftwareDevelopmentLifeCycle</langstring>
        </title>
      </general>
      <lifecycle>
        <version>
          <langstring xml:lang="x-none">1</langstring>
        </version>
        <status>
          <source>
            <langstring xml:lang="x-none">LOMv1.0</langstring>
          </source>
          <value>
            <langstring xml:lang="x-none">Final</langstring>
          </value>
        </status>
      </lifecycle>
      <metametadata>
        <metadatascheme>ADL SCORM 1.2</metadatascheme>
      </metametadata>
      <educational>
        <typicallearningtime>
          <datetime>PT0H0M0S</datetime>
        </typicallearningtime>
      </educational>
      <rights>
        <cost>
          <source>
            <langstring xml:lang="x-none">LOMv1.0</langstring>
          </source>
          <value>
            <langstring xml:lang="x-none">yes</langstring>
          </value>
        </cost>
        <copyrightandotherrestrictions>
          <source>
            <langstring xml:lang="x-none">LOMv1.0</langstring>
          </source>
          <value>
            <langstring xml:lang="x-none">yes</langstring>
          </value>
        </copyrightandotherrestrictions>
      </rights>
    </lom>
  </metadata>
  <organizations default="SoftwareDevelopmentLifeCycle_ORG">
    <organization identifier="SoftwareDevelopmentLifeCycle_ORG">
      <title>SoftwareDevelopmentLifeCycle</title>
      <item identifier="SoftwareDevelopmentLifeCycle_SCO" isvisible="true" identifierref="__4EHltVqTLkM_course_id_RES">
        <title>SoftwareDevelopmentLifeCycle</title>
      </item>
    </organization>
  </organizations>
  <resources>
    <resource identifier="__4EHltVqTLkM_course_id_RES" type="webcontent" href="index_lms.html" adlcp:scormtype="sco">
      <file href="presentation_content/thumbnail.jpg" />
      <file href="presentation_content/5dLr91OO6eN_5pMjlmeYsjf_80_P_6_0_562_233_DX1138_DY1138.swf" />
      <file href="mobile/5dLr91OO6eN_5pMjlmeYsjf_80_P_6_0_562_233_DX1138_DY1138_CX720_CY208.png" />
      <file href="presentation_content/5dLr91OO6eN_d1OfficeThemecl125_TitleSlideshp9_80_DX1440_DY1440.swf" />
      <file href="mobile/5dLr91OO6eN_d1OfficeThemecl125_TitleSlideshp9_80_DX1440_DY1440_CX720_CY16.png" />
      <file href="presentation_content/5dLr91OO6eN_d1OfficeThemecl125_TitleSlideshp12_80_DX1116_DY1116.swf" />
      <file href="mobile/5dLr91OO6eN_d1OfficeThemecl125_TitleSlideshp12_80_DX1116_DY1116_CX558_CY57.png" />
      <file href="presentation_content/5dLr91OO6eN_6FLNlBgzQd0_80_DX162_DY162.swf" />
      <file href="mobile/5dLr91OO6eN_6FLNlBgzQd0_80_DX162_DY162_CX81_CY29.png" />
      <file href="presentation_content/5dLr91OO6eN_d21_HCLTemplatesmshp2_80_DX1116_DY1116.swf" />
      <file href="mobile/5dLr91OO6eN_d21_HCLTemplatesmshp2_80_DX1116_DY1116_CX558_CY57.png" />
      <file href="presentation_content/5dLr91OO6eN_5iDjJU8Sjkf_80_DX162_DY162.swf" />
      <file href="mobile/5dLr91OO6eN_5iDjJU8Sjkf_80_DX162_DY162_CX81_CY29.png" />
      <file href="presentation_content/5dLr91OO6eN_6IqidgGxkPo_80_DX162_DY162.swf" />
      <file href="mobile/5dLr91OO6eN_6IqidgGxkPo_80_DX162_DY162_CX81_CY29.png" />
      <file href="presentation_content/5dLr91OO6eN_6nO2imfeW3G_80_DX1012_DY1012.swf" />
      <file href="mobile/5dLr91OO6eN_6nO2imfeW3G_80_DX1012_DY1012_CX506_CY197.png" />
      <file href="presentation_content/5dLr91OO6eN_6brnI0SlU0V_80_DX162_DY162.swf" />
      <file href="mobile/5dLr91OO6eN_6brnI0SlU0V_80_DX162_DY162_CX81_CY29.png" />
      <file href="presentation_content/5dLr91OO6eN_5nr1xysAW90_80_DX162_DY162.swf" />
      <file href="mobile/5dLr91OO6eN_5nr1xysAW90_80_DX162_DY162_CX81_CY29.png" />
      <file href="presentation_content/5dLr91OO6eN_624srJajPYq_80_DX1012_DY1012.swf" />
      <file href="mobile/5dLr91OO6eN_624srJajPYq_80_DX1012_DY1012_CX506_CY197.png" />
      <file href="presentation_content/5dLr91OO6eN_6fWQkTZqb56_80_DX162_DY162.swf" />
      <file href="mobile/5dLr91OO6eN_6fWQkTZqb56_80_DX162_DY162_CX81_CY29.png" />
      <file href="presentation_content/5dLr91OO6eN_5znGz7aJn1y_80_DX162_DY162.swf" />
      <file href="mobile/5dLr91OO6eN_5znGz7aJn1y_80_DX162_DY162_CX81_CY29.png" />
      <file href="presentation_content/5dLr91OO6eN_6j5YJBV6PON_80_DX1012_DY1012.swf" />
      <file href="mobile/5dLr91OO6eN_6j5YJBV6PON_80_DX1012_DY1012_CX506_CY197.png" />
      <file href="presentation_content/5dLr91OO6eN_61gS55efC1m_80_DX162_DY162.swf" />
      <file href="mobile/5dLr91OO6eN_61gS55efC1m_80_DX162_DY162_CX81_CY29.png" />
      <file href="presentation_content/5dLr91OO6eN_65RtAW6k4hK_80_DX162_DY162.swf" />
      <file href="mobile/5dLr91OO6eN_65RtAW6k4hK_80_DX162_DY162_CX81_CY29.png" />
      <file href="presentation_content/5dLr91OO6eN_5waFxXrrQYL_80_DX1012_DY1012.swf" />
      <file href="mobile/5dLr91OO6eN_5waFxXrrQYL_80_DX1012_DY1012_CX506_CY197.png" />
      <file href="presentation_content/5dLr91OO6eN_60xvvcJzTeG_80_DX162_DY162.swf" />
      <file href="mobile/5dLr91OO6eN_60xvvcJzTeG_80_DX162_DY162_CX81_CY29.png" />
      <file href="presentation_content/5dLr91OO6eN_5cdBzUgmJS0_80_DX162_DY162.swf" />
      <file href="mobile/5dLr91OO6eN_5cdBzUgmJS0_80_DX162_DY162_CX81_CY29.png" />
      <file href="presentation_content/5dLr91OO6eN_5eSDuFxx5LV_80_DX1012_DY1012.swf" />
      <file href="mobile/5dLr91OO6eN_5eSDuFxx5LV_80_DX1012_DY1012_CX506_CY197.png" />
      <file href="presentation_content/5dLr91OO6eN_5VzxboQYjI1_80_DX162_DY162.swf" />
      <file href="mobile/5dLr91OO6eN_5VzxboQYjI1_80_DX162_DY162_CX81_CY29.png" />
      <file href="presentation_content/5dLr91OO6eN_5i28qOZXu5t_80_DX162_DY162.swf" />
      <file href="mobile/5dLr91OO6eN_5i28qOZXu5t_80_DX162_DY162_CX81_CY29.png" />
      <file href="presentation_content/5dLr91OO6eN_6qRg4rLlFd5_80_DX1012_DY1012.swf" />
      <file href="mobile/5dLr91OO6eN_6qRg4rLlFd5_80_DX1012_DY1012_CX506_CY197.png" />
      <file href="presentation_content/5dLr91OO6eN_6E81TGQ5xlk_80_DX162_DY162.swf" />
      <file href="mobile/5dLr91OO6eN_6E81TGQ5xlk_80_DX162_DY162_CX81_CY29.png" />
      <file href="presentation_content/5dLr91OO6eN_6AFbMdoomc5_80_DX162_DY162.swf" />
      <file href="mobile/5dLr91OO6eN_6AFbMdoomc5_80_DX162_DY162_CX81_CY29.png" />
      <file href="presentation_content/5dLr91OO6eN_62urctGbdWb_80_DX1012_DY1012.swf" />
      <file href="mobile/5dLr91OO6eN_62urctGbdWb_80_DX1012_DY1012_CX506_CY197.png" />
      <file href="presentation_content/5dLr91OO6eN_5vZYfOJ3EE5_80_DX162_DY162.swf" />
      <file href="mobile/5dLr91OO6eN_5vZYfOJ3EE5_80_DX162_DY162_CX81_CY29.png" />
      <file href="presentation_content/5dLr91OO6eN_5VIrLnIptwr_80_DX162_DY162.swf" />
      <file href="mobile/5dLr91OO6eN_5VIrLnIptwr_80_DX162_DY162_CX81_CY29.png" />
      <file href="presentation_content/5dLr91OO6eN_5yQCsmVgFDI_80_DX1012_DY1012.swf" />
      <file href="mobile/5dLr91OO6eN_5yQCsmVgFDI_80_DX1012_DY1012_CX506_CY197.png" />
      <file href="presentation_content/5dLr91OO6eN_5m9pf01JFmd_80_DX162_DY162.swf" />
      <file href="mobile/5dLr91OO6eN_5m9pf01JFmd_80_DX162_DY162_CX81_CY29.png" />
      <file href="presentation_content/5dLr91OO6eN_6C8u8QtJjqw_80_DX162_DY162.swf" />
      <file href="mobile/5dLr91OO6eN_6C8u8QtJjqw_80_DX162_DY162_CX81_CY29.png" />
      <file href="presentation_content/5dLr91OO6eN_5zuYZ3L9H5O_80_DX1012_DY1012.swf" />
      <file href="mobile/5dLr91OO6eN_5zuYZ3L9H5O_80_DX1012_DY1012_CX506_CY197.png" />
      <file href="presentation_content/5dLr91OO6eN_6n6L4VHKo59_80_P_6_0_562_233_DX1138_DY1138.swf" />
      <file href="mobile/5dLr91OO6eN_6n6L4VHKo59_80_P_6_0_562_233_DX1138_DY1138_CX720_CY208.png" />
      <file href="presentation_content/5dLr91OO6eN_d21_HCLTemplatecl465_TitleSlideshp9_80_DX1440_DY1440.swf" />
      <file href="mobile/5dLr91OO6eN_d21_HCLTemplatecl465_TitleSlideshp9_80_DX1440_DY1440_CX720_CY16.png" />
      <file href="presentation_content/5dLr91OO6eN_d21_HCLTemplatecl465_TitleSlideshp12_80_DX1116_DY1116.swf" />
      <file href="mobile/5dLr91OO6eN_d21_HCLTemplatecl465_TitleSlideshp12_80_DX1116_DY1116_CX558_CY57.png" />
      <file href="presentation_content/5dLr91OO6eN_6LIJQeqKOy7_80_DX162_DY162.swf" />
      <file href="mobile/5dLr91OO6eN_6LIJQeqKOy7_80_DX162_DY162_CX81_CY29.png" />
      <file href="presentation_content/5dLr91OO6eN_5VF1f3GEo5Q_80_DX162_DY162.swf" />
      <file href="mobile/5dLr91OO6eN_5VF1f3GEo5Q_80_DX162_DY162_CX81_CY29.png" />
      <file href="presentation_content/5dLr91OO6eN_5wM7sqHet2r_80_DX1012_DY1012.swf" />
      <file href="mobile/5dLr91OO6eN_5wM7sqHet2r_80_DX1012_DY1012_CX506_CY197.png" />
      <file href="presentation_content/5dLr91OO6eN_6l9NRGP6Ud1_80_DX162_DY162.swf" />
      <file href="mobile/5dLr91OO6eN_6l9NRGP6Ud1_80_DX162_DY162_CX81_CY29.png" />
      <file href="presentation_content/5dLr91OO6eN_5nFtIx3jdcy_80_DX162_DY162.swf" />
      <file href="mobile/5dLr91OO6eN_5nFtIx3jdcy_80_DX162_DY162_CX81_CY29.png" />
      <file href="presentation_content/5dLr91OO6eN_5oGLebizrGi_80_DX1012_DY1012.swf" />
      <file href="mobile/5dLr91OO6eN_5oGLebizrGi_80_DX1012_DY1012_CX506_CY197.png" />
      <file href="presentation_content/5dLr91OO6eN_6AK4FTyULl6_80_DX162_DY162.swf" />
      <file href="mobile/5dLr91OO6eN_6AK4FTyULl6_80_DX162_DY162_CX81_CY29.png" />
      <file href="presentation_content/5dLr91OO6eN_5beKXlSZXYd_80_DX162_DY162.swf" />
      <file href="mobile/5dLr91OO6eN_5beKXlSZXYd_80_DX162_DY162_CX81_CY29.png" />
      <file href="presentation_content/5dLr91OO6eN_6J1HpIPtzvI_80_DX1012_DY1012.swf" />
      <file href="mobile/5dLr91OO6eN_6J1HpIPtzvI_80_DX1012_DY1012_CX506_CY197.png" />
      <file href="presentation_content/5dLr91OO6eN_6856j4eSzBi_80_DX162_DY162.swf" />
      <file href="mobile/5dLr91OO6eN_6856j4eSzBi_80_DX162_DY162_CX81_CY29.png" />
      <file href="presentation_content/5dLr91OO6eN_5qoFv7JwQ4H_80_DX162_DY162.swf" />
      <file href="mobile/5dLr91OO6eN_5qoFv7JwQ4H_80_DX162_DY162_CX81_CY29.png" />
      <file href="presentation_content/5dLr91OO6eN_6QEBLQyuuy4_80_DX1012_DY1012.swf" />
      <file href="mobile/5dLr91OO6eN_6QEBLQyuuy4_80_DX1012_DY1012_CX506_CY197.png" />
      <file href="presentation_content/5dLr91OO6eN_5m8Hmb53ary_80_DX162_DY162.swf" />
      <file href="mobile/5dLr91OO6eN_5m8Hmb53ary_80_DX162_DY162_CX81_CY29.png" />
      <file href="presentation_content/5dLr91OO6eN_5iEpe2JDf0K_80_DX162_DY162.swf" />
      <file href="mobile/5dLr91OO6eN_5iEpe2JDf0K_80_DX162_DY162_CX81_CY29.png" />
      <file href="presentation_content/5dLr91OO6eN_6Iu2hcvFSiP_80_DX1012_DY1012.swf" />
      <file href="mobile/5dLr91OO6eN_6Iu2hcvFSiP_80_DX1012_DY1012_CX506_CY197.png" />
      <file href="presentation_content/5dLr91OO6eN_65abulasQ2q_80_DX162_DY162.swf" />
      <file href="mobile/5dLr91OO6eN_65abulasQ2q_80_DX162_DY162_CX81_CY29.png" />
      <file href="presentation_content/5dLr91OO6eN_5kdPTmYD4jI_80_DX162_DY162.swf" />
      <file href="mobile/5dLr91OO6eN_5kdPTmYD4jI_80_DX162_DY162_CX81_CY29.png" />
      <file href="presentation_content/5dLr91OO6eN_5Y06qnLKa8o_80_DX1012_DY1012.swf" />
      <file href="mobile/5dLr91OO6eN_5Y06qnLKa8o_80_DX1012_DY1012_CX506_CY197.png" />
      <file href="presentation_content/5dLr91OO6eN_5wEUiKcbgGF_80_DX162_DY162.swf" />
      <file href="mobile/5dLr91OO6eN_5wEUiKcbgGF_80_DX162_DY162_CX81_CY29.png" />
      <file href="presentation_content/5dLr91OO6eN_6nGStRi4JL0_80_DX162_DY162.swf" />
      <file href="mobile/5dLr91OO6eN_6nGStRi4JL0_80_DX162_DY162_CX81_CY29.png" />
      <file href="presentation_content/5dLr91OO6eN_5xcxEKEnTBo_80_DX1012_DY1012.swf" />
      <file href="mobile/5dLr91OO6eN_5xcxEKEnTBo_80_DX1012_DY1012_CX506_CY197.png" />
      <file href="presentation_content/5dLr91OO6eN_6kaAIWTQi9C_80_DX162_DY162.swf" />
      <file href="mobile/5dLr91OO6eN_6kaAIWTQi9C_80_DX162_DY162_CX81_CY29.png" />
      <file href="presentation_content/5dLr91OO6eN_6V9v2q1I3ml_80_DX162_DY162.swf" />
      <file href="mobile/5dLr91OO6eN_6V9v2q1I3ml_80_DX162_DY162_CX81_CY29.png" />
      <file href="presentation_content/5dLr91OO6eN_5ipHDbsyaha_80_DX1012_DY1012.swf" />
      <file href="mobile/5dLr91OO6eN_5ipHDbsyaha_80_DX1012_DY1012_CX506_CY197.png" />
      <file href="presentation_content/5dLr91OO6eN_5f1rECYpHkE_80_DX162_DY162.swf" />
      <file href="mobile/5dLr91OO6eN_5f1rECYpHkE_80_DX162_DY162_CX81_CY29.png" />
      <file href="presentation_content/5dLr91OO6eN_5xos5elwKwU_80_DX162_DY162.swf" />
      <file href="mobile/5dLr91OO6eN_5xos5elwKwU_80_DX162_DY162_CX81_CY29.png" />
      <file href="presentation_content/5dLr91OO6eN_660LADQpBp4_80_DX1012_DY1012.swf" />
      <file href="mobile/5dLr91OO6eN_660LADQpBp4_80_DX1012_DY1012_CX506_CY197.png" />
      <file href="presentation_content/5dLr91OO6eN_6FN9hLNXjym_80_DX162_DY162.swf" />
      <file href="mobile/5dLr91OO6eN_6FN9hLNXjym_80_DX162_DY162_CX81_CY29.png" />
      <file href="presentation_content/5dLr91OO6eN_6CvV2oJ33zM_80_DX162_DY162.swf" />
      <file href="mobile/5dLr91OO6eN_6CvV2oJ33zM_80_DX162_DY162_CX81_CY29.png" />
      <file href="presentation_content/5dLr91OO6eN_5VSK3mFDpnQ_80_DX1012_DY1012.swf" />
      <file href="mobile/5dLr91OO6eN_5VSK3mFDpnQ_80_DX1012_DY1012_CX506_CY197.png" />
      <file href="presentation_content/5dLr91OO6eN_5tgDBwW5OJw_80_DX162_DY162.swf" />
      <file href="mobile/5dLr91OO6eN_5tgDBwW5OJw_80_DX162_DY162_CX81_CY29.png" />
      <file href="presentation_content/5dLr91OO6eN_65mMnFjUEIM_80_DX162_DY162.swf" />
      <file href="mobile/5dLr91OO6eN_65mMnFjUEIM_80_DX162_DY162_CX81_CY29.png" />
      <file href="presentation_content/5dLr91OO6eN_6qWk6alJQAd_80_DX1012_DY1012.swf" />
      <file href="mobile/5dLr91OO6eN_6qWk6alJQAd_80_DX1012_DY1012_CX506_CY197.png" />
      <file href="presentation_content/5dLr91OO6eN_sl272shp3_80_DX114_DY114.swf" />
      <file href="mobile/5dLr91OO6eN_sl272shp3_80_DX114_DY114_CX57_CY38.png" />
      <file href="presentation_content/5dLr91OO6eN_sl272shp4_80_DX284_DY284.swf" />
      <file href="mobile/5dLr91OO6eN_sl272shp4_80_DX284_DY284_CX142_CY63.png" />
      <file href="presentation_content/5dLr91OO6eN_sl272shp5_80_DX284_DY284.swf" />
      <file href="mobile/5dLr91OO6eN_sl272shp5_80_DX284_DY284_CX142_CY63.png" />
      <file href="presentation_content/5dLr91OO6eN_sl272shp6_80_DX284_DY284.swf" />
      <file href="mobile/5dLr91OO6eN_sl272shp6_80_DX284_DY284_CX142_CY63.png" />
      <file href="presentation_content/5dLr91OO6eN_sl272shp7_80_DX160_DY160.swf" />
      <file href="mobile/5dLr91OO6eN_sl272shp7_80_DX160_DY160_CX80_CY7.png" />
      <file href="presentation_content/5dLr91OO6eN_sl272shp8_80_DX284_DY284.swf" />
      <file href="mobile/5dLr91OO6eN_sl272shp8_80_DX284_DY284_CX142_CY63.png" />
      <file href="presentation_content/5dLr91OO6eN_sl272shp9_80_DX148_DY148.swf" />
      <file href="mobile/5dLr91OO6eN_sl272shp9_80_DX148_DY148_CX74_CY23.png" />
      <file href="presentation_content/5dLr91OO6eN_sl272shp10_80_DX176_DY176.swf" />
      <file href="mobile/5dLr91OO6eN_sl272shp10_80_DX176_DY176_CX88_CY19.png" />
      <file href="presentation_content/5dLr91OO6eN_sl272shp12_80_DX134_DY134.swf" />
      <file href="mobile/5dLr91OO6eN_sl272shp12_80_DX134_DY134_CX67_CY43.png" />
      <file href="presentation_content/5dLr91OO6eN_sl272shp14_80_DX134_DY134.swf" />
      <file href="mobile/5dLr91OO6eN_sl272shp14_80_DX134_DY134_CX67_CY17.png" />
      <file href="presentation_content/5dLr91OO6eN_5hMWGQDYZxG_80_DX162_DY162.swf" />
      <file href="mobile/5dLr91OO6eN_5hMWGQDYZxG_80_DX162_DY162_CX81_CY29.png" />
      <file href="presentation_content/5dLr91OO6eN_6BLsvBBUpSz_80_DX162_DY162.swf" />
      <file href="mobile/5dLr91OO6eN_6BLsvBBUpSz_80_DX162_DY162_CX81_CY29.png" />
      <file href="presentation_content/5dLr91OO6eN_5pQKDTsKnQY_80_DX1012_DY1012.swf" />
      <file href="mobile/5dLr91OO6eN_5pQKDTsKnQY_80_DX1012_DY1012_CX506_CY197.png" />
      <file href="presentation_content/5dLr91OO6eN_6SzP3YwMelY_80_DX162_DY162.swf" />
      <file href="mobile/5dLr91OO6eN_6SzP3YwMelY_80_DX162_DY162_CX81_CY29.png" />
      <file href="presentation_content/5dLr91OO6eN_6MwslIxFTfC_80_DX162_DY162.swf" />
      <file href="mobile/5dLr91OO6eN_6MwslIxFTfC_80_DX162_DY162_CX81_CY29.png" />
      <file href="presentation_content/5dLr91OO6eN_5fpZKRmqx9l_80_DX1012_DY1012.swf" />
      <file href="mobile/5dLr91OO6eN_5fpZKRmqx9l_80_DX1012_DY1012_CX506_CY197.png" />
      <file href="presentation_content/5dLr91OO6eN_69wlAbmpT5A_80_DX162_DY162.swf" />
      <file href="mobile/5dLr91OO6eN_69wlAbmpT5A_80_DX162_DY162_CX81_CY29.png" />
      <file href="presentation_content/5dLr91OO6eN_5mz3NQjjGmu_80_DX162_DY162.swf" />
      <file href="mobile/5dLr91OO6eN_5mz3NQjjGmu_80_DX162_DY162_CX81_CY29.png" />
      <file href="presentation_content/5dLr91OO6eN_5YZxvTRzgMj_80_DX1012_DY1012.swf" />
      <file href="mobile/5dLr91OO6eN_5YZxvTRzgMj_80_DX1012_DY1012_CX506_CY197.png" />
      <file href="presentation_content/5dLr91OO6eN_6Sq3jfHxP3n_80_DX162_DY162.swf" />
      <file href="mobile/5dLr91OO6eN_6Sq3jfHxP3n_80_DX162_DY162_CX81_CY29.png" />
      <file href="presentation_content/5dLr91OO6eN_5gOpGDQsIQR_80_DX162_DY162.swf" />
      <file href="mobile/5dLr91OO6eN_5gOpGDQsIQR_80_DX162_DY162_CX81_CY29.png" />
      <file href="presentation_content/5dLr91OO6eN_6iwrD1YnbBy_80_DX1012_DY1012.swf" />
      <file href="mobile/5dLr91OO6eN_6iwrD1YnbBy_80_DX1012_DY1012_CX506_CY197.png" />
      <file href="presentation_content/5dLr91OO6eN_6RaVAVo4ywR_80_DX162_DY162.swf" />
      <file href="mobile/5dLr91OO6eN_6RaVAVo4ywR_80_DX162_DY162_CX81_CY29.png" />
      <file href="presentation_content/5dLr91OO6eN_6G7wSeS6EHM_80_DX162_DY162.swf" />
      <file href="mobile/5dLr91OO6eN_6G7wSeS6EHM_80_DX162_DY162_CX81_CY29.png" />
      <file href="presentation_content/5dLr91OO6eN_6DmEb6Pyqa3_80_DX1012_DY1012.swf" />
      <file href="mobile/5dLr91OO6eN_6DmEb6Pyqa3_80_DX1012_DY1012_CX506_CY197.png" />
      <file href="presentation_content/5dLr91OO6eN_5VOAWcq1P7e_80_DX744_DY744.swf" />
      <file href="mobile/5dLr91OO6eN_5VOAWcq1P7e_80_DX744_DY744_CX372_CY308.png" />
      <file href="presentation_content/5dLr91OO6eN_6TAbf32JeTj_80_DX162_DY162.swf" />
      <file href="mobile/5dLr91OO6eN_6TAbf32JeTj_80_DX162_DY162_CX81_CY29.png" />
      <file href="presentation_content/5dLr91OO6eN_6eImIz6XkOJ_80_DX162_DY162.swf" />
      <file href="mobile/5dLr91OO6eN_6eImIz6XkOJ_80_DX162_DY162_CX81_CY29.png" />
      <file href="presentation_content/5dLr91OO6eN_5xBIjgPqA7f_80_DX1012_DY1012.swf" />
      <file href="mobile/5dLr91OO6eN_5xBIjgPqA7f_80_DX1012_DY1012_CX506_CY197.png" />
      <file href="presentation_content/5dLr91OO6eN_62TyCnThJuV_80_DX162_DY162.swf" />
      <file href="mobile/5dLr91OO6eN_62TyCnThJuV_80_DX162_DY162_CX81_CY29.png" />
      <file href="presentation_content/5dLr91OO6eN_6kv1DRNQUiw_80_DX162_DY162.swf" />
      <file href="mobile/5dLr91OO6eN_6kv1DRNQUiw_80_DX162_DY162_CX81_CY29.png" />
      <file href="presentation_content/5dLr91OO6eN_6R9k9Semd0h_80_DX1012_DY1012.swf" />
      <file href="mobile/5dLr91OO6eN_6R9k9Semd0h_80_DX1012_DY1012_CX506_CY197.png" />
      <file href="presentation_content/5dLr91OO6eN_6D9xdDZRgT8_80_DX162_DY162.swf" />
      <file href="mobile/5dLr91OO6eN_6D9xdDZRgT8_80_DX162_DY162_CX81_CY29.png" />
      <file href="presentation_content/5dLr91OO6eN_5exBJHeLhZq_80_DX162_DY162.swf" />
      <file href="mobile/5dLr91OO6eN_5exBJHeLhZq_80_DX162_DY162_CX81_CY29.png" />
      <file href="presentation_content/5dLr91OO6eN_6lh5ouiMe1b_80_DX1012_DY1012.swf" />
      <file href="mobile/5dLr91OO6eN_6lh5ouiMe1b_80_DX1012_DY1012_CX506_CY197.png" />
      <file href="presentation_content/5dLr91OO6eN_5bmENkTrAU1_80_DX162_DY162.swf" />
      <file href="mobile/5dLr91OO6eN_5bmENkTrAU1_80_DX162_DY162_CX81_CY29.png" />
      <file href="presentation_content/5dLr91OO6eN_65eoxQZ7hE0_80_DX162_DY162.swf" />
      <file href="mobile/5dLr91OO6eN_65eoxQZ7hE0_80_DX162_DY162_CX81_CY29.png" />
      <file href="presentation_content/5dLr91OO6eN_6fzbU2rfe51_80_DX1012_DY1012.swf" />
      <file href="mobile/5dLr91OO6eN_6fzbU2rfe51_80_DX1012_DY1012_CX506_CY197.png" />
      <file href="presentation_content/5dLr91OO6eN_6qTLav9rjKq_80_DX162_DY162.swf" />
      <file href="mobile/5dLr91OO6eN_6qTLav9rjKq_80_DX162_DY162_CX81_CY29.png" />
      <file href="presentation_content/5dLr91OO6eN_6Ho1ChDA5ZK_80_DX162_DY162.swf" />
      <file href="mobile/5dLr91OO6eN_6Ho1ChDA5ZK_80_DX162_DY162_CX81_CY29.png" />
      <file href="presentation_content/5dLr91OO6eN_65tfCRRHNc8_80_DX1012_DY1012.swf" />
      <file href="mobile/5dLr91OO6eN_65tfCRRHNc8_80_DX1012_DY1012_CX506_CY197.png" />
      <file href="presentation_content/5dLr91OO6eN_sl304shp14_80_DX130_DY130.swf" />
      <file href="mobile/5dLr91OO6eN_sl304shp14_80_DX130_DY130_CX65_CY53.png" />
      <file href="presentation_content/5dLr91OO6eN_sl304shp15_80_DX130_DY130.swf" />
      <file href="mobile/5dLr91OO6eN_sl304shp15_80_DX130_DY130_CX65_CY53.png" />
      <file href="presentation_content/5dLr91OO6eN_sl304shp16_80_DX114_DY114.swf" />
      <file href="mobile/5dLr91OO6eN_sl304shp16_80_DX114_DY114_CX57_CY53.png" />
      <file href="presentation_content/5dLr91OO6eN_sl304shp17_80_DX128_DY128.swf" />
      <file href="mobile/5dLr91OO6eN_sl304shp17_80_DX128_DY128_CX64_CY51.png" />
      <file href="presentation_content/5dLr91OO6eN_5n4Mo9o6QtZ_80_DX162_DY162.swf" />
      <file href="mobile/5dLr91OO6eN_5n4Mo9o6QtZ_80_DX162_DY162_CX81_CY29.png" />
      <file href="presentation_content/5dLr91OO6eN_6E2eI0LqlwM_80_DX162_DY162.swf" />
      <file href="mobile/5dLr91OO6eN_6E2eI0LqlwM_80_DX162_DY162_CX81_CY29.png" />
      <file href="presentation_content/5dLr91OO6eN_5ZfBH8Gruh4_80_DX1012_DY1012.swf" />
      <file href="mobile/5dLr91OO6eN_5ZfBH8Gruh4_80_DX1012_DY1012_CX506_CY197.png" />
      <file href="presentation_content/5dLr91OO6eN_6aCoEv5oV3C_80_DX162_DY162.swf" />
      <file href="mobile/5dLr91OO6eN_6aCoEv5oV3C_80_DX162_DY162_CX81_CY29.png" />
      <file href="presentation_content/5dLr91OO6eN_6W68R5IL0Dd_80_DX162_DY162.swf" />
      <file href="mobile/5dLr91OO6eN_6W68R5IL0Dd_80_DX162_DY162_CX81_CY29.png" />
      <file href="presentation_content/5dLr91OO6eN_6QCKVRn2wHK_80_DX1012_DY1012.swf" />
      <file href="mobile/5dLr91OO6eN_6QCKVRn2wHK_80_DX1012_DY1012_CX506_CY197.png" />
      <file href="presentation_content/5dLr91OO6eN_5gjA5PHkjcc_80_DX162_DY162.swf" />
      <file href="mobile/5dLr91OO6eN_5gjA5PHkjcc_80_DX162_DY162_CX81_CY29.png" />
      <file href="presentation_content/5dLr91OO6eN_6U6vFOn2kPo_80_DX162_DY162.swf" />
      <file href="mobile/5dLr91OO6eN_6U6vFOn2kPo_80_DX162_DY162_CX81_CY29.png" />
      <file href="presentation_content/5dLr91OO6eN_6jq34hoRWKt_80_DX1012_DY1012.swf" />
      <file href="mobile/5dLr91OO6eN_6jq34hoRWKt_80_DX1012_DY1012_CX506_CY197.png" />
      <file href="presentation_content/5dLr91OO6eN_5W9WKNuNIwH_80_DX162_DY162.swf" />
      <file href="mobile/5dLr91OO6eN_5W9WKNuNIwH_80_DX162_DY162_CX81_CY29.png" />
      <file href="presentation_content/5dLr91OO6eN_6qqaNegjjxf_80_DX162_DY162.swf" />
      <file href="mobile/5dLr91OO6eN_6qqaNegjjxf_80_DX162_DY162_CX81_CY29.png" />
      <file href="presentation_content/5dLr91OO6eN_6UdQ0QW1UlZ_80_DX1012_DY1012.swf" />
      <file href="mobile/5dLr91OO6eN_6UdQ0QW1UlZ_80_DX1012_DY1012_CX506_CY197.png" />
      <file href="presentation_content/5dLr91OO6eN_5ewG3uH0eQm_80_DX162_DY162.swf" />
      <file href="mobile/5dLr91OO6eN_5ewG3uH0eQm_80_DX162_DY162_CX81_CY29.png" />
      <file href="presentation_content/5dLr91OO6eN_5WJY1ZFeZfr_80_DX162_DY162.swf" />
      <file href="mobile/5dLr91OO6eN_5WJY1ZFeZfr_80_DX162_DY162_CX81_CY29.png" />
      <file href="presentation_content/5dLr91OO6eN_5wzgI7TJqkV_80_DX1012_DY1012.swf" />
      <file href="mobile/5dLr91OO6eN_5wzgI7TJqkV_80_DX1012_DY1012_CX506_CY197.png" />
      <file href="presentation_content/5dLr91OO6eN_6cuSMWhnkXK_80_DX162_DY162.swf" />
      <file href="mobile/5dLr91OO6eN_6cuSMWhnkXK_80_DX162_DY162_CX81_CY29.png" />
      <file href="presentation_content/5dLr91OO6eN_5slzjGryBR9_80_DX162_DY162.swf" />
      <file href="mobile/5dLr91OO6eN_5slzjGryBR9_80_DX162_DY162_CX81_CY29.png" />
      <file href="presentation_content/5dLr91OO6eN_5m5aTPbg0J2_80_DX1012_DY1012.swf" />
      <file href="mobile/5dLr91OO6eN_5m5aTPbg0J2_80_DX1012_DY1012_CX506_CY197.png" />
      <file href="presentation_content/5dLr91OO6eN_sl306shp3_80_DX228_DY228.swf" />
      <file href="mobile/5dLr91OO6eN_sl306shp3_80_DX228_DY228_CX114_CY59.png" />
      <file href="presentation_content/5dLr91OO6eN_sl306shp4_80_DX246_DY246.swf" />
      <file href="mobile/5dLr91OO6eN_sl306shp4_80_DX246_DY246_CX123_CY59.png" />
      <file href="presentation_content/5dLr91OO6eN_sl306shp5_80_DX248_DY248.swf" />
      <file href="mobile/5dLr91OO6eN_sl306shp5_80_DX248_DY248_CX124_CY59.png" />
      <file href="presentation_content/5dLr91OO6eN_sl306shp6_80_DX230_DY230.swf" />
      <file href="mobile/5dLr91OO6eN_sl306shp6_80_DX230_DY230_CX115_CY59.png" />
      <file href="presentation_content/5dLr91OO6eN_sl306shp7_80_DX212_DY212.swf" />
      <file href="mobile/5dLr91OO6eN_sl306shp7_80_DX212_DY212_CX106_CY59.png" />
      <file href="presentation_content/5dLr91OO6eN_sl306shp9_80_DX228_DY228.swf" />
      <file href="mobile/5dLr91OO6eN_sl306shp9_80_DX228_DY228_CX114_CY59.png" />
      <file href="presentation_content/5dLr91OO6eN_sl306shp12_80_DX546_DY546.swf" />
      <file href="mobile/5dLr91OO6eN_sl306shp12_80_DX546_DY546_CX273_CY224.png" />
      <file href="presentation_content/5dLr91OO6eN_sl306shp13_80_DX350_DY350.swf" />
      <file href="mobile/5dLr91OO6eN_sl306shp13_80_DX350_DY350_CX175_CY172.png" />
      <file href="presentation_content/5dLr91OO6eN_sl306shp23_80_DX56_DY56.swf" />
      <file href="mobile/5dLr91OO6eN_sl306shp23_80_DX56_DY56_CX26_CY28.png" />
      <file href="presentation_content/5dLr91OO6eN_sl306shp24_80_DX58_DY58.swf" />
      <file href="mobile/5dLr91OO6eN_sl306shp24_80_DX58_DY58_CX29_CY21.png" />
      <file href="presentation_content/5dLr91OO6eN_sl306shp25_80_DX70_DY70.swf" />
      <file href="mobile/5dLr91OO6eN_sl306shp25_80_DX70_DY70_CX26_CY35.png" />
      <file href="presentation_content/5dLr91OO6eN_sl306shp26_80_DX64_DY64.swf" />
      <file href="mobile/5dLr91OO6eN_sl306shp26_80_DX64_DY64_CX32_CY25.png" />
      <file href="presentation_content/5dLr91OO6eN_sl306shp27_80_DX58_DY58.swf" />
      <file href="mobile/5dLr91OO6eN_sl306shp27_80_DX58_DY58_CX29_CY21.png" />
      <file href="presentation_content/5dLr91OO6eN_sl306shp28_80_DX58_DY58.swf" />
      <file href="mobile/5dLr91OO6eN_sl306shp28_80_DX58_DY58_CX29_CY8.png" />
      <file href="presentation_content/5dLr91OO6eN_5l5eclhd6s4_80_DX162_DY162.swf" />
      <file href="mobile/5dLr91OO6eN_5l5eclhd6s4_80_DX162_DY162_CX81_CY29.png" />
      <file href="presentation_content/5dLr91OO6eN_6IuC9ExoJCR_80_DX162_DY162.swf" />
      <file href="mobile/5dLr91OO6eN_6IuC9ExoJCR_80_DX162_DY162_CX81_CY29.png" />
      <file href="presentation_content/5dLr91OO6eN_6mSsdribVh3_80_DX1012_DY1012.swf" />
      <file href="mobile/5dLr91OO6eN_6mSsdribVh3_80_DX1012_DY1012_CX506_CY197.png" />
      <file href="presentation_content/5dLr91OO6eN_5hVgXrDK5tC_80_DX162_DY162.swf" />
      <file href="mobile/5dLr91OO6eN_5hVgXrDK5tC_80_DX162_DY162_CX81_CY29.png" />
      <file href="presentation_content/5dLr91OO6eN_6SZnHgNRWTY_80_DX162_DY162.swf" />
      <file href="mobile/5dLr91OO6eN_6SZnHgNRWTY_80_DX162_DY162_CX81_CY29.png" />
      <file href="presentation_content/5dLr91OO6eN_6InAbAlUkN5_80_DX1012_DY1012.swf" />
      <file href="mobile/5dLr91OO6eN_6InAbAlUkN5_80_DX1012_DY1012_CX506_CY197.png" />
      <file href="presentation_content/5dLr91OO6eN_67kjxYLjbKS_80_DX162_DY162.swf" />
      <file href="mobile/5dLr91OO6eN_67kjxYLjbKS_80_DX162_DY162_CX81_CY29.png" />
      <file href="presentation_content/5dLr91OO6eN_5rTqgbaEybK_80_DX162_DY162.swf" />
      <file href="mobile/5dLr91OO6eN_5rTqgbaEybK_80_DX162_DY162_CX81_CY29.png" />
      <file href="presentation_content/5dLr91OO6eN_6GAtfnQl2sC_80_DX1012_DY1012.swf" />
      <file href="mobile/5dLr91OO6eN_6GAtfnQl2sC_80_DX1012_DY1012_CX506_CY197.png" />
      <file href="presentation_content/5dLr91OO6eN_5k9OAwVvcDJ_80_DX162_DY162.swf" />
      <file href="mobile/5dLr91OO6eN_5k9OAwVvcDJ_80_DX162_DY162_CX81_CY29.png" />
      <file href="presentation_content/5dLr91OO6eN_6EGBBCA5In1_80_DX162_DY162.swf" />
      <file href="mobile/5dLr91OO6eN_6EGBBCA5In1_80_DX162_DY162_CX81_CY29.png" />
      <file href="presentation_content/5dLr91OO6eN_6IzgqEKnaYN_80_DX1012_DY1012.swf" />
      <file href="mobile/5dLr91OO6eN_6IzgqEKnaYN_80_DX1012_DY1012_CX506_CY197.png" />
      <file href="presentation_content/5dLr91OO6eN_6gzOcN9XSke_80_DX162_DY162.swf" />
      <file href="mobile/5dLr91OO6eN_6gzOcN9XSke_80_DX162_DY162_CX81_CY29.png" />
      <file href="presentation_content/5dLr91OO6eN_5dWH6JZjYzl_80_DX162_DY162.swf" />
      <file href="mobile/5dLr91OO6eN_5dWH6JZjYzl_80_DX162_DY162_CX81_CY29.png" />
      <file href="presentation_content/5dLr91OO6eN_5amtA9PHfit_80_DX1012_DY1012.swf" />
      <file href="mobile/5dLr91OO6eN_5amtA9PHfit_80_DX1012_DY1012_CX506_CY197.png" />
      <file href="presentation_content/5dLr91OO6eN_sl278shp20_80_DX270_DY270.swf" />
      <file href="mobile/5dLr91OO6eN_sl278shp20_80_DX270_DY270_CX135_CY51.png" />
      <file href="presentation_content/5dLr91OO6eN_sl278shp22_80_DX258_DY258.swf" />
      <file href="mobile/5dLr91OO6eN_sl278shp22_80_DX258_DY258_CX129_CY51.png" />
      <file href="presentation_content/5dLr91OO6eN_sl278shp23_80_DX244_DY244.swf" />
      <file href="mobile/5dLr91OO6eN_sl278shp23_80_DX244_DY244_CX122_CY50.png" />
      <file href="presentation_content/5dLr91OO6eN_sl278shp24_80_DX198_DY198.swf" />
      <file href="mobile/5dLr91OO6eN_sl278shp24_80_DX198_DY198_CX99_CY51.png" />
      <file href="presentation_content/5dLr91OO6eN_5tuli8EkIrx_80_DX162_DY162.swf" />
      <file href="mobile/5dLr91OO6eN_5tuli8EkIrx_80_DX162_DY162_CX81_CY29.png" />
      <file href="presentation_content/5dLr91OO6eN_5VUAzrjHAbO_80_DX162_DY162.swf" />
      <file href="mobile/5dLr91OO6eN_5VUAzrjHAbO_80_DX162_DY162_CX81_CY29.png" />
      <file href="presentation_content/5dLr91OO6eN_6abWTtMek6K_80_DX1012_DY1012.swf" />
      <file href="mobile/5dLr91OO6eN_6abWTtMek6K_80_DX1012_DY1012_CX506_CY197.png" />
      <file href="presentation_content/5dLr91OO6eN_6nHctNud5RT_80_DX162_DY162.swf" />
      <file href="mobile/5dLr91OO6eN_6nHctNud5RT_80_DX162_DY162_CX81_CY29.png" />
      <file href="presentation_content/5dLr91OO6eN_5uqcs5SMCpt_80_DX162_DY162.swf" />
      <file href="mobile/5dLr91OO6eN_5uqcs5SMCpt_80_DX162_DY162_CX81_CY29.png" />
      <file href="presentation_content/5dLr91OO6eN_5m7vjOBRNSN_80_DX1012_DY1012.swf" />
      <file href="mobile/5dLr91OO6eN_5m7vjOBRNSN_80_DX1012_DY1012_CX506_CY197.png" />
      <file href="presentation_content/5dLr91OO6eN_5dG7GG5AVpI_80_DX162_DY162.swf" />
      <file href="mobile/5dLr91OO6eN_5dG7GG5AVpI_80_DX162_DY162_CX81_CY29.png" />
      <file href="presentation_content/5dLr91OO6eN_6LiBGz2wndt_80_DX162_DY162.swf" />
      <file href="mobile/5dLr91OO6eN_6LiBGz2wndt_80_DX162_DY162_CX81_CY29.png" />
      <file href="presentation_content/5dLr91OO6eN_5XJv9ECjeUp_80_DX1012_DY1012.swf" />
      <file href="mobile/5dLr91OO6eN_5XJv9ECjeUp_80_DX1012_DY1012_CX506_CY197.png" />
      <file href="presentation_content/5dLr91OO6eN_6KiV0O9v2HW_80_DX162_DY162.swf" />
      <file href="mobile/5dLr91OO6eN_6KiV0O9v2HW_80_DX162_DY162_CX81_CY29.png" />
      <file href="presentation_content/5dLr91OO6eN_5prPfQ4dh9B_80_DX162_DY162.swf" />
      <file href="mobile/5dLr91OO6eN_5prPfQ4dh9B_80_DX162_DY162_CX81_CY29.png" />
      <file href="presentation_content/5dLr91OO6eN_6J4oU2G7LGA_80_DX1012_DY1012.swf" />
      <file href="mobile/5dLr91OO6eN_6J4oU2G7LGA_80_DX1012_DY1012_CX506_CY197.png" />
      <file href="presentation_content/5dLr91OO6eN_5qMzAB59s2d_80_DX162_DY162.swf" />
      <file href="mobile/5dLr91OO6eN_5qMzAB59s2d_80_DX162_DY162_CX81_CY29.png" />
      <file href="presentation_content/5dLr91OO6eN_5kZL0kr88nd_80_DX162_DY162.swf" />
      <file href="mobile/5dLr91OO6eN_5kZL0kr88nd_80_DX162_DY162_CX81_CY29.png" />
      <file href="presentation_content/5dLr91OO6eN_5YSQnonYWbs_80_DX1012_DY1012.swf" />
      <file href="mobile/5dLr91OO6eN_5YSQnonYWbs_80_DX1012_DY1012_CX506_CY197.png" />
      <file href="presentation_content/5dLr91OO6eN_sl315shp10_80_DX124_DY124.swf" />
      <file href="mobile/5dLr91OO6eN_sl315shp10_80_DX124_DY124_CX62_CY14.png" />
      <file href="presentation_content/5dLr91OO6eN_sl315shp11_80_DX124_DY124.swf" />
      <file href="mobile/5dLr91OO6eN_sl315shp11_80_DX124_DY124_CX62_CY14.png" />
      <file href="presentation_content/5dLr91OO6eN_sl315shp12_80_DX158_DY158.swf" />
      <file href="mobile/5dLr91OO6eN_sl315shp12_80_DX158_DY158_CX79_CY14.png" />
      <file href="presentation_content/5dLr91OO6eN_sl315shp13_80_DX124_DY124.swf" />
      <file href="mobile/5dLr91OO6eN_sl315shp13_80_DX124_DY124_CX62_CY14.png" />
      <file href="presentation_content/5dLr91OO6eN_sl315shp14_80_DX124_DY124.swf" />
      <file href="mobile/5dLr91OO6eN_sl315shp14_80_DX124_DY124_CX62_CY14.png" />
      <file href="presentation_content/5dLr91OO6eN_sl315shp15_80_DX158_DY158.swf" />
      <file href="mobile/5dLr91OO6eN_sl315shp15_80_DX158_DY158_CX79_CY14.png" />
      <file href="presentation_content/5dLr91OO6eN_sl315shp16_80_DX98_DY98.swf" />
      <file href="mobile/5dLr91OO6eN_sl315shp16_80_DX98_DY98_CX49_CY15.png" />
      <file href="presentation_content/5dLr91OO6eN_sl315shp17_80_DX98_DY98.swf" />
      <file href="mobile/5dLr91OO6eN_sl315shp17_80_DX98_DY98_CX49_CY11.png" />
      <file href="presentation_content/5dLr91OO6eN_68qdRMjGZC4_80_DX162_DY162.swf" />
      <file href="mobile/5dLr91OO6eN_68qdRMjGZC4_80_DX162_DY162_CX81_CY29.png" />
      <file href="presentation_content/5dLr91OO6eN_6EjMnXnTTY5_80_DX162_DY162.swf" />
      <file href="mobile/5dLr91OO6eN_6EjMnXnTTY5_80_DX162_DY162_CX81_CY29.png" />
      <file href="presentation_content/5dLr91OO6eN_5eE0UozDOUx_80_DX1012_DY1012.swf" />
      <file href="mobile/5dLr91OO6eN_5eE0UozDOUx_80_DX1012_DY1012_CX506_CY197.png" />
      <file href="presentation_content/5dLr91OO6eN_6TOsYdZqLHY_80_DX162_DY162.swf" />
      <file href="mobile/5dLr91OO6eN_6TOsYdZqLHY_80_DX162_DY162_CX81_CY29.png" />
      <file href="presentation_content/5dLr91OO6eN_5XnxpElyJEs_80_DX162_DY162.swf" />
      <file href="mobile/5dLr91OO6eN_5XnxpElyJEs_80_DX162_DY162_CX81_CY29.png" />
      <file href="presentation_content/5dLr91OO6eN_612rmNgze9o_80_DX1012_DY1012.swf" />
      <file href="mobile/5dLr91OO6eN_612rmNgze9o_80_DX1012_DY1012_CX506_CY197.png" />
      <file href="presentation_content/5dLr91OO6eN_6nntnBGGvdL_80_DX162_DY162.swf" />
      <file href="mobile/5dLr91OO6eN_6nntnBGGvdL_80_DX162_DY162_CX81_CY29.png" />
      <file href="presentation_content/5dLr91OO6eN_5eO151r3I7y_80_DX162_DY162.swf" />
      <file href="mobile/5dLr91OO6eN_5eO151r3I7y_80_DX162_DY162_CX81_CY29.png" />
      <file href="presentation_content/5dLr91OO6eN_6eV8esvDKAY_80_DX1012_DY1012.swf" />
      <file href="mobile/5dLr91OO6eN_6eV8esvDKAY_80_DX1012_DY1012_CX506_CY197.png" />
      <file href="presentation_content/5dLr91OO6eN_6op4xGTTpIq_80_P_6_0_562_233_DX1138_DY1138.swf" />
      <file href="mobile/5dLr91OO6eN_6op4xGTTpIq_80_P_6_0_562_233_DX1138_DY1138_CX720_CY208.png" />
      <file href="presentation_content/5dLr91OO6eN_5hwiWXFVPvQ_80_DX162_DY162.swf" />
      <file href="mobile/5dLr91OO6eN_5hwiWXFVPvQ_80_DX162_DY162_CX81_CY29.png" />
      <file href="meta.xml" />
      <file href="mobile/6VgnHxJBWaQ.jpg" />
      <file href="presentation_content/logo.swf" />
      <file href="presentation_content/frame.xml" />
      <file href="presentation_content/frame.js" />
      <file href="presentation_content/user.js" />
      <file href="presentation_unsupported.html" />
      <file href="mobile/Slide5dLr91OO6eN_d1sm.jpg" />
      <file href="mobile/Slide5dLr91OO6eN_d2sm.jpg" />
      <file href="mobile/app_store.png" />
      <file href="mobile/linen_background.jpg" />
      <file href="mobile/mobile_icon.png" />
      <file href="mobile/player.css" />
      <file href="mobile/player_compiled.js" />
      <file href="presentation_content/fonts.swf" />
      <file href="mobile/fonts.js" />
      <file href="presentation.swf" />
      <file href="presentation_content/frame.swf" />
      <file href="presentation_content/slides/6JWoK2dFk4T.swf" />
      <file href="mobile/slides/6JWoK2dFk4T.js" />
      <file href="presentation_content/slides/6P0Rja2aVTB.swf" />
      <file href="mobile/slides/6P0Rja2aVTB.js" />
      <file href="presentation_content/slides/5tuo2lfMgMt.swf" />
      <file href="mobile/slides/5tuo2lfMgMt.js" />
      <file href="presentation_content/slides/69917s7cEGj.swf" />
      <file href="mobile/slides/69917s7cEGj.js" />
      <file href="presentation_content/slides/5boMB3GGgAP.swf" />
      <file href="mobile/slides/5boMB3GGgAP.js" />
      <file href="presentation_content/slides/5nvGv4fQoRa.swf" />
      <file href="mobile/slides/5nvGv4fQoRa.js" />
      <file href="presentation_content/slides/66ZsXZopsPp.swf" />
      <file href="mobile/slides/66ZsXZopsPp.js" />
      <file href="presentation_content/slides/6IFKxfOp3WI.swf" />
      <file href="mobile/slides/6IFKxfOp3WI.js" />
      <file href="presentation_content/slides/6cR49pXMIlL.swf" />
      <file href="mobile/slides/6cR49pXMIlL.js" />
      <file href="presentation_content/slides/6VoLwQxxpkK.swf" />
      <file href="mobile/slides/6VoLwQxxpkK.js" />
      <file href="presentation_content/slides/6agHcOVvpgm.swf" />
      <file href="mobile/slides/6agHcOVvpgm.js" />
      <file href="presentation_content/slides/6ZIIEmhIJf0.swf" />
      <file href="mobile/slides/6ZIIEmhIJf0.js" />
      <file href="presentation_content/slides/68rB9KZHH0r.swf" />
      <file href="mobile/slides/68rB9KZHH0r.js" />
      <file href="presentation_content/slides/6Jmbzrlt0Am.swf" />
      <file href="mobile/slides/6Jmbzrlt0Am.js" />
      <file href="presentation_content/slides/6qIy23qVYz4.swf" />
      <file href="mobile/slides/6qIy23qVYz4.js" />
      <file href="presentation_content/slides/6iN4gG33lw9.swf" />
      <file href="mobile/slides/6iN4gG33lw9.js" />
      <file href="presentation_content/slides/646ukx9X25x.swf" />
      <file href="mobile/slides/646ukx9X25x.js" />
      <file href="presentation_content/slides/5lJekBgWVma.swf" />
      <file href="mobile/slides/5lJekBgWVma.js" />
      <file href="presentation_content/slides/5jxLarOyq7B.swf" />
      <file href="mobile/slides/5jxLarOyq7B.js" />
      <file href="presentation_content/slides/5vzL1qOiw33.swf" />
      <file href="mobile/slides/5vzL1qOiw33.js" />
      <file href="presentation_content/slides/61UJSpM7QCf.swf" />
      <file href="mobile/slides/61UJSpM7QCf.js" />
      <file href="presentation_content/slides/6Rxuvot2efb.swf" />
      <file href="mobile/slides/6Rxuvot2efb.js" />
      <file href="presentation_content/slides/6PE5LclsBMp.swf" />
      <file href="mobile/slides/6PE5LclsBMp.js" />
      <file href="presentation_content/slides/6AywHBKlgTk.swf" />
      <file href="mobile/slides/6AywHBKlgTk.js" />
      <file href="presentation_content/slides/6ecxeaJGFhg.swf" />
      <file href="mobile/slides/6ecxeaJGFhg.js" />
      <file href="presentation_content/slides/5qWmhPo9vlU.swf" />
      <file href="mobile/slides/5qWmhPo9vlU.js" />
      <file href="presentation_content/slides/6PyoXF6oNsg.swf" />
      <file href="mobile/slides/6PyoXF6oNsg.js" />
      <file href="presentation_content/slides/5oRYF6e7EVV.swf" />
      <file href="mobile/slides/5oRYF6e7EVV.js" />
      <file href="presentation_content/slides/65l7yXLLxjh.swf" />
      <file href="mobile/slides/65l7yXLLxjh.js" />
      <file href="presentation_content/slides/5qGSW6PORqC.swf" />
      <file href="mobile/slides/5qGSW6PORqC.js" />
      <file href="presentation_content/slides/6pSAIhKwcht.swf" />
      <file href="mobile/slides/6pSAIhKwcht.js" />
      <file href="presentation_content/slides/5nAkTaZdiim.swf" />
      <file href="mobile/slides/5nAkTaZdiim.js" />
      <file href="presentation_content/slides/6IDN6oXp1pe.swf" />
      <file href="mobile/slides/6IDN6oXp1pe.js" />
      <file href="presentation_content/slides/6ZIwTAuzK22.swf" />
      <file href="mobile/slides/6ZIwTAuzK22.js" />
      <file href="presentation_content/slides/6Xtt9lUqfi7.swf" />
      <file href="mobile/slides/6Xtt9lUqfi7.js" />
      <file href="presentation_content/slides/6WGGhTtzAHa.swf" />
      <file href="mobile/slides/6WGGhTtzAHa.js" />
      <file href="presentation_content/slides/5kpiYBMtz85.swf" />
      <file href="mobile/slides/5kpiYBMtz85.js" />
      <file href="presentation_content/slides/5fF6aZewbzV.swf" />
      <file href="mobile/slides/5fF6aZewbzV.js" />
      <file href="presentation_content/slides/6MvgrxIaEUL.swf" />
      <file href="mobile/slides/6MvgrxIaEUL.js" />
      <file href="presentation_content/slides/6jUSumOxkTA.swf" />
      <file href="mobile/slides/6jUSumOxkTA.js" />
      <file href="presentation_content/slides/6n71qU9YaS7.swf" />
      <file href="mobile/slides/6n71qU9YaS7.js" />
      <file href="presentation_content/slides/6f0aFrq57hd.swf" />
      <file href="mobile/slides/6f0aFrq57hd.js" />
      <file href="presentation_content/slides/6Gj8YxjoM57.swf" />
      <file href="mobile/slides/6Gj8YxjoM57.js" />
      <file href="presentation_content/slides/5nTkYrbopI7.swf" />
      <file href="mobile/slides/5nTkYrbopI7.js" />
      <file href="presentation_content/slides/626OKQDkdQj.swf" />
      <file href="mobile/slides/626OKQDkdQj.js" />
      <file href="presentation_content/slides/6MZurJgGIFa.swf" />
      <file href="mobile/slides/6MZurJgGIFa.js" />
      <file href="presentation_content/slides/5eK71IlqKls.swf" />
      <file href="mobile/slides/5eK71IlqKls.js" />
      <file href="presentation_content/slides/60IH7NmXZsY.swf" />
      <file href="mobile/slides/60IH7NmXZsY.js" />
      <file href="presentation_content/slides/65TXEukTE4D.swf" />
      <file href="mobile/slides/65TXEukTE4D.js" />
      <file href="presentation_content/slides/5o1yeSsiduG.swf" />
      <file href="mobile/slides/5o1yeSsiduG.js" />
      <file href="presentation_content/slides/5vCXIpteHqc.swf" />
      <file href="mobile/slides/5vCXIpteHqc.js" />
      <file href="presentation_content/slides/5iwdU0g9n8r.swf" />
      <file href="mobile/slides/5iwdU0g9n8r.js" />
      <file href="presentation_content/data.swf" />
      <file href="mobile/data.js" />
      <file href="mobile/masks.js" />
      <file href="presentation.html" />
      <file href="presentation_html5.html" />
      <file href="index_lms_html5.html" />
      <file href="presentation_content/blank.html" />
      <file href="presentation_content/presentation.js" />
      <file href="index_lms.html" />
      <file href="lms/AICCComm.html" />
      <file href="lms/AICCFunctions.js" />
      <file href="lms/API.js" />
      <file href="lms/APIConstants.js" />
      <file href="lms/blank.html" />
      <file href="lms/browsersniff.js" />
      <file href="lms/Configuration.js" />
      <file href="lms/goodbye.html" />
      <file href="lms/lms.js" />
      <file href="lms/LMSAPI.js" />
      <file href="lms/NONEFunctions.js" />
      <file href="lms/SCORM2004Functions.js" />
      <file href="lms/SCORMFunctions.js" />
      <file href="lms/UtilityFunctions.js" />
    </resource>
  </resources>
</manifest>