<?xml version="1.0" encoding="utf-8"?><bwFrame xmlns:xsi="http://www.w3.org/2001/XMLSchema-instance" xmlns:xsd="http://www.w3.org/2001/XMLSchema" default_layout="pxnsnfns01001000010" textdirection="ltr" device="false" kbshortcuts="true" outputtype="ap"><layouts><layout name="pxnsnfns01001000010" font="Articulate" controllayout="pxnsnfns01001000010" colorscheme="pxnsnfns01001000010" string_table="pxnsnfns01001000010" /></layouts><control_options><optiongroups><optiongroup name="sidebaroptions"><options><option name="title_enabled" value="true"><options><option name="title_text" value="TypesOfTesting" /></options></option><option name="logo_enabled" value="true"><options><option name="logo_url" value="presentation_content/logo.swf"><properties><property name="width" value="218" /><property name="height" value="123" /></properties></option><option name="html5_logo_url" value="mobile/5xuHEkTJquA.jpg" /></options></option><option name="sidebar_enabled" value="true"><options><option name="sidebarpos" value="left" /></options></option><optionlist name="tabs"><listitems><listitem name="resources" value="false" group="linkright" /><listitem name="customlink" value="true" group="linkright"><properties><property name="title" value="Exit" /><property name="data" value="6B6ArYgYAeb" /><property name="ignoreSlideLock" value="true" /></properties></listitem><listitem name="outline" value="true" group="sidebar" /><listitem name="glossary" value="false" group="sidebar" /><listitem name="transcript" value="false" group="sidebar" /></listitems></optionlist><option name="time_enabled" value="false"><options><option name="time_format" value="totalelapsed" /></options></option><option name="info_enabled" value="false"><options><option name="default" value="default" /></options></option><option name="video_enabled" value="false"><options><option name="height" value="135" /></options></option></options></optiongroup><optiongroup name="menuoptions"><options><option name="flow" value="free" /><option name="wraplistitems" value="false" /><option name="tooltips" value="true" /><option name="autocollapse" value="true" /><option name="autonumber" value="true" /><option name="levelbehavior" value="reached" /><option name="levelrestriction" value="unrestricted" /><option name="enableresultsicons" value="false" /></options></optiongroup><optiongroup name="controls"><options><option name="volume" value="false" /><option name="seekbar" value="false"><options><option name="readonly" value="false" /></options></option><option name="search" value="true" /><option name="replay" value="false" /><option name="pauseplay" value="false" /><option name="enableKeyboardShortcuts" value="true" /><option name="elapsedandtotaltime" value="true" /><option name="use_fixed_output_size" value="true" /><option name="output_size_scale_percent" value="100" /></options></optiongroup><optiongroup name="bottombaroptions"><options><option name="bottombar_enabled" value="true" /></options></optiongroup></optiongroups></control_options><control_layouts><control_layout name="pxnsnfns01001000010"><control name="volume" enabled="false" /><control name="seekbar" enabled="false" /><control name="replay" enabled="false" /><control name="pauseplay" enabled="false" /><control name="logo" enabled="true" /><control name="previous" enabled="true" /><control name="next" enabled="true" /><control name="submit" enabled="false" /><control name="finish" enabled="false" /><control name="submitall" enabled="false" /><control name="resources" enabled="false" /><control name="glossary" enabled="false" /><control name="transcript" enabled="false" /><control name="outline" enabled="true"><controls><control name="search" enabled="true" /></controls></control><control name="close_btn" enabled="false" /></control_layout></control_layouts><colorschemes><colorscheme name="pxnsnfns01001000010"><color_group name="infopanel"><group_colors><color name="link_text"><fill type="linear" rotation="90"><colors><color rgb="0x7C2280" alpha="100" stop="0" /></colors></fill></color><color name="link_hover"><fill type="linear" rotation="90"><colors><color rgb="0x0000EE" alpha="100" stop="0" /></colors></fill></color><color name="bg"><fill type="linear" rotation="90"><colors><color rgb="0xFFFFFF" alpha="100" stop="0" /></colors></fill></color><color name="shadow"><fill type="linear" rotation="90"><colors><color rgb="0xB8B8B8" alpha="100" stop="0" /></colors></fill></color><color name="name_text"><fill type="linear" rotation="90"><colors><color rgb="0x444444" alpha="100" stop="0" /></colors></fill></color><color name="title_text"><fill type="linear" rotation="90"><colors><color rgb="0x999999" alpha="100" stop="0" /></colors></fill></color></group_colors></color_group><color_group name="infopanelpopup"><group_colors><color name="link_text"><fill type="linear" rotation="90"><colors><color rgb="0x7C2280" alpha="100" stop="0" /></colors></fill></color><color name="link_hover"><fill type="linear" rotation="90"><colors><color rgb="0x0000EE" alpha="100" stop="0" /></colors></fill></color><color name="bg"><fill type="linear" rotation="90"><colors><color rgb="0xE9E9E9" alpha="100" stop="0" /><color rgb="0xCFCFCF" alpha="100" stop="255" /></colors></fill></color><color name="shadow"><fill type="linear" rotation="90"><colors><color rgb="0xB8B8B8" alpha="100" stop="0" /></colors></fill></color><color name="name_text"><fill type="linear" rotation="90"><colors><color rgb="0x444444" alpha="100" stop="0" /></colors></fill></color><color name="bio_text"><fill type="linear" rotation="90"><colors><color rgb="0x999999" alpha="100" stop="0" /></colors></fill></color></group_colors></color_group><color_group name="timer"><group_colors><color name="duration"><fill type="linear" rotation="90"><colors><color rgb="0x00D7FF" alpha="100" stop="0" /><color rgb="0x00ABFF" alpha="100" stop="255" /></colors></fill></color><color name="elapsed"><fill type="linear" rotation="90"><colors><color rgb="0xFEE347" alpha="100" stop="0" /><color rgb="0xFCCC2A" alpha="100" stop="255" /></colors></fill></color><color name="stroke"><fill type="linear" rotation="90"><colors><color rgb="0xC7C7C7" alpha="100" stop="0" /></colors></fill></color><color name="inner"><fill type="linear" rotation="90"><colors><color rgb="0xFFFFFF" alpha="100" stop="0" /></colors></fill></color><color name="text"><fill type="linear" rotation="90"><colors><color rgb="0x555555" alpha="100" stop="0" /></colors></fill></color></group_colors></color_group><color_group name="window"><group_colors><color name="text"><fill type="linear" rotation="90"><colors><color rgb="0x555555" alpha="100" stop="0" /></colors></fill></color><color name="inner"><fill type="linear" rotation="90"><colors><color rgb="0xEAEAEA" alpha="100" stop="0" /><color rgb="0xCFCFCF" alpha="100" stop="255" /></colors></fill></color><color name="bg"><fill type="linear" rotation="90"><colors><color rgb="0xF3F3F3" alpha="100" stop="0" /></colors></fill></color><color name="diva"><fill type="linear" rotation="90"><colors><color rgb="0xF7F7F7" alpha="100" stop="0" /></colors></fill></color><color name="divb"><fill type="linear" rotation="90"><colors><color rgb="0xD3D3D3" alpha="100" stop="0" /></colors></fill></color><color name="shadow"><fill type="linear" rotation="90"><colors><color rgb="0x000000" alpha="20" stop="0" /></colors></fill></color></group_colors></color_group><color_group name="editor"><group_colors><color name="slide_text"><fill type="linear" rotation="90"><colors><color rgb="0x555555" alpha="100" stop="0" /></colors></fill></color><color name="html_text"><fill type="linear" rotation="90"><colors><color rgb="0x444444" alpha="100" stop="0" /></colors></fill></color><color name="btn_bg"><fill type="linear" rotation="90"><colors><color rgb="0xF5F5F5" alpha="100" stop="0" /><color rgb="0xC7C7C7" alpha="100" stop="255" /></colors></fill></color><color name="btn_hover"><fill type="linear" rotation="90"><colors><color rgb="0xF2F2F2" alpha="100" stop="0" /><color rgb="0xAFAFAF" alpha="100" stop="255" /></colors></fill></color><color name="btn_down"><fill type="linear" rotation="90"><colors><color rgb="0xC7C7C7" alpha="100" stop="0" /><color rgb="0xF4F4F4" alpha="100" stop="255" /></colors></fill></color><color name="btn_border"><fill type="linear" rotation="90"><colors><color rgb="0xB1B1B1" alpha="100" stop="0" /></colors></fill></color><color name="btn_text"><fill type="linear" rotation="90"><colors><color rgb="0x353535" alpha="100" stop="0" /></colors></fill></color><color name="btn_text_shadow"><fill type="linear" rotation="90"><colors><color rgb="0xF0F0F0" alpha="100" stop="0" /></colors></fill></color></group_colors></color_group><color_group name="listitem"><group_colors><color name="selected_text"><fill type="linear" rotation="90"><colors><color rgb="0x353535" alpha="100" stop="0" /></colors></fill></color><color name="lines"><fill type="linear" rotation="90"><colors><color rgb="0xDFDFDF" alpha="100" stop="0" /></colors></fill></color><color name="hover"><fill type="linear" rotation="90"><colors><color rgb="0xE6E6E6" alpha="100" stop="0" /></colors></fill></color><color name="viewed"><fill type="linear" rotation="90"><colors><color rgb="0x909090" alpha="100" stop="0" /></colors></fill></color><color name="text"><fill type="linear" rotation="90"><colors><color rgb="0x353535" alpha="100" stop="0" /></colors></fill></color><color name="selected"><fill type="linear" rotation="90"><colors><color rgb="0xC0E2F1" alpha="100" stop="0" /></colors></fill></color><color name="shadow"><fill type="linear" rotation="90"><colors><color rgb="0xFFFFFF" alpha="100" stop="0" /></colors></fill></color></group_colors></color_group><color_group name="base"><group_colors><color name="text"><fill type="linear" rotation="90"><colors><color rgb="0x555555" alpha="100" stop="0" /></colors></fill></color><color name="diva"><fill type="linear" rotation="90"><colors><color rgb="0xD3D3D3" alpha="100" stop="0" /></colors></fill></color><color name="divb"><fill type="linear" rotation="90"><colors><color rgb="0xF7F7F7" alpha="100" stop="0" /></colors></fill></color><color name="bg"><fill type="linear" rotation="90"><colors><color rgb="0xE9E9E9" alpha="100" stop="0" /><color rgb="0xCFCFCF" alpha="100" stop="255" /></colors></fill></color><color name="border"><fill type="linear" rotation="90"><colors><color rgb="0xE9E9E9" alpha="100" stop="0" /><color rgb="0xF3F3F3" alpha="100" stop="255" /></colors></fill></color><color name="menu_shade"><fill type="linear" rotation="90"><colors><color rgb="0xDBDBDB" alpha="100" stop="0" /><color rgb="0xC3C3C3" alpha="100" stop="255" /></colors></fill></color><color name="slide_bg"><fill type="linear" rotation="90"><colors><color rgb="0xE9E9E9" alpha="100" stop="0" /><color rgb="0xCFCFCF" alpha="100" stop="255" /></colors></fill></color></group_colors></color_group><color_group name="button"><group_colors><color name="btn_bg"><fill type="linear" rotation="90"><colors><color rgb="0xF5F5F5" alpha="100" stop="0" /><color rgb="0xC7C7C7" alpha="100" stop="255" /></colors></fill></color><color name="btn_hover"><fill type="linear" rotation="90"><colors><color rgb="0xF2F2F2" alpha="100" stop="0" /><color rgb="0xAFAFAF" alpha="100" stop="255" /></colors></fill></color><color name="btn_down"><fill type="linear" rotation="90"><colors><color rgb="0xC7C7C7" alpha="100" stop="0" /><color rgb="0xF4F4F4" alpha="100" stop="255" /></colors></fill></color><color name="btn_border"><fill type="linear" rotation="90"><colors><color rgb="0xB1B1B1" alpha="100" stop="0" /></colors></fill></color><color name="btn_text"><fill type="linear" rotation="90"><colors><color rgb="0x353535" alpha="100" stop="0" /></colors></fill></color><color name="btn_text_shadow"><fill type="linear" rotation="90"><colors><color rgb="0xF0F0F0" alpha="100" stop="0" /></colors></fill></color><color name="btn_icon_color"><fill type="linear" rotation="90"><colors><color rgb="0x353535" alpha="100" stop="0" /></colors></fill></color><color name="btn_glow"><fill type="linear" rotation="90"><colors><color rgb="0xCFCFCF" alpha="100" stop="0" /></colors></fill></color></group_colors></color_group><color_group name="checkbox"><group_colors><color name="border"><fill type="linear" rotation="90"><colors><color rgb="0xB8B8B8" alpha="100" stop="0" /></colors></fill></color><color name="bg"><fill type="linear" rotation="90"><colors><color rgb="0xFFFFFF" alpha="100" stop="0" /></colors></fill></color><color name="check"><fill type="linear" rotation="90"><colors><color rgb="0x33CC00" alpha="100" stop="0" /></colors></fill></color><color name="text"><fill type="linear" rotation="90"><colors><color rgb="0x444444" alpha="100" stop="0" /></colors></fill></color><color name="hover"><fill type="linear" rotation="90"><colors><color rgb="0x6BF8FF" alpha="100" stop="0" /></colors></fill></color></group_colors></color_group><color_group name="logo"><group_colors><color name="bg"><fill type="linear" rotation="90"><colors><color rgb="0xFFFFFF" alpha="100" stop="0" /></colors></fill></color><color name="shadow"><fill type="linear" rotation="90"><colors><color rgb="0xB8B8B8" alpha="100" stop="0" /></colors></fill></color></group_colors></color_group><color_group name="menu"><group_colors><color name="bg"><fill type="linear" rotation="90"><colors><color rgb="0xF3F3F3" alpha="100" stop="0" /></colors></fill></color><color name="shadow"><fill type="linear" rotation="90"><colors><color rgb="0xB8B8B8" alpha="100" stop="0" /></colors></fill></color></group_colors></color_group><color_group name="scrollarea"><group_colors><color name="bg"><fill type="linear" rotation="0"><colors><color rgb="0xDEDEDE" alpha="100" stop="0" /><color rgb="0xE8E8E8" alpha="100" stop="128" /></colors></fill></color><color name="border"><fill type="linear" rotation="90"><colors><color rgb="0xF6F6F6" alpha="100" stop="0" /><color rgb="0xF3F3F3" alpha="100" stop="255" /></colors></fill></color><color name="button_bg"><fill type="linear" rotation="90"><colors><color rgb="0xC4C4C4" alpha="100" stop="0" /><color rgb="0xB2B2B2" alpha="100" stop="255" /></colors></fill></color><color name="button_inner"><fill type="linear" rotation="90"><colors><color rgb="0xCBCBCB" alpha="100" stop="0" /><color rgb="0xBABABA" alpha="100" stop="255" /></colors></fill></color><color name="button_border"><fill type="linear" rotation="90"><colors><color rgb="0xB8B8B8" alpha="100" stop="0" /></colors></fill></color><color name="icons"><fill type="linear" rotation="90"><colors><color rgb="0x555555" alpha="100" stop="0" /></colors></fill></color><color name="shadow"><fill type="linear" rotation="90"><colors><color rgb="0xD9D9D9" alpha="100" stop="0" /></colors></fill></color><color name="detaila"><fill type="linear" rotation="90"><colors><color rgb="0xA7A7A7" alpha="100" stop="0" /></colors></fill></color><color name="detailb"><fill type="linear" rotation="90"><colors><color rgb="0xCFCFCF" alpha="100" stop="0" /></colors></fill></color></group_colors></color_group><color_group name="searchinput"><group_colors><color name="bg"><fill type="linear" rotation="90"><colors><color rgb="0xDFDFDF" alpha="100" stop="0" /></colors></fill></color><color name="border"><fill type="linear" rotation="90"><colors><color rgb="0xADADAD" alpha="100" stop="0" /><color rgb="0xFAFAFA" alpha="100" stop="255" /></colors></fill></color><color name="icon"><fill type="linear" rotation="90"><colors><color rgb="0x8A8A8A" alpha="100" stop="0" /></colors></fill></color><color name="button_hover"><fill type="linear" rotation="90"><colors><color rgb="0xF5F5F5" alpha="100" stop="0" /><color rgb="0xC7C7C7" alpha="100" stop="255" /></colors></fill></color><color name="hover_glow"><fill type="linear" rotation="90"><colors><color rgb="0x6BF8FF" alpha="100" stop="0" /></colors></fill></color><color name="search_text"><fill type="linear" rotation="90"><colors><color rgb="0x8A8A8A" alpha="100" stop="0" /></colors></fill></color><color name="bg_active"><fill type="linear" rotation="90"><colors><color rgb="0xFAFAFA" alpha="100" stop="0" /></colors></fill></color><color name="text_active"><fill type="linear" rotation="90"><colors><color rgb="0x333333" alpha="100" stop="0" /></colors></fill></color></group_colors></color_group><color_group name="seekcontrol"><group_colors><color name="bg"><fill type="linear" rotation="90"><colors><color rgb="0xF5F5F5" alpha="100" stop="0" /><color rgb="0xC7C7C7" alpha="100" stop="255" /></colors></fill></color><color name="border"><fill type="linear" rotation="90"><colors><color rgb="0xB1B1B1" alpha="100" stop="0" /></colors></fill></color><color name="seek_border"><fill type="linear" rotation="90"><colors><color rgb="0xB8B8B8" alpha="100" stop="0" /><color rgb="0xEEEEEE" alpha="100" stop="255" /></colors></fill></color><color name="seek_bg"><fill type="linear" rotation="90"><colors><color rgb="0xE7E7E7" alpha="100" stop="0" /></colors></fill></color><color name="seek_position"><fill type="linear" rotation="90"><colors><color rgb="0xFFFFFF" alpha="100" stop="0" /></colors></fill></color><color name="btn_icon_color"><fill type="linear" rotation="90"><colors><color rgb="0x2D2D2D" alpha="100" stop="0" /></colors></fill></color><color name="btn_icon_hover"><fill type="linear" rotation="90"><colors><color rgb="0x555555" alpha="100" stop="0" /></colors></fill></color><color name="btn_icon_shadow"><fill type="linear" rotation="90"><colors><color rgb="0xF0F0F0" alpha="100" stop="0" /></colors></fill></color></group_colors></color_group><color_group name="tabs"><group_colors><color name="bg"><fill type="linear" rotation="90"><colors><color rgb="0xF3F3F3" alpha="100" stop="0" /></colors></fill></color><color name="text"><fill type="linear" rotation="90"><colors><color rgb="0x555555" alpha="100" stop="0" /></colors></fill></color><color name="selected"><fill type="linear" rotation="90"><colors><color rgb="0x333333" alpha="100" stop="0" /></colors></fill></color><color name="hover"><fill type="linear" rotation="90"><colors><color rgb="0x333333" alpha="100" stop="0" /></colors></fill></color><color name="shadow"><fill type="linear" rotation="90"><colors><color rgb="0xF0F0F0" alpha="100" stop="0" /></colors></fill></color></group_colors></color_group><color_group name="transcript"><group_colors><color name="div"><fill type="linear" rotation="90"><colors><color rgb="0xE1E1E1" alpha="100" stop="0" /></colors></fill></color><color name="heading_text"><fill type="linear" rotation="90"><colors><color rgb="0x444444" alpha="100" stop="0" /></colors></fill></color></group_colors></color_group><color_group name="outline"><group_colors><color name="diva"><fill type="linear" rotation="90"><colors><color rgb="0xC6C6C6" alpha="100" stop="0" /></colors></fill></color><color name="divb"><fill type="linear" rotation="90"><colors><color rgb="0xF9F9F9" alpha="100" stop="0" /></colors></fill></color><color name="divc"><fill type="linear" rotation="90"><colors><color rgb="0xE1E1E1" alpha="100" stop="0" /></colors></fill></color><color name="search_text"><fill type="linear" rotation="90"><colors><color rgb="0x444444" alpha="100" stop="0" /></colors></fill></color><color name="search_hover"><fill type="linear" rotation="90"><colors><color rgb="0x0000EE" alpha="100" stop="0" /></colors></fill></color></group_colors></color_group><color_group name="resource"><group_colors><color name="separator"><fill type="linear" rotation="90"><colors><color rgb="0xE0E0E0" alpha="100" stop="0" /></colors></fill></color></group_colors></color_group><color_group name="glossary"><group_colors><color name="selected_text"><fill type="linear" rotation="90"><colors><color rgb="0x353535" alpha="100" stop="0" /></colors></fill></color><color name="selected"><fill type="linear" rotation="90"><colors><color rgb="0xC0E2F1" alpha="100" stop="0" /></colors></fill></color><color name="text"><fill type="linear" rotation="90"><colors><color rgb="0x353535" alpha="100" stop="0" /></colors></fill></color><color name="hover"><fill type="linear" rotation="90"><colors><color rgb="0xE6E6E6" alpha="100" stop="0" /></colors></fill></color><color name="diva"><fill type="linear" rotation="90"><colors><color rgb="0xE2E2E2" alpha="100" stop="0" /></colors></fill></color><color name="divb"><fill type="linear" rotation="90"><colors><color rgb="0xE2E2E2" alpha="100" stop="0" /></colors></fill></color><color name="divc"><fill type="linear" rotation="90"><colors><color rgb="0xFAFAFA" alpha="100" stop="0" /></colors></fill></color><color name="bg"><fill type="linear" rotation="90"><colors><color rgb="0xE7E7E7" alpha="100" stop="0" /></colors></fill></color><color name="heading_text"><fill type="linear" rotation="90"><colors><color rgb="0x444444" alpha="100" stop="0" /></colors></fill></color></group_colors></color_group><color_group name="volume"><group_colors><color name="thumb_border"><fill type="linear" rotation="90"><colors><color rgb="0xA5A5A5" alpha="100" stop="0" /></colors></fill></color><color name="thumb_inner"><fill type="linear" rotation="90"><colors><color rgb="0xD4D4D4" alpha="100" stop="0" /></colors></fill></color><color name="thumb_bg"><fill type="linear" rotation="90"><colors><color rgb="0xC8C8C8" alpha="100" stop="0" /></colors></fill></color><color name="slider_border"><fill type="linear" rotation="90"><colors><color rgb="0xF2F2F2" alpha="100" stop="0" /></colors></fill></color><color name="slider_bg"><fill type="linear" rotation="90"><colors><color rgb="0xBCBCBC" alpha="100" stop="0" /><color rgb="0xBCBCBC" alpha="100" stop="128" /><color rgb="0xC3C3C3" alpha="100" stop="255" /></colors></fill></color></group_colors></color_group><color_group name="HTML"><group_colors><color name="htmlpage_bg_color"><fill type="linear" rotation="90"><colors><color rgb="0xFFFFFF" alpha="100" stop="0" /></colors></fill></color></group_colors></color_group></colorscheme></colorschemes><string_tables><string_table name="pxnsnfns01001000010"><string id="prev">PREV</string><string id="next">NEXT</string><string id="submit">SUBMIT</string><string id="outline">Menu</string><string id="resources">Resources</string><string id="glossary">Glossary</string><string id="transcript">Notes</string><string id="clear">Clear and return to Menu</string><string id="search_results">Search Results</string><string id="filter">Filter</string><string id="slide_text_chk">Slide Text</string><string id="transcript_chk">Notes</string><string id="search_in">Search in:</string><string id="check_include">Check to include</string><string id="search">Search...</string><string id="terms">Terms</string><string id="definition">Definition</string><string id="finish">FINISH</string><string id="acc_finish">finish</string><string id="acc_definition">definition</string><string id="acc_resources">resources</string><string id="acc_search_input">search</string><string id="acc_pause">pause</string><string id="acc_play">play</string><string id="acc_replay">replay</string><string id="acc_submit">submit</string><string id="acc_next">next</string><string id="acc_previous">previous</string><string id="acc_volume">volume</string><string id="submitall">SUBMIT ALL</string><string id="acc_submitall">submit all</string><string id="question_list">Question List</string><string id="more_info">More info</string><string id="send_an_email">Send an email</string><string id="close">Close</string><string id="bio">Bio</string><string id="exit">Exit</string></string_table></string_tables><sounds enabled="false" /><nav_data><outline><links><slidelink slideid="5lo5c8Y5kV2.5zDENbVeIHq" displaytext="Slide 1" expand="false" type="slide" /><slidelink slideid="5lo5c8Y5kV2.5VSpwSHsjoO" displaytext="Agenda" expand="false" type="slide" /><slidelink slideid="5lo5c8Y5kV2.69DTgQx2dL7" displaytext="Pre-Session –Case Study" expand="false" type="slide" /><slidelink slideid="5lo5c8Y5kV2.5q3EaOXPxe5" displaytext="Static Testing -Introduction" expand="false" type="slide" /><slidelink slideid="5lo5c8Y5kV2.6DYJhz6v2U7" displaytext="STATIC TESTING-REVIEWS" expand="false" type="slide" /><slidelink slideid="5lo5c8Y5kV2.6o5o4oVGt2K" displaytext="STATIC TESTING-REVIEWS" expand="false" type="slide" /><slidelink slideid="5lo5c8Y5kV2.6YQx6B4aPix" displaytext="INFORMAL REVIEW" expand="false" type="slide" /><slidelink slideid="5lo5c8Y5kV2.5yCfy6wXl5O" displaytext="TECHNICAL REVIEW" expand="false" type="slide" /><slidelink slideid="5lo5c8Y5kV2.5V0QzYBV0uq" displaytext="WALKTHROUGH" expand="false" type="slide" /><slidelink slideid="5lo5c8Y5kV2.6kBRfFPm80p" displaytext="DYNAMIC TESTING" expand="false" type="slide" /><slidelink slideid="5lo5c8Y5kV2.61cYfGSaO8U" displaytext="DYNAMIC TESTING" expand="false" type="slide" /><slidelink slideid="5lo5c8Y5kV2.5q35XzsDi23" displaytext="DYNAMIC TESTING" expand="false" type="slide" /><slidelink slideid="5lo5c8Y5kV2.68d7sr5ldGG" displaytext="BLACK BOX TESTING" expand="false" type="slide" /><slidelink slideid="5lo5c8Y5kV2.6hodvbrydGu" displaytext="FUNCTIONAL TESTING" expand="false" type="slide" /><slidelink slideid="5lo5c8Y5kV2.6K243mYaG1P" displaytext="FUNCTIONAL TESTING –SMOKE TESTING" expand="false" type="slide" /><slidelink slideid="5lo5c8Y5kV2.5tVt8UuzvOM" displaytext="FUNCTIONAL TESTING –SANITY TESTING" expand="false" type="slide" /><slidelink slideid="5lo5c8Y5kV2.6FXRBYhO8F6" displaytext="FUNCTIONAL TESTING –ADHOC TESTING" expand="false" type="slide" /><slidelink slideid="5lo5c8Y5kV2.6AYTeFKBNLG" displaytext="NON-FUNCTIONAL TESTING" expand="false" type="slide" /><slidelink slideid="5lo5c8Y5kV2.5bgoTU7qYHn" displaytext="PERFORMANCE TESTING" expand="false" type="slide" /><slidelink slideid="5lo5c8Y5kV2.5jZUOzZouoh" displaytext="USABILTY TESTING" expand="false" type="slide" /><slidelink slideid="5lo5c8Y5kV2.5wOVgiiaEsd" displaytext="USABILTY TESTING -EXAMPLE" expand="false" type="slide" /><slidelink slideid="5lo5c8Y5kV2.69aXNFA0bdW" displaytext="SECURITY TESTING" expand="false" type="slide" /><slidelink slideid="5lo5c8Y5kV2.5kcjcOwYuoX" displaytext="COMPATIBILITY TESTING" expand="false" type="slide" /><slidelink slideid="5lo5c8Y5kV2.6CcETN6lhu9" displaytext="LOCALIZATION TESTING" expand="false" type="slide" /><slidelink slideid="5lo5c8Y5kV2.6fo05A5xXnZ" displaytext="RECOVERY TESTING" expand="false" type="slide" /><slidelink slideid="5lo5c8Y5kV2.63w4IMq0aE9" displaytext="REGRESSION TESTING" expand="false" type="slide" /><slidelink slideid="5lo5c8Y5kV2.6lv7E7hWjPW" displaytext="POST SESSION ACTIVITY" expand="false" type="slide" /><slidelink slideid="5lo5c8Y5kV2.6LoeGJeK1n3" displaytext="POST SESSION ACTIVITY" expand="false" type="slide" /><slidelink slideid="5lo5c8Y5kV2.61nTw0MxE3C" displaytext="POST SESSION ACTIVITY -QUIZ" expand="false" type="slide" /><slidelink slideid="5lo5c8Y5kV2.5jEbNqt66cJ" displaytext="POST SESSION ACTIVITY -QUIZ" expand="false" type="slide" /><slidelink slideid="5lo5c8Y5kV2.65HQaJixVKG" displaytext="POST SESSION ACTIVITY -QUIZ" expand="false" type="slide" /><slidelink slideid="5lo5c8Y5kV2.6nJ1fatQ6nn" displaytext="POST SESSION ACTIVITY -QUIZ" expand="false" type="slide" /><slidelink slideid="5lo5c8Y5kV2.6Vrd7mOortI" displaytext="POST SESSION ACTIVITY -QUIZ" expand="false" type="slide" /><slidelink slideid="5lo5c8Y5kV2.6pfOnnviXvq" displaytext="POST SESSION ACTIVITY -QUIZ" expand="false" type="slide" /><slidelink slideid="5lo5c8Y5kV2.5WeEfs0SBas" displaytext="Slide 35" expand="false" type="slide" /></links></outline><search><slidetext slideid="5lo5c8Y5kV2.5zDENbVeIHq" slidebank="false" type="slide">     hcl talentcare: confidential  version: 1.0 release date:  07-01-2016 types of testing  version – 1.0&#xB;release date – 07-01-2016</slidetext><slidetext slideid="5lo5c8Y5kV2.5VSpwSHsjoO" slidebank="false" type="slide">   ‹#›   hcl talentcare: confidential  version: 1.0 release date:  07-01-2016  agenda types of testingstatic testing dynamic testingwhite box testingblack box testingfunctional non-functionalregression testing</slidetext><slidetext slideid="5lo5c8Y5kV2.69DTgQx2dL7" slidebank="false" type="slide">   ‹#›   hcl talentcare: confidential  version: 1.0 release date:  07-01-2016  pre-session –case study company “ab” is working on an finance based application. two rounds of functional testing was performed and it was moved to production. the below feedback was provided by the financial analyst the end users of the application. company “ab” is asked to pay a heavy penalty for the below reasonsanalyst were not able to generate critical reports within the sla of 4 minutes.the system displayed “http -500”internal server error most of the time.there was a hardware failure and the system was unusable for 7 hours .the report were generated but the data was not displayed in the expected format in the form of tables for quicker analysis.what do you think would be the reason for the above failure.</slidetext><slidetext slideid="5lo5c8Y5kV2.5q3EaOXPxe5" slidebank="false" type="slide">   ‹#›   hcl talentcare: confidential  version: 1.0 release date:  07-01-2016  static testing -introduction it is a form of software testing where the actual program or application is not used. review's,inspection's and walkthrough's are static testing methodologies. it is generally not detailed testing, but checks mainly for the sanity of the code, algorithm, or document.it is primarily syntax checking of the code and manually reading of the code or document to find errors.this comes under the verification phase of the v-model.</slidetext><slidetext slideid="5lo5c8Y5kV2.6DYJhz6v2U7" slidebank="false" type="slide">   ‹#›   hcl talentcare: confidential  version: 1.0 release date:  07-01-2016  static testing-reviews the objective of review is to help the author improve the quality of work product. reviewers find defects by verifying the work products with the checklist .reviews can be both formal and informal.formal review process consist of six main steps.planning –defining entry and exit criteriakick off –define objectives of the review.individual preparation-author does a self review of the documents prepared.review meeting -defects are identifiedrework –agreed corrections are made.follow up -verifies if the corrections are proper or not &amp; complete or not</slidetext><slidetext slideid="5lo5c8Y5kV2.6o5o4oVGt2K" slidebank="false" type="slide">   ‹#›   hcl talentcare: confidential  version: 1.0 release date:  07-01-2016  static testing-reviews roles involved in formal reviewsmoderatorreviewersauthor scribe.</slidetext><slidetext slideid="5lo5c8Y5kV2.6YQx6B4aPix" slidebank="false" type="slide">   ‹#›   hcl talentcare: confidential  version: 1.0 release date:  07-01-2016  informal review a review achieved without a defined process in driving benefit in a cost effective &amp; time saving mannercharacteristics:no prior scheduling for the reviewno prior selection of reviewersno prior preparation for reviewersno review commentsno documentation for change historyexample:  pair programming (two people working together for doing a program)</slidetext><slidetext slideid="5lo5c8Y5kV2.5yCfy6wXl5O" slidebank="false" type="slide">   ‹#›   hcl talentcare: confidential  version: 1.0 release date:  07-01-2016  technical review focusses on achieving consensus on the technical content of the document.characteristics:often performed as a peer reviewinform participants on the technical content of the documentthe product is examine and the defects are found.usage of  checklist and issue log are optional. </slidetext><slidetext slideid="5lo5c8Y5kV2.5V0QzYBV0uq" slidebank="false" type="slide">   ‹#›   hcl talentcare: confidential  version: 1.0 release date:  07-01-2016  walkthrough author will lead the review in systematically walking the audience through the creationcharacteristics:review will be scheduledreviewers are identified &amp; informed in advancereviewers do preparation before participating in walkthroughthe purpose of walkthrough is to impart the knowledge or share information with the reviewerbasic reporting is involvedevaluate checklists, standards, and rules.capture undocumented issuesexamples:kt sessions, dry runs, scenario meetings</slidetext><slidetext slideid="5lo5c8Y5kV2.6kBRfFPm80p" slidebank="false" type="slide">   ‹#›   hcl talentcare: confidential  version: 1.0 release date:  07-01-2016  dynamic testing dynamic testing :dynamic testing means testing based on a specific test cases by execution of the test object or running programs.it is done during validation process.dynamic testing involves giving the input values and checking if the output meets the specifications.dynamic testing can be done either using a manual or with an automated process.dynamic testing can be categorized into behavioral based –black box testingstructural based –white box testing</slidetext><slidetext slideid="5lo5c8Y5kV2.61cYfGSaO8U" slidebank="false" type="slide">   ‹#›   hcl talentcare: confidential  version: 1.0 release date:  07-01-2016  dynamic testing white box testing:white box testing deals in testing the internal structure of the code.it is also know as glass box/clear box testing.white box testing is usually done by the developers.different test cases may be derived to exercise or cover the code logic.it checks for all logical decisions within the code.every statement of the code is executed.</slidetext><slidetext slideid="5lo5c8Y5kV2.5q35XzsDi23" slidebank="false" type="slide">   ‹#›   hcl talentcare: confidential  version: 1.0 release date:  07-01-2016  dynamic testing black box testing:black box testing treats the software as a black box without any knowledge of the internal structure.black box testing is usually done by the testers.functional and non-functional requirements are covered in black box testing.it is known as specification based technique where the input is provided and checked for the expected output.test cases are derived solely from the specifications.</slidetext><slidetext slideid="5lo5c8Y5kV2.68d7sr5ldGG" slidebank="false" type="slide">   ‹#›   hcl talentcare: confidential  version: 1.0 release date:  07-01-2016  black box testing           black box              functional    non-functional             smoke              sanity        performance           usability           security             adhoc           compatibility          localization           recovery  </slidetext><slidetext slideid="5lo5c8Y5kV2.6hodvbrydGu" slidebank="false" type="slide">   ‹#›   hcl talentcare: confidential  version: 1.0 release date:  07-01-2016  functional testing functional testing the process of checking the behavior of the application.it checks for the functioning of the software. functional tests tend to check whether a user can do a particular action or a particular feature work.functional testing is done by using the functional specification document or system requirement specification document. example:1)the user should be able to search for one-way tickets.2)the system should allow user to register in the job-portal.</slidetext><slidetext slideid="5lo5c8Y5kV2.6K243mYaG1P" slidebank="false" type="slide">   ‹#›   hcl talentcare: confidential  version: 1.0 release date:  07-01-2016  functional testing –smoke testing smoke testing smoke testing is a primary testing performed when a build is deployed in the environment.smoke testing is also called as build verification test.smoke testing is a test performed  prior to introducing  a build to the main test process.the objective of smoke testing is to determine if the build does not have any defect in the critical functionalities.</slidetext><slidetext slideid="5lo5c8Y5kV2.5tVt8UuzvOM" slidebank="false" type="slide">   ‹#›   hcl talentcare: confidential  version: 1.0 release date:  07-01-2016  functional testing –sanity testing sanity testing sanity testing helps to avoid waste time and effort by identifying the flaws in the system before any rigorous test is started.sanity testing is performed to determine whether an application does not have any show stoppers.</slidetext><slidetext slideid="5lo5c8Y5kV2.6FXRBYhO8F6" slidebank="false" type="slide">   ‹#›   hcl talentcare: confidential  version: 1.0 release date:  07-01-2016  functional testing –adhoc testing ad-hoc testing testing without formal test plan / formal testing before start actual.it can often find the problems that are not caught in regular testing. it referred as “ exploratory testing “.</slidetext><slidetext slideid="5lo5c8Y5kV2.6AYTeFKBNLG" slidebank="false" type="slide">   ‹#›   hcl talentcare: confidential  version: 1.0 release date:  07-01-2016   non-functional testing non functional testing non-functional testing aims to check the quality characteristics of the software.non functional testing is performed at all levels.non functional testing includes performance, usability and security. example:1)the search results should be displayed in 3 seconds.2)the system should allow 100 users to login in to the system.</slidetext><slidetext slideid="5lo5c8Y5kV2.5bgoTU7qYHn" slidebank="false" type="slide">   ‹#›   hcl talentcare: confidential  version: 1.0 release date:  07-01-2016  performance testing to check whether system meets performance requirements. performance testing helps to determine the stability, responsiveness and scalability of the system.the objective of running performance test is to identify the bottleneck in the application under test.the various types of performance testing done areload  -to check how the application behaves under specific loadvolume – to check the behavior of the application if there is an increase in database volume.stress –to determine the breaking point of the application.various performance tools are available in the market. example:1)employee should be able to view salary slip in the payroll system within 2 seconds</slidetext><slidetext slideid="5lo5c8Y5kV2.5jZUOzZouoh" slidebank="false" type="slide">   ‹#›   hcl talentcare: confidential  version: 1.0 release date:  07-01-2016  usabilty testing to check whether the system allows the users to perform their tasks efficiently.usability testing focusses on to evaluate a product by testing as end users.usability testing checks if the user interface of the system meets the requirements in terms of color, alignment and font.system navigation is checked in this testing.usability test plans are derived based on surveys and end user experience of an application.usability testing helps to detect errors that have been missed the design guidelines.</slidetext><slidetext slideid="5lo5c8Y5kV2.5wOVgiiaEsd" slidebank="false" type="slide">   ‹#›   hcl talentcare: confidential  version: 1.0 release date:  07-01-2016  usabilty testing -example example:a school management system works as per the specification .the parents feel the system is unusable to find the homework allocated for their children. the parent has to go through the following steps.login to the systemclick homework -tabchoose the subjectspecify the date  click generate homeworkclick printselect an option print as pdf/wordthe system is probably practically unusable (though it functions perfectly fine). what if there was a feature to directly view the homework in a table format in the same page. </slidetext><slidetext slideid="5lo5c8Y5kV2.69aXNFA0bdW" slidebank="false" type="slide">   ‹#›   hcl talentcare: confidential  version: 1.0 release date:  07-01-2016  security testing testing how well the system protects against unauthorized internal or external access. to check if the system protects data and functionality.to check the vulnerability of the system.to check if the system ensuresconfidentialityintegrityauthenticationin security testing the testers need to create scenarios which help to break the system mimicking the hackers. example:the online banking application should not allow users to access the application in http layer</slidetext><slidetext slideid="5lo5c8Y5kV2.5kcjcOwYuoX" slidebank="false" type="slide">   ‹#›   hcl talentcare: confidential  version: 1.0 release date:  07-01-2016  compatibility testing testing used to determine whether other system software works with different infrastructure components such as browsers, utilities, and operating system. to determine if the system is adaptable to various environments. example:social networking websites can be accessed across in any of the os, browsers.</slidetext><slidetext slideid="5lo5c8Y5kV2.6CcETN6lhu9" slidebank="false" type="slide">   ‹#›   hcl talentcare: confidential  version: 1.0 release date:  07-01-2016  localization testing testing to determine if the application works in various languages and regions.to check if the application works for a specific language on adding specific components.</slidetext><slidetext slideid="5lo5c8Y5kV2.6fo05A5xXnZ" slidebank="false" type="slide">   ‹#›   hcl talentcare: confidential  version: 1.0 release date:  07-01-2016  recovery testing testing to determine of how well an application is able to recover form crashes or hardware failures.</slidetext><slidetext slideid="5lo5c8Y5kV2.63w4IMq0aE9" slidebank="false" type="slide">   ‹#›   hcl talentcare: confidential  version: 1.0 release date:  07-01-2016  regression testing regression tests are executed whenever the software changes, either as a result of fixes or new or changed functionality.the purpose of regression testing is to ensure that the system is not affected adversely because a change is introduced in the system.regression testing need to be performed if the change is either small or big.regression test case are usually automated.impact analysis need to done in order to identify the test cases for regression.</slidetext><slidetext slideid="5lo5c8Y5kV2.6lv7E7hWjPW" slidebank="false" type="slide">   ‹#›   hcl talentcare: confidential  version: 1.0 release date:  07-01-2016  post session activity identify the type of testing that need to be performed for the below requirements. crm application which stores customer information is accessed by a customer support executive in back office of a multinational bankrequirement1: the application should display search results based on the search criteria when a customer support executive tries to pull the details of the customer.requirement2: the search can be performed by the cse on any browsers yet the search results should be displayed.requirement 3: when the cse is searching for the details ,search results should be displayed in 5 seconds.requirement4: the text box in which the cse enter the customer id should accept only digits.</slidetext><slidetext slideid="5lo5c8Y5kV2.6LoeGJeK1n3" slidebank="false" type="slide">   ‹#›   hcl talentcare: confidential  version: 1.0 release date:  07-01-2016  post session activity requirement 5: the system should display the account related transactions to the cse only after certain validations like dob verification, otp entry of the customerrequirement 6: for classic customers the system should not allow cse to retrieve the account informationrequirement 7: crm product should have excellent usage capabilities built in to the system</slidetext><slidetext slideid="5lo5c8Y5kV2.61nTw0MxE3C" slidebank="false" type="slide">   ‹#›   hcl talentcare: confidential  version: 1.0 release date:  07-01-2016  post session activity -quiz in a formal review, who is primarily responsible for the documents to be reviewedauthormanagermoderatorreviewers </slidetext><slidetext slideid="5lo5c8Y5kV2.5jEbNqt66cJ" slidebank="false" type="slide">   ‹#›   hcl talentcare: confidential  version: 1.0 release date:  07-01-2016  post session activity -quiz which test measures the system at or beyond the limits of its specified requirements?structural testingstress testingerror guessingblack box testing </slidetext><slidetext slideid="5lo5c8Y5kV2.65HQaJixVKG" slidebank="false" type="slide">   ‹#›   hcl talentcare: confidential  version: 1.0 release date:  07-01-2016  post session activity -quiz a regression test:a. is only run once.b. will always be automated.c. will check unchanged areas of the software tosee if they have been affected.d. will check changed areas of the software to seeif they have been affected.</slidetext><slidetext slideid="5lo5c8Y5kV2.6nJ1fatQ6nn" slidebank="false" type="slide">   ‹#›   hcl talentcare: confidential  version: 1.0 release date:  07-01-2016  post session activity -quiz non-functional testing includes:a. testing to see where the system does not function correctly.b. testing the quality attributes of the system including reliability and usability.c. gaining user approval for the system.d. testing a system feature using only the software required for that function.</slidetext><slidetext slideid="5lo5c8Y5kV2.6Vrd7mOortI" slidebank="false" type="slide">   ‹#›   hcl talentcare: confidential  version: 1.0 release date:  07-01-2016  post session activity -quiz which of these is a functional test?a. measuring response time on an on-line booking system.b. checking the effect of high volumes of traffic in a call- centre system.c. checking the on-line bookings screen information and the database contents against the information on the letter to the customers.d. checking how easy the system is to use.</slidetext><slidetext slideid="5lo5c8Y5kV2.6pfOnnviXvq" slidebank="false" type="slide">   ‹#›   hcl talentcare: confidential  version: 1.0 release date:  07-01-2016  post session activity -quiz which of the following is a non-functional quality characteristic?a. feasibilityb. usabilityc. maintenanced. regression</slidetext><slidetext slideid="5lo5c8Y5kV2.5WeEfs0SBas" slidebank="false" type="slide">     hcl talentcare: confidential  version: 1.0 release date:  07-01-2016  this document contains information that is proprietary and confidential to hcl talentcare private limited and shall not be disclosed outside the recipient's company or duplicated, used or disclosed in whole or in part by the recipient for any purpose other than to evaluate this document. any other use or disclosure in whole or in part of this information without the express written permission of hcl talentcare private limited is prohibited. further, this document does not constitute a contract to perform servicesthe reader should not act upon the information contained in this document without obtaining specific professional advice. no representation or warranty (express or implied) is given as to the accuracy or completeness of the information contained in this presentation, and, to the extent permitted by law; hcl talentcare private limited, its consultants, its members, employees and agents accept no liability, and disclaim all responsibility, for the consequences of reader or anyone else acting, or refraining to act, in reliance on the information contained in this document or for any decision based on it. thank you</slidetext></search></nav_data><resource_data description="" /><transcript_data /><glossary_data /></bwFrame>