<?xml version="1.0" encoding="utf-8"?>
<manifest identifier="_5lj1D2G6qXZ_course_id" version="1.0" xmlns="http://www.imsproject.org/xsd/imscp_rootv1p1p2" xmlns:adlcp="http://www.adlnet.org/xsd/adlcp_rootv1p2" xmlns:xsi="http://www.w3.org/2001/XMLSchema-instance" xsi:schemaLocation="http://www.imsproject.org/xsd/imscp_rootv1p1p2 imscp_rootv1p1p2.xsd http://www.imsglobal.org/xsd/imsmd_rootv1p2p1 imsmd_rootv1p2p1.xsd http://www.adlnet.org/xsd/adlcp_rootv1p2 adlcp_rootv1p2.xsd">
  <metadata>
    <schema>ADL SCORM</schema>
    <schemaversion>1.2</schemaversion>
    <lom xmlns="http://www.imsglobal.org/xsd/imsmd_rootv1p2p1" xmlns:xsi="http://www.w3.org/2001/XMLSchema-instance" xsi:schemaLocation="http://www.imsglobal.org/xsd/imsmd_rootv1p2p1 imsmd_rootv1p2p1.xsd">
      <general>
        <title>
          <langstring xml:lang="x-none">PerformanceTesting</langstring>
        </title>
      </general>
      <lifecycle>
        <version>
          <langstring xml:lang="x-none">1</langstring>
        </version>
        <status>
          <source>
            <langstring xml:lang="x-none">LOMv1.0</langstring>
          </source>
          <value>
            <langstring xml:lang="x-none">Final</langstring>
          </value>
        </status>
      </lifecycle>
      <metametadata>
        <metadatascheme>ADL SCORM 1.2</metadatascheme>
      </metametadata>
      <educational>
        <typicallearningtime>
          <datetime>PT0H0M0S</datetime>
        </typicallearningtime>
      </educational>
      <rights>
        <cost>
          <source>
            <langstring xml:lang="x-none">LOMv1.0</langstring>
          </source>
          <value>
            <langstring xml:lang="x-none">yes</langstring>
          </value>
        </cost>
        <copyrightandotherrestrictions>
          <source>
            <langstring xml:lang="x-none">LOMv1.0</langstring>
          </source>
          <value>
            <langstring xml:lang="x-none">yes</langstring>
          </value>
        </copyrightandotherrestrictions>
      </rights>
    </lom>
  </metadata>
  <organizations default="PerformanceTesting_ORG">
    <organization identifier="PerformanceTesting_ORG">
      <title>PerformanceTesting</title>
      <item identifier="PerformanceTesting_SCO" isvisible="true" identifierref="__5lj1D2G6qXZ_course_id_RES">
        <title>PerformanceTesting</title>
      </item>
    </organization>
  </organizations>
  <resources>
    <resource identifier="__5lj1D2G6qXZ_course_id_RES" type="webcontent" href="index_lms.html" adlcp:scormtype="sco">
      <file href="presentation_content/thumbnail.jpg" />
      <file href="presentation_content/6WjXA5egoaq_d11_HCLTemplatecl465_TitleSlideshp14_80_DX1440_DY1440.swf" />
      <file href="mobile/6WjXA5egoaq_d11_HCLTemplatecl465_TitleSlideshp14_80_DX1440_DY1440_CX720_CY278.png" />
      <file href="presentation_content/6WjXA5egoaq_d11_HCLTemplatecl465_TitleSlideshp2_80_DX1440_DY1440.swf" />
      <file href="mobile/6WjXA5egoaq_d11_HCLTemplatecl465_TitleSlideshp2_80_DX1440_DY1440_CX720_CY21.png" />
      <file href="presentation_content/6WjXA5egoaq_d11_HCLTemplatecl465_TitleSlideshp15_80_DX1116_DY1116.swf" />
      <file href="mobile/6WjXA5egoaq_d11_HCLTemplatecl465_TitleSlideshp15_80_DX1116_DY1116_CX558_CY76.png" />
      <file href="presentation_content/6WjXA5egoaq_6BxjMkoyFQa_80_DX216_DY216.swf" />
      <file href="mobile/6WjXA5egoaq_6BxjMkoyFQa_80_DX216_DY216_CX108_CY38.png" />
      <file href="presentation_content/6WjXA5egoaq_d11_HCLTemplatesmshp19_80_DX1116_DY1116.swf" />
      <file href="mobile/6WjXA5egoaq_d11_HCLTemplatesmshp19_80_DX1116_DY1116_CX558_CY76.png" />
      <file href="presentation_content/6WjXA5egoaq_5txCaJJLu6J_80_DX216_DY216.swf" />
      <file href="mobile/6WjXA5egoaq_5txCaJJLu6J_80_DX216_DY216_CX108_CY38.png" />
      <file href="presentation_content/6WjXA5egoaq_60KUutIKn8f_80_DX1350_DY1350.swf" />
      <file href="mobile/6WjXA5egoaq_60KUutIKn8f_80_DX1350_DY1350_CX675_CY262.png" />
      <file href="presentation_content/6WjXA5egoaq_6EwKTrIuC0s_80_DX216_DY216.swf" />
      <file href="mobile/6WjXA5egoaq_6EwKTrIuC0s_80_DX216_DY216_CX108_CY38.png" />
      <file href="presentation_content/6WjXA5egoaq_5ooGVGo2qP7_80_DX1350_DY1350.swf" />
      <file href="mobile/6WjXA5egoaq_5ooGVGo2qP7_80_DX1350_DY1350_CX675_CY262.png" />
      <file href="presentation_content/6WjXA5egoaq_5p2ZRmIMIo8_80_DX216_DY216.swf" />
      <file href="mobile/6WjXA5egoaq_5p2ZRmIMIo8_80_DX216_DY216_CX108_CY38.png" />
      <file href="presentation_content/6WjXA5egoaq_5kE0oahv86b_80_DX1350_DY1350.swf" />
      <file href="mobile/6WjXA5egoaq_5kE0oahv86b_80_DX1350_DY1350_CX675_CY262.png" />
      <file href="presentation_content/6WjXA5egoaq_61CqxPJp5kw_80_DX216_DY216.swf" />
      <file href="mobile/6WjXA5egoaq_61CqxPJp5kw_80_DX216_DY216_CX108_CY38.png" />
      <file href="presentation_content/6WjXA5egoaq_6VMUp43SpmJ_80_DX1350_DY1350.swf" />
      <file href="mobile/6WjXA5egoaq_6VMUp43SpmJ_80_DX1350_DY1350_CX675_CY262.png" />
      <file href="presentation_content/6WjXA5egoaq_6k3D8H8iM2r_80_DX216_DY216.swf" />
      <file href="mobile/6WjXA5egoaq_6k3D8H8iM2r_80_DX216_DY216_CX108_CY38.png" />
      <file href="presentation_content/6WjXA5egoaq_67VLyTEmypE_80_DX1350_DY1350.swf" />
      <file href="mobile/6WjXA5egoaq_67VLyTEmypE_80_DX1350_DY1350_CX675_CY262.png" />
      <file href="presentation_content/6WjXA5egoaq_69NP3UbGul6_80_DX216_DY216.swf" />
      <file href="mobile/6WjXA5egoaq_69NP3UbGul6_80_DX216_DY216_CX108_CY38.png" />
      <file href="presentation_content/6WjXA5egoaq_6hzCAqLD3QB_80_DX1350_DY1350.swf" />
      <file href="mobile/6WjXA5egoaq_6hzCAqLD3QB_80_DX1350_DY1350_CX675_CY262.png" />
      <file href="presentation_content/6WjXA5egoaq_sl677shp3_80_DX1286_DY1286.swf" />
      <file href="mobile/6WjXA5egoaq_sl677shp3_80_DX1286_DY1286_CX643_CY325.png" />
      <file href="presentation_content/6WjXA5egoaq_sl677shp18_80_DX782_DY782.swf" />
      <file href="mobile/6WjXA5egoaq_sl677shp18_80_DX782_DY782_CX391_CY228.png" />
      <file href="presentation_content/6WjXA5egoaq_6q7WaqAmkGh_80_DX134_DY134.swf" />
      <file href="mobile/6WjXA5egoaq_6q7WaqAmkGh_80_DX134_DY134_CX52_CY67.png" />
      <file href="presentation_content/6WjXA5egoaq_5hit6loyv52_80_DX216_DY216.swf" />
      <file href="mobile/6WjXA5egoaq_5hit6loyv52_80_DX216_DY216_CX108_CY38.png" />
      <file href="presentation_content/6WjXA5egoaq_5x74HQ8Vvi4_80_DX1350_DY1350.swf" />
      <file href="mobile/6WjXA5egoaq_5x74HQ8Vvi4_80_DX1350_DY1350_CX675_CY262.png" />
      <file href="presentation_content/6WjXA5egoaq_6hDLCbh7JQV_80_DX216_DY216.swf" />
      <file href="mobile/6WjXA5egoaq_6hDLCbh7JQV_80_DX216_DY216_CX108_CY38.png" />
      <file href="presentation_content/6WjXA5egoaq_5llmhYFFmnK_80_DX1350_DY1350.swf" />
      <file href="mobile/6WjXA5egoaq_5llmhYFFmnK_80_DX1350_DY1350_CX675_CY262.png" />
      <file href="presentation_content/6WjXA5egoaq_5vF3HuyKchX_80_DX216_DY216.swf" />
      <file href="mobile/6WjXA5egoaq_5vF3HuyKchX_80_DX216_DY216_CX108_CY38.png" />
      <file href="presentation_content/6WjXA5egoaq_5zcXjJI4HPu_80_DX1350_DY1350.swf" />
      <file href="mobile/6WjXA5egoaq_5zcXjJI4HPu_80_DX1350_DY1350_CX675_CY262.png" />
      <file href="presentation_content/6WjXA5egoaq_5cgKjtbYy1B_80_DX216_DY216.swf" />
      <file href="mobile/6WjXA5egoaq_5cgKjtbYy1B_80_DX216_DY216_CX108_CY38.png" />
      <file href="presentation_content/6WjXA5egoaq_5aS3FSWuW6W_80_DX1350_DY1350.swf" />
      <file href="mobile/6WjXA5egoaq_5aS3FSWuW6W_80_DX1350_DY1350_CX675_CY262.png" />
      <file href="presentation_content/6WjXA5egoaq_5WpDW1aFrFU_80_DX216_DY216.swf" />
      <file href="mobile/6WjXA5egoaq_5WpDW1aFrFU_80_DX216_DY216_CX108_CY38.png" />
      <file href="presentation_content/6WjXA5egoaq_5YD3OUOXDaG_80_DX1350_DY1350.swf" />
      <file href="mobile/6WjXA5egoaq_5YD3OUOXDaG_80_DX1350_DY1350_CX675_CY262.png" />
      <file href="presentation_content/6WjXA5egoaq_6I74BcGBgPl_80_DX216_DY216.swf" />
      <file href="mobile/6WjXA5egoaq_6I74BcGBgPl_80_DX216_DY216_CX108_CY38.png" />
      <file href="presentation_content/6WjXA5egoaq_6MEBUNbN22F_80_DX1350_DY1350.swf" />
      <file href="mobile/6WjXA5egoaq_6MEBUNbN22F_80_DX1350_DY1350_CX675_CY262.png" />
      <file href="presentation_content/6WjXA5egoaq_6lYpz8H4RME_80_DX216_DY216.swf" />
      <file href="mobile/6WjXA5egoaq_6lYpz8H4RME_80_DX216_DY216_CX108_CY38.png" />
      <file href="presentation_content/6WjXA5egoaq_69fPWaPKW8W_80_DX1350_DY1350.swf" />
      <file href="mobile/6WjXA5egoaq_69fPWaPKW8W_80_DX1350_DY1350_CX675_CY262.png" />
      <file href="presentation_content/6WjXA5egoaq_65TpAUWNzBa_80_DX216_DY216.swf" />
      <file href="mobile/6WjXA5egoaq_65TpAUWNzBa_80_DX216_DY216_CX108_CY38.png" />
      <file href="presentation_content/6WjXA5egoaq_63QPx6N0fZg_80_DX1350_DY1350.swf" />
      <file href="mobile/6WjXA5egoaq_63QPx6N0fZg_80_DX1350_DY1350_CX675_CY262.png" />
      <file href="presentation_content/6WjXA5egoaq_6Q3RGe6GC5P_80_DX216_DY216.swf" />
      <file href="mobile/6WjXA5egoaq_6Q3RGe6GC5P_80_DX216_DY216_CX108_CY38.png" />
      <file href="presentation_content/6WjXA5egoaq_6METF1yxkfL_80_DX1350_DY1350.swf" />
      <file href="mobile/6WjXA5egoaq_6METF1yxkfL_80_DX1350_DY1350_CX675_CY262.png" />
      <file href="presentation_content/6WjXA5egoaq_61nTTiuxyLS_80_DX216_DY216.swf" />
      <file href="mobile/6WjXA5egoaq_61nTTiuxyLS_80_DX216_DY216_CX108_CY38.png" />
      <file href="presentation_content/6WjXA5egoaq_6lADiTUxrVN_80_DX1350_DY1350.swf" />
      <file href="mobile/6WjXA5egoaq_6lADiTUxrVN_80_DX1350_DY1350_CX675_CY262.png" />
      <file href="presentation_content/6WjXA5egoaq_6OKxUDDvHeM_80_DX216_DY216.swf" />
      <file href="mobile/6WjXA5egoaq_6OKxUDDvHeM_80_DX216_DY216_CX108_CY38.png" />
      <file href="presentation_content/6WjXA5egoaq_6D0w2Iz7Osx_80_DX1350_DY1350.swf" />
      <file href="mobile/6WjXA5egoaq_6D0w2Iz7Osx_80_DX1350_DY1350_CX675_CY262.png" />
      <file href="presentation_content/6WjXA5egoaq_6AKWLFlJcYh_80_DX216_DY216.swf" />
      <file href="mobile/6WjXA5egoaq_6AKWLFlJcYh_80_DX216_DY216_CX108_CY38.png" />
      <file href="presentation_content/6WjXA5egoaq_6hVFCzVEbMi_80_DX1350_DY1350.swf" />
      <file href="mobile/6WjXA5egoaq_6hVFCzVEbMi_80_DX1350_DY1350_CX675_CY262.png" />
      <file href="presentation_content/6WjXA5egoaq_6ZJnWZD5Yn2_80_DX660_DY660.swf" />
      <file href="mobile/6WjXA5egoaq_6ZJnWZD5Yn2_80_DX660_DY660_CX330_CY330.png" />
      <file href="presentation_content/6WjXA5egoaq_6hv89g0BXQE_80_DX690_DY690.swf" />
      <file href="mobile/6WjXA5egoaq_6hv89g0BXQE_80_DX690_DY690_CX323_CY345.png" />
      <file href="presentation_content/6WjXA5egoaq_sl689shp163_80_DX746_DY746.swf" />
      <file href="mobile/6WjXA5egoaq_sl689shp163_80_DX746_DY746_CX373_CY3.png" />
      <file href="presentation_content/6WjXA5egoaq_68oEyZ1adRQ_80_DX216_DY216.swf" />
      <file href="mobile/6WjXA5egoaq_68oEyZ1adRQ_80_DX216_DY216_CX108_CY38.png" />
      <file href="presentation_content/6WjXA5egoaq_5wJT86UsrRf_80_DX1350_DY1350.swf" />
      <file href="mobile/6WjXA5egoaq_5wJT86UsrRf_80_DX1350_DY1350_CX675_CY262.png" />
      <file href="presentation_content/6WjXA5egoaq_sl690shp1026_80_DX1208_DY1208.swf" />
      <file href="mobile/6WjXA5egoaq_sl690shp1026_80_DX1208_DY1208_CX604_CY314.png" />
      <file href="presentation_content/6WjXA5egoaq_6qgJ8Whkghk_80_DX216_DY216.swf" />
      <file href="mobile/6WjXA5egoaq_6qgJ8Whkghk_80_DX216_DY216_CX108_CY38.png" />
      <file href="presentation_content/6WjXA5egoaq_5u5O2tGmWOv_80_DX1350_DY1350.swf" />
      <file href="mobile/6WjXA5egoaq_5u5O2tGmWOv_80_DX1350_DY1350_CX675_CY262.png" />
      <file href="presentation_content/6WjXA5egoaq_69GoF5bO2GG_80_DX450_DY450.jpg" />
      <file href="mobile/6WjXA5egoaq_69GoF5bO2GG_80_DX450_DY450_CX125_CY225.jpg" />
      <file href="presentation_content/6WjXA5egoaq_sl687shp4idx2_80_DX552_DY552.swf" />
      <file href="mobile/6WjXA5egoaq_sl687shp4idx2_80_DX552_DY552_CX276_CY276.png" />
      <file href="presentation_content/6WjXA5egoaq_sl687shp4idx4_80_DX610_DY610.swf" />
      <file href="mobile/6WjXA5egoaq_sl687shp4idx4_80_DX610_DY610_CX305_CY305.png" />
      <file href="presentation_content/6WjXA5egoaq_sl687shp4idx6_80_DX582_DY582.swf" />
      <file href="mobile/6WjXA5egoaq_sl687shp4idx6_80_DX582_DY582_CX291_CY291.png" />
      <file href="presentation_content/6WjXA5egoaq_sl687shp4idx8_80_DX570_DY570.swf" />
      <file href="mobile/6WjXA5egoaq_sl687shp4idx8_80_DX570_DY570_CX285_CY285.png" />
      <file href="presentation_content/6WjXA5egoaq_sl687shp4idx10_80_DX558_DY558.swf" />
      <file href="mobile/6WjXA5egoaq_sl687shp4idx10_80_DX558_DY558_CX279_CY279.png" />
      <file href="presentation_content/6WjXA5egoaq_6QaOH9begD0_80_DX216_DY216.swf" />
      <file href="mobile/6WjXA5egoaq_6QaOH9begD0_80_DX216_DY216_CX108_CY38.png" />
      <file href="presentation_content/6WjXA5egoaq_6YaQztreoy2_80_DX1350_DY1350.swf" />
      <file href="mobile/6WjXA5egoaq_6YaQztreoy2_80_DX1350_DY1350_CX675_CY262.png" />
      <file href="presentation_content/6WjXA5egoaq_6JnIwUHT3kd_80_DX216_DY216.swf" />
      <file href="mobile/6WjXA5egoaq_6JnIwUHT3kd_80_DX216_DY216_CX108_CY38.png" />
      <file href="presentation_content/6WjXA5egoaq_5b3cv6muyR1_80_DX1350_DY1350.swf" />
      <file href="mobile/6WjXA5egoaq_5b3cv6muyR1_80_DX1350_DY1350_CX675_CY262.png" />
      <file href="presentation_content/6WjXA5egoaq_6g2csi6Yuvc_80_DX696_DY696.swf" />
      <file href="mobile/6WjXA5egoaq_6g2csi6Yuvc_80_DX696_DY696_CX348_CY282.png" />
      <file href="presentation_content/6WjXA5egoaq_5yMoiY0k4Hs_80_DX216_DY216.swf" />
      <file href="mobile/6WjXA5egoaq_5yMoiY0k4Hs_80_DX216_DY216_CX108_CY38.png" />
      <file href="presentation_content/6WjXA5egoaq_5sHy0tKmPia_80_DX1350_DY1350.swf" />
      <file href="mobile/6WjXA5egoaq_5sHy0tKmPia_80_DX1350_DY1350_CX675_CY262.png" />
      <file href="presentation_content/6WjXA5egoaq_6U7TZvyAueq_80_DX626_DY626.jpg" />
      <file href="mobile/6WjXA5egoaq_6U7TZvyAueq_80_DX626_DY626_CX330_CY264.jpg" />
      <file href="presentation_content/6WjXA5egoaq_6HptT56IPVQ_80_DX216_DY216.swf" />
      <file href="mobile/6WjXA5egoaq_6HptT56IPVQ_80_DX216_DY216_CX108_CY38.png" />
      <file href="presentation_content/6WjXA5egoaq_5tkqv0YFeDX_80_DX1350_DY1350.swf" />
      <file href="mobile/6WjXA5egoaq_5tkqv0YFeDX_80_DX1350_DY1350_CX675_CY262.png" />
      <file href="presentation_content/6WjXA5egoaq_6lgFhXWsSFv_80_DX504_DY504.swf" />
      <file href="mobile/6WjXA5egoaq_6lgFhXWsSFv_80_DX504_DY504_CX222_CY252.png" />
      <file href="presentation_content/6WjXA5egoaq_66EUiqIUiG9_80_DX216_DY216.swf" />
      <file href="mobile/6WjXA5egoaq_66EUiqIUiG9_80_DX216_DY216_CX108_CY38.png" />
      <file href="presentation_content/6WjXA5egoaq_5wrZ0ZPBDsO_80_DX1350_DY1350.swf" />
      <file href="mobile/6WjXA5egoaq_5wrZ0ZPBDsO_80_DX1350_DY1350_CX675_CY262.png" />
      <file href="presentation_content/6WjXA5egoaq_5rKTfe6cNR7_80_DX216_DY216.swf" />
      <file href="mobile/6WjXA5egoaq_5rKTfe6cNR7_80_DX216_DY216_CX108_CY38.png" />
      <file href="presentation_content/6WjXA5egoaq_6PaTeKWyjLr_80_DX1350_DY1350.swf" />
      <file href="mobile/6WjXA5egoaq_6PaTeKWyjLr_80_DX1350_DY1350_CX675_CY262.png" />
      <file href="presentation_content/6WjXA5egoaq_6HdN4oY5dUk_80_DX598_DY598.swf" />
      <file href="mobile/6WjXA5egoaq_6HdN4oY5dUk_80_DX598_DY598_CX299_CY145.png" />
      <file href="presentation_content/6WjXA5egoaq_5cnznKytxsQ_80_DX216_DY216.swf" />
      <file href="mobile/6WjXA5egoaq_5cnznKytxsQ_80_DX216_DY216_CX108_CY38.png" />
      <file href="presentation_content/6WjXA5egoaq_6obE1YD27Pf_80_DX1350_DY1350.swf" />
      <file href="mobile/6WjXA5egoaq_6obE1YD27Pf_80_DX1350_DY1350_CX675_CY262.png" />
      <file href="presentation_content/6WjXA5egoaq_5Yb9ZKWkWrs_80_DX216_DY216.swf" />
      <file href="mobile/6WjXA5egoaq_5Yb9ZKWkWrs_80_DX216_DY216_CX108_CY38.png" />
      <file href="presentation_content/6WjXA5egoaq_5tdR8aBWWQZ_80_DX1350_DY1350.swf" />
      <file href="mobile/6WjXA5egoaq_5tdR8aBWWQZ_80_DX1350_DY1350_CX675_CY262.png" />
      <file href="presentation_content/6WjXA5egoaq_5gLiPkJ7KO3_80_DX216_DY216.swf" />
      <file href="mobile/6WjXA5egoaq_5gLiPkJ7KO3_80_DX216_DY216_CX108_CY38.png" />
      <file href="presentation_content/6WjXA5egoaq_5criWzhlNxK_80_DX1350_DY1350.swf" />
      <file href="mobile/6WjXA5egoaq_5criWzhlNxK_80_DX1350_DY1350_CX675_CY262.png" />
      <file href="presentation_content/6WjXA5egoaq_sl695shp3_80_DX1312_DY1312.swf" />
      <file href="mobile/6WjXA5egoaq_sl695shp3_80_DX1312_DY1312_CX656_CY403.png" />
      <file href="presentation_content/6WjXA5egoaq_6YIrWYzIaZh_80_DX216_DY216.swf" />
      <file href="mobile/6WjXA5egoaq_6YIrWYzIaZh_80_DX216_DY216_CX108_CY38.png" />
      <file href="presentation_content/6WjXA5egoaq_5Wb2i4ztezl_80_DX1350_DY1350.swf" />
      <file href="mobile/6WjXA5egoaq_5Wb2i4ztezl_80_DX1350_DY1350_CX675_CY262.png" />
      <file href="presentation_content/6WjXA5egoaq_sl700shp3_80_DX1434_DY1434.swf" />
      <file href="mobile/6WjXA5egoaq_sl700shp3_80_DX1434_DY1434_CX717_CY423.png" />
      <file href="presentation_content/6WjXA5egoaq_672GdI9UHJs_80_DX216_DY216.swf" />
      <file href="mobile/6WjXA5egoaq_672GdI9UHJs_80_DX216_DY216_CX108_CY38.png" />
      <file href="presentation_content/6WjXA5egoaq_5uJWz1rRI8y_80_DX1350_DY1350.swf" />
      <file href="mobile/6WjXA5egoaq_5uJWz1rRI8y_80_DX1350_DY1350_CX675_CY262.png" />
      <file href="presentation_content/6WjXA5egoaq_sl701shp3_80_DX1434_DY1434.swf" />
      <file href="mobile/6WjXA5egoaq_sl701shp3_80_DX1434_DY1434_CX717_CY435.png" />
      <file href="presentation_content/6WjXA5egoaq_5qgrFjvpSvd_80_DX216_DY216.swf" />
      <file href="mobile/6WjXA5egoaq_5qgrFjvpSvd_80_DX216_DY216_CX108_CY38.png" />
      <file href="presentation_content/6WjXA5egoaq_5bXuocMf1vb_80_DX1350_DY1350.swf" />
      <file href="mobile/6WjXA5egoaq_5bXuocMf1vb_80_DX1350_DY1350_CX675_CY262.png" />
      <file href="presentation_content/6WjXA5egoaq_5a4mHg7RWxP_80_DX216_DY216.swf" />
      <file href="mobile/6WjXA5egoaq_5a4mHg7RWxP_80_DX216_DY216_CX108_CY38.png" />
      <file href="presentation_content/6WjXA5egoaq_5Ummhnyr9nI_80_DX1350_DY1350.swf" />
      <file href="mobile/6WjXA5egoaq_5Ummhnyr9nI_80_DX1350_DY1350_CX675_CY262.png" />
      <file href="presentation_content/6WjXA5egoaq_5mJwPopaBKu_80_DX216_DY216.swf" />
      <file href="mobile/6WjXA5egoaq_5mJwPopaBKu_80_DX216_DY216_CX108_CY38.png" />
      <file href="presentation_content/6WjXA5egoaq_6YSa2t9LlWt_80_DX1350_DY1350.swf" />
      <file href="mobile/6WjXA5egoaq_6YSa2t9LlWt_80_DX1350_DY1350_CX675_CY262.png" />
      <file href="presentation_content/6WjXA5egoaq_6acb3Q2qK0S_80_DX216_DY216.swf" />
      <file href="mobile/6WjXA5egoaq_6acb3Q2qK0S_80_DX216_DY216_CX108_CY38.png" />
      <file href="presentation_content/6WjXA5egoaq_6eeyCO6lZZs_80_DX1350_DY1350.swf" />
      <file href="mobile/6WjXA5egoaq_6eeyCO6lZZs_80_DX1350_DY1350_CX675_CY262.png" />
      <file href="presentation_content/6WjXA5egoaq_6MJvO9magi5_80_DX216_DY216.swf" />
      <file href="mobile/6WjXA5egoaq_6MJvO9magi5_80_DX216_DY216_CX108_CY38.png" />
      <file href="meta.xml" />
      <file href="mobile/6pgmzsmWuGe.jpg" />
      <file href="presentation_content/logo.swf" />
      <file href="mobile/notes/5e6P8BXRcs8.png" />
      <file href="presentation_content/notes/5e6P8BXRcs8.swf" />
      <file href="mobile/notes/6QTgsNgVR1b.png" />
      <file href="presentation_content/notes/6QTgsNgVR1b.swf" />
      <file href="mobile/notes/5yj9TDIEOaC.png" />
      <file href="presentation_content/notes/5yj9TDIEOaC.swf" />
      <file href="mobile/notes/5uDDeO3KQLI.png" />
      <file href="presentation_content/notes/5uDDeO3KQLI.swf" />
      <file href="presentation_content/frame.xml" />
      <file href="presentation_content/frame.js" />
      <file href="presentation_content/user.js" />
      <file href="presentation_unsupported.html" />
      <file href="mobile/Slide6WjXA5egoaq_d1sm.jpg" />
      <file href="mobile/app_store.png" />
      <file href="mobile/linen_background.jpg" />
      <file href="mobile/mobile_icon.png" />
      <file href="mobile/player.css" />
      <file href="mobile/player_compiled.js" />
      <file href="presentation_content/fonts.swf" />
      <file href="mobile/fonts.js" />
      <file href="presentation.swf" />
      <file href="presentation_content/frame.swf" />
      <file href="presentation_content/slides/6WESdzaPqUy.swf" />
      <file href="mobile/slides/6WESdzaPqUy.js" />
      <file href="presentation_content/slides/5tccPrHik30.swf" />
      <file href="mobile/slides/5tccPrHik30.js" />
      <file href="presentation_content/slides/6ByqNOvu6XK.swf" />
      <file href="mobile/slides/6ByqNOvu6XK.js" />
      <file href="presentation_content/slides/6TvNgcAueGp.swf" />
      <file href="mobile/slides/6TvNgcAueGp.js" />
      <file href="presentation_content/slides/6CHiedHiexy.swf" />
      <file href="mobile/slides/6CHiedHiexy.js" />
      <file href="presentation_content/slides/6jeaoNim1wK.swf" />
      <file href="mobile/slides/6jeaoNim1wK.js" />
      <file href="presentation_content/slides/60f4nD7EjmU.swf" />
      <file href="mobile/slides/60f4nD7EjmU.js" />
      <file href="presentation_content/slides/6FaFNf7C891.swf" />
      <file href="mobile/slides/6FaFNf7C891.js" />
      <file href="presentation_content/slides/6XJFoKY6bBH.swf" />
      <file href="mobile/slides/6XJFoKY6bBH.js" />
      <file href="presentation_content/slides/5le370daZCc.swf" />
      <file href="mobile/slides/5le370daZCc.js" />
      <file href="presentation_content/slides/6mt5lT2iymE.swf" />
      <file href="mobile/slides/6mt5lT2iymE.js" />
      <file href="presentation_content/slides/6rO84Gh3ReM.swf" />
      <file href="mobile/slides/6rO84Gh3ReM.js" />
      <file href="presentation_content/slides/5zEmYxK7Ccr.swf" />
      <file href="mobile/slides/5zEmYxK7Ccr.js" />
      <file href="presentation_content/slides/6P7gUNgmsdX.swf" />
      <file href="mobile/slides/6P7gUNgmsdX.js" />
      <file href="presentation_content/slides/6cSP1nGUgiL.swf" />
      <file href="mobile/slides/6cSP1nGUgiL.js" />
      <file href="presentation_content/slides/5vHLtESlu7e.swf" />
      <file href="mobile/slides/5vHLtESlu7e.js" />
      <file href="presentation_content/slides/5e6P8BXRcs8.swf" />
      <file href="mobile/slides/5e6P8BXRcs8.js" />
      <file href="presentation_content/slides/5lhBS6fLBUW.swf" />
      <file href="mobile/slides/5lhBS6fLBUW.js" />
      <file href="presentation_content/slides/6QTgsNgVR1b.swf" />
      <file href="mobile/slides/6QTgsNgVR1b.js" />
      <file href="presentation_content/slides/5yj9TDIEOaC.swf" />
      <file href="mobile/slides/5yj9TDIEOaC.js" />
      <file href="presentation_content/slides/5X9qgyvrsFE.swf" />
      <file href="mobile/slides/5X9qgyvrsFE.js" />
      <file href="presentation_content/slides/5vnbUCBub4K.swf" />
      <file href="mobile/slides/5vnbUCBub4K.js" />
      <file href="presentation_content/slides/6ZNqMlezc7u.swf" />
      <file href="mobile/slides/6ZNqMlezc7u.js" />
      <file href="presentation_content/slides/66PQ1CIyUGr.swf" />
      <file href="mobile/slides/66PQ1CIyUGr.js" />
      <file href="presentation_content/slides/6Ux4m7wEa5F.swf" />
      <file href="mobile/slides/6Ux4m7wEa5F.js" />
      <file href="presentation_content/slides/6Vz7xjDDSh0.swf" />
      <file href="mobile/slides/6Vz7xjDDSh0.js" />
      <file href="presentation_content/slides/6KlkBx4uz7d.swf" />
      <file href="mobile/slides/6KlkBx4uz7d.js" />
      <file href="presentation_content/slides/6YRWMqGTX3w.swf" />
      <file href="mobile/slides/6YRWMqGTX3w.js" />
      <file href="presentation_content/slides/5uDDeO3KQLI.swf" />
      <file href="mobile/slides/5uDDeO3KQLI.js" />
      <file href="presentation_content/slides/6qSOrvXtd2H.swf" />
      <file href="mobile/slides/6qSOrvXtd2H.js" />
      <file href="presentation_content/slides/6MFTm4bntdL.swf" />
      <file href="mobile/slides/6MFTm4bntdL.js" />
      <file href="presentation_content/slides/666rqhCyRln.swf" />
      <file href="mobile/slides/666rqhCyRln.js" />
      <file href="presentation_content/slides/5hVntsHI6VS.swf" />
      <file href="mobile/slides/5hVntsHI6VS.js" />
      <file href="presentation_content/slides/5mmfJgt40q7.swf" />
      <file href="mobile/slides/5mmfJgt40q7.js" />
      <file href="presentation_content/slides/6rE9VBNfchI.swf" />
      <file href="mobile/slides/6rE9VBNfchI.js" />
      <file href="presentation_content/slides/6V6zeuXMho0.swf" />
      <file href="mobile/slides/6V6zeuXMho0.js" />
      <file href="presentation_content/slides/66nEb1dn3cV.swf" />
      <file href="mobile/slides/66nEb1dn3cV.js" />
      <file href="presentation_content/data.swf" />
      <file href="mobile/data.js" />
      <file href="mobile/masks.js" />
      <file href="presentation.html" />
      <file href="presentation_html5.html" />
      <file href="index_lms_html5.html" />
      <file href="presentation_content/blank.html" />
      <file href="presentation_content/presentation.js" />
      <file href="index_lms.html" />
      <file href="lms/AICCComm.html" />
      <file href="lms/AICCFunctions.js" />
      <file href="lms/API.js" />
      <file href="lms/APIConstants.js" />
      <file href="lms/blank.html" />
      <file href="lms/browsersniff.js" />
      <file href="lms/Configuration.js" />
      <file href="lms/goodbye.html" />
      <file href="lms/lms.js" />
      <file href="lms/LMSAPI.js" />
      <file href="lms/NONEFunctions.js" />
      <file href="lms/SCORM2004Functions.js" />
      <file href="lms/SCORMFunctions.js" />
      <file href="lms/UtilityFunctions.js" />
    </resource>
  </resources>
</manifest>