<?xml version="1.0" encoding="utf-8"?>
<manifest identifier="_5m69pTSGyYs_course_id" version="1.0" xmlns="http://www.imsproject.org/xsd/imscp_rootv1p1p2" xmlns:adlcp="http://www.adlnet.org/xsd/adlcp_rootv1p2" xmlns:xsi="http://www.w3.org/2001/XMLSchema-instance" xsi:schemaLocation="http://www.imsproject.org/xsd/imscp_rootv1p1p2 imscp_rootv1p1p2.xsd http://www.imsglobal.org/xsd/imsmd_rootv1p2p1 imsmd_rootv1p2p1.xsd http://www.adlnet.org/xsd/adlcp_rootv1p2 adlcp_rootv1p2.xsd">
  <metadata>
    <schema>ADL SCORM</schema>
    <schemaversion>1.2</schemaversion>
    <lom xmlns="http://www.imsglobal.org/xsd/imsmd_rootv1p2p1" xmlns:xsi="http://www.w3.org/2001/XMLSchema-instance" xsi:schemaLocation="http://www.imsglobal.org/xsd/imsmd_rootv1p2p1 imsmd_rootv1p2p1.xsd">
      <general>
        <title>
          <langstring xml:lang="x-none">Defect Management</langstring>
        </title>
      </general>
      <lifecycle>
        <version>
          <langstring xml:lang="x-none">1</langstring>
        </version>
        <status>
          <source>
            <langstring xml:lang="x-none">LOMv1.0</langstring>
          </source>
          <value>
            <langstring xml:lang="x-none">Final</langstring>
          </value>
        </status>
      </lifecycle>
      <metametadata>
        <metadatascheme>ADL SCORM 1.2</metadatascheme>
      </metametadata>
      <educational>
        <typicallearningtime>
          <datetime>PT0H0M0S</datetime>
        </typicallearningtime>
      </educational>
      <rights>
        <cost>
          <source>
            <langstring xml:lang="x-none">LOMv1.0</langstring>
          </source>
          <value>
            <langstring xml:lang="x-none">yes</langstring>
          </value>
        </cost>
        <copyrightandotherrestrictions>
          <source>
            <langstring xml:lang="x-none">LOMv1.0</langstring>
          </source>
          <value>
            <langstring xml:lang="x-none">yes</langstring>
          </value>
        </copyrightandotherrestrictions>
      </rights>
    </lom>
  </metadata>
  <organizations default="Defect_Management_ORG">
    <organization identifier="Defect_Management_ORG">
      <title>Defect Management</title>
      <item identifier="Defect_Management_SCO" isvisible="true" identifierref="__5m69pTSGyYs_course_id_RES">
        <title>Defect Management</title>
      </item>
    </organization>
  </organizations>
  <resources>
    <resource identifier="__5m69pTSGyYs_course_id_RES" type="webcontent" href="index_lms.html" adlcp:scormtype="sco">
      <file href="presentation_content/thumbnail.jpg" />
      <file href="presentation_content/5s8d2DTD3km_d11_HCLTemplatecl465_TitleSlideshp14_80_DX1440_DY1440.swf" />
      <file href="mobile/5s8d2DTD3km_d11_HCLTemplatecl465_TitleSlideshp14_80_DX1440_DY1440_CX720_CY278.png" />
      <file href="presentation_content/5s8d2DTD3km_d11_HCLTemplatecl465_TitleSlideshp2_80_DX1440_DY1440.swf" />
      <file href="mobile/5s8d2DTD3km_d11_HCLTemplatecl465_TitleSlideshp2_80_DX1440_DY1440_CX720_CY21.png" />
      <file href="presentation_content/5s8d2DTD3km_d11_HCLTemplatecl465_TitleSlideshp15_80_DX1116_DY1116.swf" />
      <file href="mobile/5s8d2DTD3km_d11_HCLTemplatecl465_TitleSlideshp15_80_DX1116_DY1116_CX558_CY76.png" />
      <file href="presentation_content/5s8d2DTD3km_6gf6BKRZUHs_80_DX216_DY216.swf" />
      <file href="mobile/5s8d2DTD3km_6gf6BKRZUHs_80_DX216_DY216_CX108_CY38.png" />
      <file href="presentation_content/5s8d2DTD3km_d11_HCLTemplatesmshp19_80_DX1116_DY1116.swf" />
      <file href="mobile/5s8d2DTD3km_d11_HCLTemplatesmshp19_80_DX1116_DY1116_CX558_CY76.png" />
      <file href="presentation_content/5s8d2DTD3km_6EjQnwwUgVT_80_DX1350_DY1350.swf" />
      <file href="mobile/5s8d2DTD3km_6EjQnwwUgVT_80_DX1350_DY1350_CX675_CY262.png" />
      <file href="presentation_content/5s8d2DTD3km_6E9KKEigs6V_80_DX216_DY216.swf" />
      <file href="mobile/5s8d2DTD3km_6E9KKEigs6V_80_DX216_DY216_CX108_CY38.png" />
      <file href="presentation_content/5s8d2DTD3km_6pzmPXlCe2G_80_DX236_DY236.swf" />
      <file href="mobile/5s8d2DTD3km_6pzmPXlCe2G_80_DX236_DY236_CX118_CY118.png" />
      <file href="presentation_content/5s8d2DTD3km_61fv2INPVpW_80_DX232_DY232.jpg" />
      <file href="mobile/5s8d2DTD3km_61fv2INPVpW_80_DX232_DY232_CX116_CY116.jpg" />
      <file href="presentation_content/5s8d2DTD3km_5wLOBmJVqmt_80_DX240_DY240.swf" />
      <file href="mobile/5s8d2DTD3km_5wLOBmJVqmt_80_DX240_DY240_CX120_CY120.png" />
      <file href="presentation_content/5s8d2DTD3km_6O2YmCSGl69_80_DX232_DY232.jpg" />
      <file href="mobile/5s8d2DTD3km_6O2YmCSGl69_80_DX232_DY232_CX116_CY116.jpg" />
      <file href="presentation_content/5s8d2DTD3km_6iWunWsiz3Q_80_DX1350_DY1350.swf" />
      <file href="mobile/5s8d2DTD3km_6iWunWsiz3Q_80_DX1350_DY1350_CX675_CY262.png" />
      <file href="presentation_content/5s8d2DTD3km_6VMI9ZlzEbf_80_DX216_DY216.swf" />
      <file href="mobile/5s8d2DTD3km_6VMI9ZlzEbf_80_DX216_DY216_CX108_CY38.png" />
      <file href="presentation_content/5s8d2DTD3km_6OfJAuoyLB6_80_DX1440_DY1440.jpg" />
      <file href="mobile/5s8d2DTD3km_6OfJAuoyLB6_80_DX1440_DY1440_CX720_CY415.jpg" />
      <file href="presentation_content/5s8d2DTD3km_5l0ooZdxlU1_80_DX1350_DY1350.swf" />
      <file href="mobile/5s8d2DTD3km_5l0ooZdxlU1_80_DX1350_DY1350_CX675_CY262.png" />
      <file href="presentation_content/5s8d2DTD3km_66LAxSoCUO3_80_DX1350_DY1350.swf" />
      <file href="mobile/5s8d2DTD3km_66LAxSoCUO3_80_DX1350_DY1350_CX675_CY262.png" />
      <file href="presentation_content/5s8d2DTD3km_6LCE9faiNFh_80_DX216_DY216.swf" />
      <file href="mobile/5s8d2DTD3km_6LCE9faiNFh_80_DX216_DY216_CX108_CY38.png" />
      <file href="presentation_content/5s8d2DTD3km_sl675shp4idx1_80_DX954_DY954.swf" />
      <file href="mobile/5s8d2DTD3km_sl675shp4idx1_80_DX954_DY954_CX477_CY60.png" />
      <file href="presentation_content/5s8d2DTD3km_sl675shp4idx15_80_DX120_DY120.swf" />
      <file href="mobile/5s8d2DTD3km_sl675shp4idx15_80_DX120_DY120_CX60_CY60.png" />
      <file href="presentation_content/5s8d2DTD3km_sl675shp4idx16_80_DX954_DY954.swf" />
      <file href="mobile/5s8d2DTD3km_sl675shp4idx16_80_DX954_DY954_CX477_CY61.png" />
      <file href="presentation_content/5s8d2DTD3km_sl675shp4idx18_80_DX122_DY122.swf" />
      <file href="mobile/5s8d2DTD3km_sl675shp4idx18_80_DX122_DY122_CX60_CY61.png" />
      <file href="presentation_content/5s8d2DTD3km_sl675shp4idx19_80_DX954_DY954.swf" />
      <file href="mobile/5s8d2DTD3km_sl675shp4idx19_80_DX954_DY954_CX477_CY61.png" />
      <file href="presentation_content/5s8d2DTD3km_sl675shp4idx21_80_DX122_DY122.swf" />
      <file href="mobile/5s8d2DTD3km_sl675shp4idx21_80_DX122_DY122_CX60_CY61.png" />
      <file href="presentation_content/5s8d2DTD3km_sl675shp4idx5_80_DX954_DY954.swf" />
      <file href="mobile/5s8d2DTD3km_sl675shp4idx5_80_DX954_DY954_CX477_CY60.png" />
      <file href="presentation_content/5s8d2DTD3km_sl675shp4idx7_80_DX120_DY120.swf" />
      <file href="mobile/5s8d2DTD3km_sl675shp4idx7_80_DX120_DY120_CX60_CY60.png" />
      <file href="presentation_content/5s8d2DTD3km_sl675shp4idx25_80_DX954_DY954.swf" />
      <file href="mobile/5s8d2DTD3km_sl675shp4idx25_80_DX954_DY954_CX477_CY60.png" />
      <file href="presentation_content/5s8d2DTD3km_sl675shp4idx27_80_DX120_DY120.swf" />
      <file href="mobile/5s8d2DTD3km_sl675shp4idx27_80_DX120_DY120_CX60_CY60.png" />
      <file href="presentation_content/5s8d2DTD3km_6Ufd7QNQ1XV_80_DX1350_DY1350.swf" />
      <file href="mobile/5s8d2DTD3km_6Ufd7QNQ1XV_80_DX1350_DY1350_CX675_CY262.png" />
      <file href="presentation_content/5s8d2DTD3km_6XrzR57yh1V_80_DX216_DY216.swf" />
      <file href="mobile/5s8d2DTD3km_6XrzR57yh1V_80_DX216_DY216_CX108_CY38.png" />
      <file href="presentation_content/5s8d2DTD3km_5g3HSc3Jy5P_80_DX556_DY556.jpg" />
      <file href="mobile/5s8d2DTD3km_5g3HSc3Jy5P_80_DX556_DY556_CX278_CY150.jpg" />
      <file href="presentation_content/5s8d2DTD3km_5Z0DSh8CDNr_80_DX1350_DY1350.swf" />
      <file href="mobile/5s8d2DTD3km_5Z0DSh8CDNr_80_DX1350_DY1350_CX675_CY262.png" />
      <file href="presentation_content/5s8d2DTD3km_6SxSOSMNPPB_80_DX216_DY216.swf" />
      <file href="mobile/5s8d2DTD3km_6SxSOSMNPPB_80_DX216_DY216_CX108_CY38.png" />
      <file href="presentation_content/5s8d2DTD3km_sl713shp4idx12_80_DX954_DY954.swf" />
      <file href="mobile/5s8d2DTD3km_sl713shp4idx12_80_DX954_DY954_CX477_CY61.png" />
      <file href="presentation_content/5s8d2DTD3km_sl713shp4idx15_80_DX122_DY122.swf" />
      <file href="mobile/5s8d2DTD3km_sl713shp4idx15_80_DX122_DY122_CX60_CY61.png" />
      <file href="presentation_content/5s8d2DTD3km_sl713shp4idx16_80_DX954_DY954.swf" />
      <file href="mobile/5s8d2DTD3km_sl713shp4idx16_80_DX954_DY954_CX477_CY61.png" />
      <file href="presentation_content/5s8d2DTD3km_sl713shp4idx18_80_DX122_DY122.swf" />
      <file href="mobile/5s8d2DTD3km_sl713shp4idx18_80_DX122_DY122_CX60_CY61.png" />
      <file href="presentation_content/5s8d2DTD3km_sl713shp4idx19_80_DX954_DY954.swf" />
      <file href="mobile/5s8d2DTD3km_sl713shp4idx19_80_DX954_DY954_CX477_CY61.png" />
      <file href="presentation_content/5s8d2DTD3km_sl713shp4idx21_80_DX122_DY122.swf" />
      <file href="mobile/5s8d2DTD3km_sl713shp4idx21_80_DX122_DY122_CX60_CY61.png" />
      <file href="presentation_content/5s8d2DTD3km_sl713shp4idx5_80_DX954_DY954.swf" />
      <file href="mobile/5s8d2DTD3km_sl713shp4idx5_80_DX954_DY954_CX477_CY60.png" />
      <file href="presentation_content/5s8d2DTD3km_sl713shp4idx7_80_DX120_DY120.swf" />
      <file href="mobile/5s8d2DTD3km_sl713shp4idx7_80_DX120_DY120_CX60_CY60.png" />
      <file href="presentation_content/5s8d2DTD3km_sl713shp4idx25_80_DX954_DY954.swf" />
      <file href="mobile/5s8d2DTD3km_sl713shp4idx25_80_DX954_DY954_CX477_CY61.png" />
      <file href="presentation_content/5s8d2DTD3km_sl713shp4idx27_80_DX122_DY122.swf" />
      <file href="mobile/5s8d2DTD3km_sl713shp4idx27_80_DX122_DY122_CX60_CY61.png" />
      <file href="presentation_content/5s8d2DTD3km_6261A21UXeJ_80_DX1350_DY1350.swf" />
      <file href="mobile/5s8d2DTD3km_6261A21UXeJ_80_DX1350_DY1350_CX675_CY262.png" />
      <file href="presentation_content/5s8d2DTD3km_67VfnM2F8c2_80_DX216_DY216.swf" />
      <file href="mobile/5s8d2DTD3km_67VfnM2F8c2_80_DX216_DY216_CX108_CY38.png" />
      <file href="presentation_content/5s8d2DTD3km_6Gh4Vlr1juo_80_DX1350_DY1350.swf" />
      <file href="mobile/5s8d2DTD3km_6Gh4Vlr1juo_80_DX1350_DY1350_CX675_CY262.png" />
      <file href="presentation_content/5s8d2DTD3km_5kyFQTGv5eC_80_DX216_DY216.swf" />
      <file href="mobile/5s8d2DTD3km_5kyFQTGv5eC_80_DX216_DY216_CX108_CY38.png" />
      <file href="presentation_content/5s8d2DTD3km_5inuTfrhDgD_80_DX252_DY252.swf" />
      <file href="mobile/5s8d2DTD3km_5inuTfrhDgD_80_DX252_DY252_CX126_CY126.png" />
      <file href="presentation_content/5s8d2DTD3km_6HWfFr6LKjH_X_80_DX122_DY122.swf" />
      <file href="mobile/5s8d2DTD3km_6HWfFr6LKjH_X_80_DX122_DY122_CX57_CY61.png" />
      <file href="presentation_content/5s8d2DTD3km_6PTYOiqGUwz_80_DX206_DY206.swf" />
      <file href="mobile/5s8d2DTD3km_6PTYOiqGUwz_80_DX206_DY206_CX102_CY103.png" />
      <file href="presentation_content/5s8d2DTD3km_5q6696mDF5K_80_DX242_DY242.swf" />
      <file href="mobile/5s8d2DTD3km_5q6696mDF5K_80_DX242_DY242_CX121_CY121.png" />
      <file href="presentation_content/5s8d2DTD3km_5w1Y9lEom3K_80_DX116_DY116.swf" />
      <file href="mobile/5s8d2DTD3km_5w1Y9lEom3K_80_DX116_DY116_CX58_CY58.png" />
      <file href="presentation_content/5s8d2DTD3km_5ks4wqx5vSG_80_DX252_DY252.swf" />
      <file href="mobile/5s8d2DTD3km_5ks4wqx5vSG_80_DX252_DY252_CX126_CY126.png" />
      <file href="presentation_content/5s8d2DTD3km_sl715shp36_80_DX354_DY354.swf" />
      <file href="mobile/5s8d2DTD3km_sl715shp36_80_DX354_DY354_CX144_CY177.png" />
      <file href="presentation_content/5s8d2DTD3km_6d6H0ggZHW9_80_DX162_DY162.swf" />
      <file href="mobile/5s8d2DTD3km_6d6H0ggZHW9_80_DX162_DY162_CX81_CY74.png" />
      <file href="presentation_content/5s8d2DTD3km_6DZO6OpsSDn_80_DX164_DY164.swf" />
      <file href="mobile/5s8d2DTD3km_6DZO6OpsSDn_80_DX164_DY164_CX82_CY75.png" />
      <file href="presentation_content/5s8d2DTD3km_6ln7z2qDMqi_80_DX88_DY88.swf" />
      <file href="mobile/5s8d2DTD3km_6ln7z2qDMqi_80_DX88_DY88_CX44_CY44.png" />
      <file href="presentation_content/5s8d2DTD3km_5dTXRCOGftw_X_80_DX122_DY122.swf" />
      <file href="mobile/5s8d2DTD3km_5dTXRCOGftw_X_80_DX122_DY122_CX57_CY61.png" />
      <file href="presentation_content/5s8d2DTD3km_5fIsPGPiiuT_80_DX82_DY82.swf" />
      <file href="mobile/5s8d2DTD3km_5fIsPGPiiuT_80_DX82_DY82_CX41_CY41.png" />
      <file href="presentation_content/5s8d2DTD3km_5weOxZUHeOe_80_DX1350_DY1350.swf" />
      <file href="mobile/5s8d2DTD3km_5weOxZUHeOe_80_DX1350_DY1350_CX675_CY262.png" />
      <file href="presentation_content/5s8d2DTD3km_5sVzvDxQqr0_80_DX216_DY216.swf" />
      <file href="mobile/5s8d2DTD3km_5sVzvDxQqr0_80_DX216_DY216_CX108_CY38.png" />
      <file href="presentation_content/5s8d2DTD3km_sl716shp4idx12_80_DX954_DY954.swf" />
      <file href="mobile/5s8d2DTD3km_sl716shp4idx12_80_DX954_DY954_CX477_CY60.png" />
      <file href="presentation_content/5s8d2DTD3km_sl716shp4idx15_80_DX120_DY120.swf" />
      <file href="mobile/5s8d2DTD3km_sl716shp4idx15_80_DX120_DY120_CX60_CY60.png" />
      <file href="presentation_content/5s8d2DTD3km_sl716shp4idx16_80_DX954_DY954.swf" />
      <file href="mobile/5s8d2DTD3km_sl716shp4idx16_80_DX954_DY954_CX477_CY61.png" />
      <file href="presentation_content/5s8d2DTD3km_sl716shp4idx18_80_DX122_DY122.swf" />
      <file href="mobile/5s8d2DTD3km_sl716shp4idx18_80_DX122_DY122_CX60_CY61.png" />
      <file href="presentation_content/5s8d2DTD3km_sl716shp4idx19_80_DX954_DY954.swf" />
      <file href="mobile/5s8d2DTD3km_sl716shp4idx19_80_DX954_DY954_CX477_CY61.png" />
      <file href="presentation_content/5s8d2DTD3km_sl716shp4idx21_80_DX122_DY122.swf" />
      <file href="mobile/5s8d2DTD3km_sl716shp4idx21_80_DX122_DY122_CX60_CY61.png" />
      <file href="presentation_content/5s8d2DTD3km_sl716shp4idx5_80_DX954_DY954.swf" />
      <file href="mobile/5s8d2DTD3km_sl716shp4idx5_80_DX954_DY954_CX477_CY60.png" />
      <file href="presentation_content/5s8d2DTD3km_sl716shp4idx7_80_DX120_DY120.swf" />
      <file href="mobile/5s8d2DTD3km_sl716shp4idx7_80_DX120_DY120_CX60_CY60.png" />
      <file href="presentation_content/5s8d2DTD3km_sl716shp4idx25_80_DX954_DY954.swf" />
      <file href="mobile/5s8d2DTD3km_sl716shp4idx25_80_DX954_DY954_CX477_CY60.png" />
      <file href="presentation_content/5s8d2DTD3km_sl716shp4idx27_80_DX120_DY120.swf" />
      <file href="mobile/5s8d2DTD3km_sl716shp4idx27_80_DX120_DY120_CX60_CY60.png" />
      <file href="presentation_content/5s8d2DTD3km_6UZxgQl22jh_80_DX1350_DY1350.swf" />
      <file href="mobile/5s8d2DTD3km_6UZxgQl22jh_80_DX1350_DY1350_CX675_CY262.png" />
      <file href="presentation_content/5s8d2DTD3km_662f5KJee5G_80_DX216_DY216.swf" />
      <file href="mobile/5s8d2DTD3km_662f5KJee5G_80_DX216_DY216_CX108_CY38.png" />
      <file href="presentation_content/5s8d2DTD3km_6WW07Rd8xKm_80_DX1378_DY1378.swf" />
      <file href="mobile/5s8d2DTD3km_6WW07Rd8xKm_80_DX1378_DY1378_CX696_CY444.png" />
      <file href="presentation_content/5s8d2DTD3km_60PDqYduxr4_80_DX1350_DY1350.swf" />
      <file href="mobile/5s8d2DTD3km_60PDqYduxr4_80_DX1350_DY1350_CX675_CY262.png" />
      <file href="presentation_content/5s8d2DTD3km_6jiJI4l91RX_80_DX1350_DY1350.swf" />
      <file href="mobile/5s8d2DTD3km_6jiJI4l91RX_80_DX1350_DY1350_CX675_CY262.png" />
      <file href="presentation_content/5s8d2DTD3km_5lXEBam2syH_80_DX216_DY216.swf" />
      <file href="mobile/5s8d2DTD3km_5lXEBam2syH_80_DX216_DY216_CX108_CY38.png" />
      <file href="presentation_content/5s8d2DTD3km_5fBFKuaI8AU_80_DX1436_DY1436.jpg" />
      <file href="mobile/5s8d2DTD3km_5fBFKuaI8AU_80_DX1436_DY1436_CX718_CY417.jpg" />
      <file href="presentation_content/5s8d2DTD3km_5deaKyDuYM4_80_DX1350_DY1350.swf" />
      <file href="mobile/5s8d2DTD3km_5deaKyDuYM4_80_DX1350_DY1350_CX675_CY262.png" />
      <file href="presentation_content/5s8d2DTD3km_5rTxvNmr29u_80_DX1350_DY1350.swf" />
      <file href="mobile/5s8d2DTD3km_5rTxvNmr29u_80_DX1350_DY1350_CX675_CY262.png" />
      <file href="presentation_content/5s8d2DTD3km_5vAayWrZPS3_80_DX216_DY216.swf" />
      <file href="mobile/5s8d2DTD3km_5vAayWrZPS3_80_DX216_DY216_CX108_CY38.png" />
      <file href="presentation_content/5s8d2DTD3km_6mLcBKij5Li_80_DX316_DY316.swf" />
      <file href="mobile/5s8d2DTD3km_6mLcBKij5Li_80_DX316_DY316_CX104_CY158.png" />
      <file href="presentation_content/5s8d2DTD3km_6mfgaNAGxSG_80_DX1350_DY1350.swf" />
      <file href="mobile/5s8d2DTD3km_6mfgaNAGxSG_80_DX1350_DY1350_CX675_CY262.png" />
      <file href="presentation_content/5s8d2DTD3km_5j8dLGbpest_80_DX216_DY216.swf" />
      <file href="mobile/5s8d2DTD3km_5j8dLGbpest_80_DX216_DY216_CX108_CY38.png" />
      <file href="presentation_content/5s8d2DTD3km_6mfd4tfnALl_80_DX312_DY312.swf" />
      <file href="mobile/5s8d2DTD3km_6mfd4tfnALl_80_DX312_DY312_CX116_CY156.png" />
      <file href="presentation_content/5s8d2DTD3km_5cqguVBLuyh_80_DX1350_DY1350.swf" />
      <file href="mobile/5s8d2DTD3km_5cqguVBLuyh_80_DX1350_DY1350_CX675_CY262.png" />
      <file href="presentation_content/5s8d2DTD3km_68UcVjUVgzP_80_DX216_DY216.swf" />
      <file href="mobile/5s8d2DTD3km_68UcVjUVgzP_80_DX216_DY216_CX108_CY38.png" />
      <file href="presentation_content/5s8d2DTD3km_5cTdOCWol6H_80_DX276_DY276.swf" />
      <file href="mobile/5s8d2DTD3km_5cTdOCWol6H_80_DX276_DY276_CX92_CY138.png" />
      <file href="presentation_content/5s8d2DTD3km_6elmN4hT6vC_80_DX1350_DY1350.swf" />
      <file href="mobile/5s8d2DTD3km_6elmN4hT6vC_80_DX1350_DY1350_CX675_CY262.png" />
      <file href="presentation_content/5s8d2DTD3km_6lZ8DNm95jm_80_DX216_DY216.swf" />
      <file href="mobile/5s8d2DTD3km_6lZ8DNm95jm_80_DX216_DY216_CX108_CY38.png" />
      <file href="presentation_content/5s8d2DTD3km_6HCCzNUk1Aq_80_DX266_DY266.swf" />
      <file href="mobile/5s8d2DTD3km_6HCCzNUk1Aq_80_DX266_DY266_CX84_CY133.png" />
      <file href="presentation_content/5s8d2DTD3km_5nljjQW5Mf0_80_DX1350_DY1350.swf" />
      <file href="mobile/5s8d2DTD3km_5nljjQW5Mf0_80_DX1350_DY1350_CX675_CY262.png" />
      <file href="presentation_content/5s8d2DTD3km_5zt1yi7Pu9n_80_DX216_DY216.swf" />
      <file href="mobile/5s8d2DTD3km_5zt1yi7Pu9n_80_DX216_DY216_CX108_CY38.png" />
      <file href="presentation_content/5s8d2DTD3km_66NGZPrZwxp_80_DX1350_DY1350.swf" />
      <file href="mobile/5s8d2DTD3km_66NGZPrZwxp_80_DX1350_DY1350_CX675_CY262.png" />
      <file href="presentation_content/5s8d2DTD3km_6FghuiurrKj_80_DX1350_DY1350.swf" />
      <file href="mobile/5s8d2DTD3km_6FghuiurrKj_80_DX1350_DY1350_CX675_CY262.png" />
      <file href="presentation_content/5s8d2DTD3km_6kNZCQa0ILr_80_DX216_DY216.swf" />
      <file href="mobile/5s8d2DTD3km_6kNZCQa0ILr_80_DX216_DY216_CX108_CY38.png" />
      <file href="presentation_content/5s8d2DTD3km_5mOYSYOHBGZ_80_DX462_DY462.jpg" />
      <file href="mobile/5s8d2DTD3km_5mOYSYOHBGZ_80_DX462_DY462_CX231_CY179.jpg" />
      <file href="presentation_content/5s8d2DTD3km_5sI6sfIEAtg_80_DX1350_DY1350.swf" />
      <file href="mobile/5s8d2DTD3km_5sI6sfIEAtg_80_DX1350_DY1350_CX675_CY262.png" />
      <file href="presentation_content/5s8d2DTD3km_6kiX4QNQZr7_80_DX216_DY216.swf" />
      <file href="mobile/5s8d2DTD3km_6kiX4QNQZr7_80_DX216_DY216_CX108_CY38.png" />
      <file href="presentation_content/5s8d2DTD3km_5g2hTJqLYT8_80_DX1368_DY1368.swf" />
      <file href="mobile/5s8d2DTD3km_5g2hTJqLYT8_80_DX1368_DY1368_CX684_CY420.png" />
      <file href="presentation_content/5s8d2DTD3km_5rEpDkuVhA8_80_DX1350_DY1350.swf" />
      <file href="mobile/5s8d2DTD3km_5rEpDkuVhA8_80_DX1350_DY1350_CX675_CY262.png" />
      <file href="presentation_content/5s8d2DTD3km_5kdVYh3a7u0_80_DX1350_DY1350.swf" />
      <file href="mobile/5s8d2DTD3km_5kdVYh3a7u0_80_DX1350_DY1350_CX675_CY262.png" />
      <file href="presentation_content/5s8d2DTD3km_6C5TcSdiNcj_80_DX216_DY216.swf" />
      <file href="mobile/5s8d2DTD3km_6C5TcSdiNcj_80_DX216_DY216_CX108_CY38.png" />
      <file href="presentation_content/5s8d2DTD3km_5pGuuSsunNR_80_DX1350_DY1350.swf" />
      <file href="mobile/5s8d2DTD3km_5pGuuSsunNR_80_DX1350_DY1350_CX675_CY262.png" />
      <file href="presentation_content/5s8d2DTD3km_6EMqdPxeuUr_80_DX216_DY216.swf" />
      <file href="mobile/5s8d2DTD3km_6EMqdPxeuUr_80_DX216_DY216_CX108_CY38.png" />
      <file href="presentation_content/5s8d2DTD3km_6Rc743j3edb_80_DX1350_DY1350.swf" />
      <file href="mobile/5s8d2DTD3km_6Rc743j3edb_80_DX1350_DY1350_CX675_CY262.png" />
      <file href="presentation_content/5s8d2DTD3km_6Tv0S3A8bRy_80_DX216_DY216.swf" />
      <file href="mobile/5s8d2DTD3km_6Tv0S3A8bRy_80_DX216_DY216_CX108_CY38.png" />
      <file href="presentation_content/5s8d2DTD3km_65r4TyC8yZR_80_DX1350_DY1350.swf" />
      <file href="mobile/5s8d2DTD3km_65r4TyC8yZR_80_DX1350_DY1350_CX675_CY262.png" />
      <file href="presentation_content/5s8d2DTD3km_5sB1HC5kMqt_80_DX216_DY216.swf" />
      <file href="mobile/5s8d2DTD3km_5sB1HC5kMqt_80_DX216_DY216_CX108_CY38.png" />
      <file href="presentation_content/5s8d2DTD3km_6bvnFxApmFb_80_DX1350_DY1350.swf" />
      <file href="mobile/5s8d2DTD3km_6bvnFxApmFb_80_DX1350_DY1350_CX675_CY262.png" />
      <file href="presentation_content/5s8d2DTD3km_5rVSkA3JPOW_80_DX216_DY216.swf" />
      <file href="mobile/5s8d2DTD3km_5rVSkA3JPOW_80_DX216_DY216_CX108_CY38.png" />
      <file href="presentation_content/5s8d2DTD3km_6g6iBlNIvup_80_DX1436_DY1436.jpg" />
      <file href="mobile/5s8d2DTD3km_6g6iBlNIvup_80_DX1436_DY1436_CX718_CY417.jpg" />
      <file href="presentation_content/5s8d2DTD3km_5ygNS4WdMFM_80_DX1350_DY1350.swf" />
      <file href="mobile/5s8d2DTD3km_5ygNS4WdMFM_80_DX1350_DY1350_CX675_CY262.png" />
      <file href="presentation_content/5s8d2DTD3km_6ibsuDsdxoG_80_DX1350_DY1350.swf" />
      <file href="mobile/5s8d2DTD3km_6ibsuDsdxoG_80_DX1350_DY1350_CX675_CY262.png" />
      <file href="presentation_content/5s8d2DTD3km_6YAPPGTsYY4_80_DX216_DY216.swf" />
      <file href="mobile/5s8d2DTD3km_6YAPPGTsYY4_80_DX216_DY216_CX108_CY38.png" />
      <file href="presentation_content/5s8d2DTD3km_6KlALT4RPdG_80_DX1350_DY1350.swf" />
      <file href="mobile/5s8d2DTD3km_6KlALT4RPdG_80_DX1350_DY1350_CX675_CY262.png" />
      <file href="presentation_content/5s8d2DTD3km_6ObM0hEQMRc_80_DX216_DY216.swf" />
      <file href="mobile/5s8d2DTD3km_6ObM0hEQMRc_80_DX216_DY216_CX108_CY38.png" />
      <file href="presentation_content/5s8d2DTD3km_sl718shp4idx12_80_DX952_DY952.swf" />
      <file href="mobile/5s8d2DTD3km_sl718shp4idx12_80_DX952_DY952_CX476_CY51.png" />
      <file href="presentation_content/5s8d2DTD3km_sl718shp4idx15_80_DX102_DY102.swf" />
      <file href="mobile/5s8d2DTD3km_sl718shp4idx15_80_DX102_DY102_CX51_CY51.png" />
      <file href="presentation_content/5s8d2DTD3km_sl718shp4idx16_80_DX952_DY952.swf" />
      <file href="mobile/5s8d2DTD3km_sl718shp4idx16_80_DX952_DY952_CX476_CY52.png" />
      <file href="presentation_content/5s8d2DTD3km_sl718shp4idx18_80_DX102_DY102.swf" />
      <file href="mobile/5s8d2DTD3km_sl718shp4idx18_80_DX102_DY102_CX51_CY51.png" />
      <file href="presentation_content/5s8d2DTD3km_sl718shp4idx19_80_DX952_DY952.swf" />
      <file href="mobile/5s8d2DTD3km_sl718shp4idx19_80_DX952_DY952_CX476_CY51.png" />
      <file href="presentation_content/5s8d2DTD3km_sl718shp4idx21_80_DX102_DY102.swf" />
      <file href="mobile/5s8d2DTD3km_sl718shp4idx21_80_DX102_DY102_CX51_CY51.png" />
      <file href="presentation_content/5s8d2DTD3km_sl718shp4idx5_80_DX952_DY952.swf" />
      <file href="mobile/5s8d2DTD3km_sl718shp4idx5_80_DX952_DY952_CX476_CY51.png" />
      <file href="presentation_content/5s8d2DTD3km_sl718shp4idx7_80_DX102_DY102.swf" />
      <file href="mobile/5s8d2DTD3km_sl718shp4idx7_80_DX102_DY102_CX51_CY51.png" />
      <file href="presentation_content/5s8d2DTD3km_sl718shp4idx25_80_DX952_DY952.swf" />
      <file href="mobile/5s8d2DTD3km_sl718shp4idx25_80_DX952_DY952_CX476_CY51.png" />
      <file href="presentation_content/5s8d2DTD3km_sl718shp4idx27_80_DX102_DY102.swf" />
      <file href="mobile/5s8d2DTD3km_sl718shp4idx27_80_DX102_DY102_CX51_CY51.png" />
      <file href="presentation_content/5s8d2DTD3km_sl718shp4idx28_80_DX952_DY952.swf" />
      <file href="mobile/5s8d2DTD3km_sl718shp4idx28_80_DX952_DY952_CX476_CY52.png" />
      <file href="presentation_content/5s8d2DTD3km_sl718shp4idx30_80_DX102_DY102.swf" />
      <file href="mobile/5s8d2DTD3km_sl718shp4idx30_80_DX102_DY102_CX51_CY51.png" />
      <file href="presentation_content/5s8d2DTD3km_6Z6pr1QnjJn_80_DX1350_DY1350.swf" />
      <file href="mobile/5s8d2DTD3km_6Z6pr1QnjJn_80_DX1350_DY1350_CX675_CY262.png" />
      <file href="presentation_content/5s8d2DTD3km_5w62CeI6TSy_80_DX216_DY216.swf" />
      <file href="mobile/5s8d2DTD3km_5w62CeI6TSy_80_DX216_DY216_CX108_CY38.png" />
      <file href="presentation_content/5s8d2DTD3km_6DGcohlDCNb_80_DX1396_DY1396.swf" />
      <file href="mobile/5s8d2DTD3km_6DGcohlDCNb_80_DX1396_DY1396_CX698_CY396.png" />
      <file href="presentation_content/5s8d2DTD3km_5v80f709uJb_80_DX1350_DY1350.swf" />
      <file href="mobile/5s8d2DTD3km_5v80f709uJb_80_DX1350_DY1350_CX675_CY262.png" />
      <file href="presentation_content/5s8d2DTD3km_6E113a4WuuF_80_DX1350_DY1350.swf" />
      <file href="mobile/5s8d2DTD3km_6E113a4WuuF_80_DX1350_DY1350_CX675_CY262.png" />
      <file href="presentation_content/5s8d2DTD3km_5W8MNKkxrm3_80_DX216_DY216.swf" />
      <file href="mobile/5s8d2DTD3km_5W8MNKkxrm3_80_DX216_DY216_CX108_CY38.png" />
      <file href="presentation_content/5s8d2DTD3km_5tRXW2fxn1N_80_DX1350_DY1350.swf" />
      <file href="mobile/5s8d2DTD3km_5tRXW2fxn1N_80_DX1350_DY1350_CX675_CY262.png" />
      <file href="presentation_content/5s8d2DTD3km_5nRqwmBICew_80_DX216_DY216.swf" />
      <file href="mobile/5s8d2DTD3km_5nRqwmBICew_80_DX216_DY216_CX108_CY38.png" />
      <file href="presentation_content/5s8d2DTD3km_6ONJoivFNKk_80_DX1440_DY1440.jpg" />
      <file href="mobile/5s8d2DTD3km_6ONJoivFNKk_80_DX1440_DY1440_CX720_CY418.jpg" />
      <file href="presentation_content/5s8d2DTD3km_6AwMI2MAMR3_80_DX1350_DY1350.swf" />
      <file href="mobile/5s8d2DTD3km_6AwMI2MAMR3_80_DX1350_DY1350_CX675_CY262.png" />
      <file href="presentation_content/5s8d2DTD3km_66TWYXUFy7s_80_DX1350_DY1350.swf" />
      <file href="mobile/5s8d2DTD3km_66TWYXUFy7s_80_DX1350_DY1350_CX675_CY262.png" />
      <file href="presentation_content/5s8d2DTD3km_6oXfcL71vxV_80_DX216_DY216.swf" />
      <file href="mobile/5s8d2DTD3km_6oXfcL71vxV_80_DX216_DY216_CX108_CY38.png" />
      <file href="presentation_content/5s8d2DTD3km_5dxWApf3Ruk_80_DX568_DY568.jpg" />
      <file href="mobile/5s8d2DTD3km_5dxWApf3Ruk_80_DX568_DY568_CX720_CY408.jpg" />
      <file href="presentation_content/5s8d2DTD3km_5v8LH00IV8U_80_DX1350_DY1350.swf" />
      <file href="mobile/5s8d2DTD3km_5v8LH00IV8U_80_DX1350_DY1350_CX675_CY262.png" />
      <file href="presentation_content/5s8d2DTD3km_6ASdVtAo5OD_80_DX1350_DY1350.swf" />
      <file href="mobile/5s8d2DTD3km_6ASdVtAo5OD_80_DX1350_DY1350_CX675_CY262.png" />
      <file href="presentation_content/5s8d2DTD3km_60pygvjmxj3_80_DX216_DY216.swf" />
      <file href="mobile/5s8d2DTD3km_60pygvjmxj3_80_DX216_DY216_CX108_CY38.png" />
      <file href="presentation_content/5s8d2DTD3km_6We05VojUIw_80_DX1440_DY1440.jpg" />
      <file href="mobile/5s8d2DTD3km_6We05VojUIw_80_DX1440_DY1440_CX720_CY405.jpg" />
      <file href="presentation_content/5s8d2DTD3km_5n2zt1BcNjr_80_DX1350_DY1350.swf" />
      <file href="mobile/5s8d2DTD3km_5n2zt1BcNjr_80_DX1350_DY1350_CX675_CY262.png" />
      <file href="presentation_content/5s8d2DTD3km_6KgOpLBqYVU_80_DX1350_DY1350.swf" />
      <file href="mobile/5s8d2DTD3km_6KgOpLBqYVU_80_DX1350_DY1350_CX675_CY262.png" />
      <file href="presentation_content/5s8d2DTD3km_5aBU5Fa8Sci_80_DX216_DY216.swf" />
      <file href="mobile/5s8d2DTD3km_5aBU5Fa8Sci_80_DX216_DY216_CX108_CY38.png" />
      <file href="presentation_content/5s8d2DTD3km_6loI0XgvAPG_80_DX1440_DY1440.jpg" />
      <file href="mobile/5s8d2DTD3km_6loI0XgvAPG_80_DX1440_DY1440_CX720_CY405.jpg" />
      <file href="presentation_content/5s8d2DTD3km_6qUo9bSO9ag_80_DX1350_DY1350.swf" />
      <file href="mobile/5s8d2DTD3km_6qUo9bSO9ag_80_DX1350_DY1350_CX675_CY262.png" />
      <file href="presentation_content/5s8d2DTD3km_62uYRRJPjo5_80_DX1350_DY1350.swf" />
      <file href="mobile/5s8d2DTD3km_62uYRRJPjo5_80_DX1350_DY1350_CX675_CY262.png" />
      <file href="presentation_content/5s8d2DTD3km_5Zz2MCk9AJZ_80_DX216_DY216.swf" />
      <file href="mobile/5s8d2DTD3km_5Zz2MCk9AJZ_80_DX216_DY216_CX108_CY38.png" />
      <file href="presentation_content/5s8d2DTD3km_6kd9GaiPL22_80_DX1440_DY1440.jpg" />
      <file href="mobile/5s8d2DTD3km_6kd9GaiPL22_80_DX1440_DY1440_CX720_CY405.jpg" />
      <file href="presentation_content/5s8d2DTD3km_6VrlVo8XVc3_80_DX1350_DY1350.swf" />
      <file href="mobile/5s8d2DTD3km_6VrlVo8XVc3_80_DX1350_DY1350_CX675_CY262.png" />
      <file href="presentation_content/5s8d2DTD3km_5yFmnD23N1w_80_DX216_DY216.swf" />
      <file href="mobile/5s8d2DTD3km_5yFmnD23N1w_80_DX216_DY216_CX108_CY38.png" />
      <file href="meta.xml" />
      <file href="mobile/6EOijlO4GOM.jpg" />
      <file href="presentation_content/logo.swf" />
      <file href="mobile/notes/5YU9L21lZ2u.png" />
      <file href="presentation_content/notes/5YU9L21lZ2u.swf" />
      <file href="presentation_content/frame.xml" />
      <file href="presentation_content/frame.js" />
      <file href="presentation_content/user.js" />
      <file href="presentation_unsupported.html" />
      <file href="mobile/Slide5s8d2DTD3km_d1sm.jpg" />
      <file href="mobile/app_store.png" />
      <file href="mobile/linen_background.jpg" />
      <file href="mobile/mobile_icon.png" />
      <file href="mobile/player.css" />
      <file href="mobile/player_compiled.js" />
      <file href="presentation_content/fonts.swf" />
      <file href="mobile/fonts.js" />
      <file href="presentation.swf" />
      <file href="presentation_content/frame.swf" />
      <file href="presentation_content/slides/69YUBkt5401.swf" />
      <file href="mobile/slides/69YUBkt5401.js" />
      <file href="presentation_content/slides/6pRBchN9MAc.swf" />
      <file href="mobile/slides/6pRBchN9MAc.js" />
      <file href="presentation_content/slides/5YU9L21lZ2u.swf" />
      <file href="mobile/slides/5YU9L21lZ2u.js" />
      <file href="presentation_content/slides/5YpmDItxhF3.swf" />
      <file href="mobile/slides/5YpmDItxhF3.js" />
      <file href="presentation_content/slides/6Udmk5s33Cs.swf" />
      <file href="mobile/slides/6Udmk5s33Cs.js" />
      <file href="presentation_content/slides/5e1Y2MgIO0e.swf" />
      <file href="mobile/slides/5e1Y2MgIO0e.js" />
      <file href="presentation_content/slides/6i02ZgrXpjP.swf" />
      <file href="mobile/slides/6i02ZgrXpjP.js" />
      <file href="presentation_content/slides/6lVcokLasI5.swf" />
      <file href="mobile/slides/6lVcokLasI5.js" />
      <file href="presentation_content/slides/68Dmec8wtLK.swf" />
      <file href="mobile/slides/68Dmec8wtLK.js" />
      <file href="presentation_content/slides/5q4VSFiGGjI.swf" />
      <file href="mobile/slides/5q4VSFiGGjI.js" />
      <file href="presentation_content/slides/5qLR8YutW8x.swf" />
      <file href="mobile/slides/5qLR8YutW8x.js" />
      <file href="presentation_content/slides/6olkRwLehk5.swf" />
      <file href="mobile/slides/6olkRwLehk5.js" />
      <file href="presentation_content/slides/5yY3yAzR69v.swf" />
      <file href="mobile/slides/5yY3yAzR69v.js" />
      <file href="presentation_content/slides/6lLZ71W3zCI.swf" />
      <file href="mobile/slides/6lLZ71W3zCI.js" />
      <file href="presentation_content/slides/6ne9byY6H5s.swf" />
      <file href="mobile/slides/6ne9byY6H5s.js" />
      <file href="presentation_content/slides/6YSdRrWyABV.swf" />
      <file href="mobile/slides/6YSdRrWyABV.js" />
      <file href="presentation_content/slides/6IOeqNHfD4X.swf" />
      <file href="mobile/slides/6IOeqNHfD4X.js" />
      <file href="presentation_content/slides/6Y7LJ43y0uL.swf" />
      <file href="mobile/slides/6Y7LJ43y0uL.js" />
      <file href="presentation_content/slides/6jDqeurvXC6.swf" />
      <file href="mobile/slides/6jDqeurvXC6.js" />
      <file href="presentation_content/slides/5hAlGeNv1to.swf" />
      <file href="mobile/slides/5hAlGeNv1to.js" />
      <file href="presentation_content/slides/6fHRxH13y39.swf" />
      <file href="mobile/slides/6fHRxH13y39.js" />
      <file href="presentation_content/slides/5YJwDTbpNIY.swf" />
      <file href="mobile/slides/5YJwDTbpNIY.js" />
      <file href="presentation_content/slides/67DEaaLf6k4.swf" />
      <file href="mobile/slides/67DEaaLf6k4.js" />
      <file href="presentation_content/slides/6WRXr5aI8Ib.swf" />
      <file href="mobile/slides/6WRXr5aI8Ib.js" />
      <file href="presentation_content/slides/5VnbOiNRHCx.swf" />
      <file href="mobile/slides/5VnbOiNRHCx.js" />
      <file href="presentation_content/slides/5fbIEXxQhXz.swf" />
      <file href="mobile/slides/5fbIEXxQhXz.js" />
      <file href="presentation_content/slides/5wqCZx9iE86.swf" />
      <file href="mobile/slides/5wqCZx9iE86.js" />
      <file href="presentation_content/slides/5uSa9gzfblt.swf" />
      <file href="mobile/slides/5uSa9gzfblt.js" />
      <file href="presentation_content/slides/5Uq3zQsCYq3.swf" />
      <file href="mobile/slides/5Uq3zQsCYq3.js" />
      <file href="presentation_content/slides/5xtPXupIcL1.swf" />
      <file href="mobile/slides/5xtPXupIcL1.js" />
      <file href="presentation_content/slides/6XUseGRQudQ.swf" />
      <file href="mobile/slides/6XUseGRQudQ.js" />
      <file href="presentation_content/slides/67w9Mdufk0k.swf" />
      <file href="mobile/slides/67w9Mdufk0k.js" />
      <file href="presentation_content/slides/652tFy2xIvs.swf" />
      <file href="mobile/slides/652tFy2xIvs.js" />
      <file href="presentation_content/data.swf" />
      <file href="mobile/data.js" />
      <file href="mobile/masks.js" />
      <file href="presentation.html" />
      <file href="presentation_html5.html" />
      <file href="index_lms_html5.html" />
      <file href="presentation_content/blank.html" />
      <file href="presentation_content/presentation.js" />
      <file href="index_lms.html" />
      <file href="lms/AICCComm.html" />
      <file href="lms/AICCFunctions.js" />
      <file href="lms/API.js" />
      <file href="lms/APIConstants.js" />
      <file href="lms/blank.html" />
      <file href="lms/browsersniff.js" />
      <file href="lms/Configuration.js" />
      <file href="lms/goodbye.html" />
      <file href="lms/lms.js" />
      <file href="lms/LMSAPI.js" />
      <file href="lms/NONEFunctions.js" />
      <file href="lms/SCORM2004Functions.js" />
      <file href="lms/SCORMFunctions.js" />
      <file href="lms/UtilityFunctions.js" />
    </resource>
  </resources>
</manifest>