<?xml version="1.0" encoding="utf-8"?>
<manifest identifier="_5lo5c8Y5kV2_course_id" version="1.0" xmlns="http://www.imsproject.org/xsd/imscp_rootv1p1p2" xmlns:adlcp="http://www.adlnet.org/xsd/adlcp_rootv1p2" xmlns:xsi="http://www.w3.org/2001/XMLSchema-instance" xsi:schemaLocation="http://www.imsproject.org/xsd/imscp_rootv1p1p2 imscp_rootv1p1p2.xsd http://www.imsglobal.org/xsd/imsmd_rootv1p2p1 imsmd_rootv1p2p1.xsd http://www.adlnet.org/xsd/adlcp_rootv1p2 adlcp_rootv1p2.xsd">
  <metadata>
    <schema>ADL SCORM</schema>
    <schemaversion>1.2</schemaversion>
    <lom xmlns="http://www.imsglobal.org/xsd/imsmd_rootv1p2p1" xmlns:xsi="http://www.w3.org/2001/XMLSchema-instance" xsi:schemaLocation="http://www.imsglobal.org/xsd/imsmd_rootv1p2p1 imsmd_rootv1p2p1.xsd">
      <general>
        <title>
          <langstring xml:lang="x-none">TypesOfTesting</langstring>
        </title>
      </general>
      <lifecycle>
        <version>
          <langstring xml:lang="x-none">1</langstring>
        </version>
        <status>
          <source>
            <langstring xml:lang="x-none">LOMv1.0</langstring>
          </source>
          <value>
            <langstring xml:lang="x-none">Final</langstring>
          </value>
        </status>
      </lifecycle>
      <metametadata>
        <metadatascheme>ADL SCORM 1.2</metadatascheme>
      </metametadata>
      <educational>
        <typicallearningtime>
          <datetime>PT0H0M0S</datetime>
        </typicallearningtime>
      </educational>
      <rights>
        <cost>
          <source>
            <langstring xml:lang="x-none">LOMv1.0</langstring>
          </source>
          <value>
            <langstring xml:lang="x-none">yes</langstring>
          </value>
        </cost>
        <copyrightandotherrestrictions>
          <source>
            <langstring xml:lang="x-none">LOMv1.0</langstring>
          </source>
          <value>
            <langstring xml:lang="x-none">yes</langstring>
          </value>
        </copyrightandotherrestrictions>
      </rights>
    </lom>
  </metadata>
  <organizations default="TypesOfTesting_ORG">
    <organization identifier="TypesOfTesting_ORG">
      <title>TypesOfTesting</title>
      <item identifier="TypesOfTesting_SCO" isvisible="true" identifierref="__5lo5c8Y5kV2_course_id_RES">
        <title>TypesOfTesting</title>
      </item>
    </organization>
  </organizations>
  <resources>
    <resource identifier="__5lo5c8Y5kV2_course_id_RES" type="webcontent" href="index_lms.html" adlcp:scormtype="sco">
      <file href="presentation_content/thumbnail.jpg" />
      <file href="presentation_content/5VT2dxzFASs_d11_HCLTemplatecl465_TitleSlideshp14_80_DX1440_DY1440.swf" />
      <file href="mobile/5VT2dxzFASs_d11_HCLTemplatecl465_TitleSlideshp14_80_DX1440_DY1440_CX720_CY278.png" />
      <file href="presentation_content/5VT2dxzFASs_d11_HCLTemplatecl465_TitleSlideshp2_80_DX1440_DY1440.swf" />
      <file href="mobile/5VT2dxzFASs_d11_HCLTemplatecl465_TitleSlideshp2_80_DX1440_DY1440_CX720_CY21.png" />
      <file href="presentation_content/5VT2dxzFASs_d11_HCLTemplatecl465_TitleSlideshp15_80_DX1116_DY1116.swf" />
      <file href="mobile/5VT2dxzFASs_d11_HCLTemplatecl465_TitleSlideshp15_80_DX1116_DY1116_CX558_CY76.png" />
      <file href="presentation_content/5VT2dxzFASs_6VV6VDBWsEK_80_DX216_DY216.swf" />
      <file href="mobile/5VT2dxzFASs_6VV6VDBWsEK_80_DX216_DY216_CX108_CY38.png" />
      <file href="presentation_content/5VT2dxzFASs_d11_HCLTemplatesmshp19_80_DX1116_DY1116.swf" />
      <file href="mobile/5VT2dxzFASs_d11_HCLTemplatesmshp19_80_DX1116_DY1116_CX558_CY76.png" />
      <file href="presentation_content/5VT2dxzFASs_61I9sicAuar_80_DX216_DY216.swf" />
      <file href="mobile/5VT2dxzFASs_61I9sicAuar_80_DX216_DY216_CX108_CY38.png" />
      <file href="presentation_content/5VT2dxzFASs_6NgnXe0Ginh_80_DX1350_DY1350.swf" />
      <file href="mobile/5VT2dxzFASs_6NgnXe0Ginh_80_DX1350_DY1350_CX675_CY262.png" />
      <file href="presentation_content/5VT2dxzFASs_6Is5rxIxnbz_80_DX216_DY216.swf" />
      <file href="mobile/5VT2dxzFASs_6Is5rxIxnbz_80_DX216_DY216_CX108_CY38.png" />
      <file href="presentation_content/5VT2dxzFASs_6iPyIhVtx7M_80_DX1350_DY1350.swf" />
      <file href="mobile/5VT2dxzFASs_6iPyIhVtx7M_80_DX1350_DY1350_CX675_CY262.png" />
      <file href="presentation_content/5VT2dxzFASs_6L884Mj2QPQ_80_DX216_DY216.swf" />
      <file href="mobile/5VT2dxzFASs_6L884Mj2QPQ_80_DX216_DY216_CX108_CY38.png" />
      <file href="presentation_content/5VT2dxzFASs_5al2XPKfNGV_80_DX1350_DY1350.swf" />
      <file href="mobile/5VT2dxzFASs_5al2XPKfNGV_80_DX1350_DY1350_CX675_CY262.png" />
      <file href="presentation_content/5VT2dxzFASs_6ExEcZp3UJ2_80_DX216_DY216.swf" />
      <file href="mobile/5VT2dxzFASs_6ExEcZp3UJ2_80_DX216_DY216_CX108_CY38.png" />
      <file href="presentation_content/5VT2dxzFASs_62OuoBxhSja_80_DX1350_DY1350.swf" />
      <file href="mobile/5VT2dxzFASs_62OuoBxhSja_80_DX1350_DY1350_CX675_CY262.png" />
      <file href="presentation_content/5VT2dxzFASs_5e8M9WFsc1O_80_DX216_DY216.swf" />
      <file href="mobile/5VT2dxzFASs_5e8M9WFsc1O_80_DX216_DY216_CX108_CY38.png" />
      <file href="presentation_content/5VT2dxzFASs_6fnmnpqUpL7_80_DX1350_DY1350.swf" />
      <file href="mobile/5VT2dxzFASs_6fnmnpqUpL7_80_DX1350_DY1350_CX675_CY262.png" />
      <file href="presentation_content/5VT2dxzFASs_5kmJmjrZ7gP_80_DX216_DY216.swf" />
      <file href="mobile/5VT2dxzFASs_5kmJmjrZ7gP_80_DX216_DY216_CX108_CY38.png" />
      <file href="presentation_content/5VT2dxzFASs_6YxmlSnHxVX_80_DX1350_DY1350.swf" />
      <file href="mobile/5VT2dxzFASs_6YxmlSnHxVX_80_DX1350_DY1350_CX675_CY262.png" />
      <file href="presentation_content/5VT2dxzFASs_6O0jV0hkijf_80_DX216_DY216.swf" />
      <file href="mobile/5VT2dxzFASs_6O0jV0hkijf_80_DX216_DY216_CX108_CY38.png" />
      <file href="presentation_content/5VT2dxzFASs_6JHl66Bxlmn_80_DX1350_DY1350.swf" />
      <file href="mobile/5VT2dxzFASs_6JHl66Bxlmn_80_DX1350_DY1350_CX675_CY262.png" />
      <file href="presentation_content/5VT2dxzFASs_6HmgdXQKYQU_80_DX1350_DY1350.swf" />
      <file href="mobile/5VT2dxzFASs_6HmgdXQKYQU_80_DX1350_DY1350_CX675_CY262.png" />
      <file href="presentation_content/5VT2dxzFASs_6YkVq2qW1LP_80_DX216_DY216.swf" />
      <file href="mobile/5VT2dxzFASs_6YkVq2qW1LP_80_DX216_DY216_CX108_CY38.png" />
      <file href="presentation_content/5VT2dxzFASs_6jMCM6Y01Xl_80_DX1350_DY1350.swf" />
      <file href="mobile/5VT2dxzFASs_6jMCM6Y01Xl_80_DX1350_DY1350_CX675_CY262.png" />
      <file href="presentation_content/5VT2dxzFASs_5g2FMYtsoug_80_DX216_DY216.swf" />
      <file href="mobile/5VT2dxzFASs_5g2FMYtsoug_80_DX216_DY216_CX108_CY38.png" />
      <file href="presentation_content/5VT2dxzFASs_6fwYxzSbWVa_80_DX1350_DY1350.swf" />
      <file href="mobile/5VT2dxzFASs_6fwYxzSbWVa_80_DX1350_DY1350_CX675_CY262.png" />
      <file href="presentation_content/5VT2dxzFASs_6AIOD1EZXpY_80_DX216_DY216.swf" />
      <file href="mobile/5VT2dxzFASs_6AIOD1EZXpY_80_DX216_DY216_CX108_CY38.png" />
      <file href="presentation_content/5VT2dxzFASs_6Ju6PNhwug7_80_DX1350_DY1350.swf" />
      <file href="mobile/5VT2dxzFASs_6Ju6PNhwug7_80_DX1350_DY1350_CX675_CY262.png" />
      <file href="presentation_content/5VT2dxzFASs_5fYrTC1qkiL_80_DX216_DY216.swf" />
      <file href="mobile/5VT2dxzFASs_5fYrTC1qkiL_80_DX216_DY216_CX108_CY38.png" />
      <file href="presentation_content/5VT2dxzFASs_6HY33XfBlq5_80_DX1350_DY1350.swf" />
      <file href="mobile/5VT2dxzFASs_6HY33XfBlq5_80_DX1350_DY1350_CX675_CY262.png" />
      <file href="presentation_content/5VT2dxzFASs_6hYDddeXMoY_80_DX216_DY216.swf" />
      <file href="mobile/5VT2dxzFASs_6hYDddeXMoY_80_DX216_DY216_CX108_CY38.png" />
      <file href="presentation_content/5VT2dxzFASs_5lLjDDxMpGC_80_DX1350_DY1350.swf" />
      <file href="mobile/5VT2dxzFASs_5lLjDDxMpGC_80_DX1350_DY1350_CX675_CY262.png" />
      <file href="presentation_content/5VT2dxzFASs_6ihlY8D6ay5_80_DX216_DY216.swf" />
      <file href="mobile/5VT2dxzFASs_6ihlY8D6ay5_80_DX216_DY216_CX108_CY38.png" />
      <file href="presentation_content/5VT2dxzFASs_6VQY9bAt44L_80_DX1350_DY1350.swf" />
      <file href="mobile/5VT2dxzFASs_6VQY9bAt44L_80_DX1350_DY1350_CX675_CY262.png" />
      <file href="presentation_content/5VT2dxzFASs_6fR6irW12pL_80_DX216_DY216.swf" />
      <file href="mobile/5VT2dxzFASs_6fR6irW12pL_80_DX216_DY216_CX108_CY38.png" />
      <file href="presentation_content/5VT2dxzFASs_6eH9ocq0EZb_80_DX1350_DY1350.swf" />
      <file href="mobile/5VT2dxzFASs_6eH9ocq0EZb_80_DX1350_DY1350_CX675_CY262.png" />
      <file href="presentation_content/5VT2dxzFASs_64S0PslElSA_80_DX216_DY216.swf" />
      <file href="mobile/5VT2dxzFASs_64S0PslElSA_80_DX216_DY216_CX108_CY38.png" />
      <file href="presentation_content/5VT2dxzFASs_6BIJsQ1LG2T_80_DX1350_DY1350.swf" />
      <file href="mobile/5VT2dxzFASs_6BIJsQ1LG2T_80_DX1350_DY1350_CX675_CY262.png" />
      <file href="presentation_content/5VT2dxzFASs_5h5cGRqLa5K_80_DX216_DY216.swf" />
      <file href="mobile/5VT2dxzFASs_5h5cGRqLa5K_80_DX216_DY216_CX108_CY38.png" />
      <file href="presentation_content/5VT2dxzFASs_6hSUBEYtgMv_80_DX1350_DY1350.swf" />
      <file href="mobile/5VT2dxzFASs_6hSUBEYtgMv_80_DX1350_DY1350_CX675_CY262.png" />
      <file href="presentation_content/5VT2dxzFASs_6KcsceAhluB_80_DX216_DY216.swf" />
      <file href="mobile/5VT2dxzFASs_6KcsceAhluB_80_DX216_DY216_CX108_CY38.png" />
      <file href="presentation_content/5VT2dxzFASs_5jQMogpiaqa_80_DX1350_DY1350.swf" />
      <file href="mobile/5VT2dxzFASs_5jQMogpiaqa_80_DX1350_DY1350_CX675_CY262.png" />
      <file href="presentation_content/5VT2dxzFASs_5oAMntMKQFe_80_DX216_DY216.swf" />
      <file href="mobile/5VT2dxzFASs_5oAMntMKQFe_80_DX216_DY216_CX108_CY38.png" />
      <file href="presentation_content/5VT2dxzFASs_6gIpLoXWkRr_80_DX1350_DY1350.swf" />
      <file href="mobile/5VT2dxzFASs_6gIpLoXWkRr_80_DX1350_DY1350_CX675_CY262.png" />
      <file href="presentation_content/5VT2dxzFASs_6hIOFWZbImC_80_DX216_DY216.swf" />
      <file href="mobile/5VT2dxzFASs_6hIOFWZbImC_80_DX216_DY216_CX108_CY38.png" />
      <file href="presentation_content/5VT2dxzFASs_64Nea5CW0xv_80_DX1350_DY1350.swf" />
      <file href="mobile/5VT2dxzFASs_64Nea5CW0xv_80_DX1350_DY1350_CX675_CY262.png" />
      <file href="presentation_content/5VT2dxzFASs_6hALttHGTE5_80_DX216_DY216.swf" />
      <file href="mobile/5VT2dxzFASs_6hALttHGTE5_80_DX216_DY216_CX108_CY38.png" />
      <file href="presentation_content/5VT2dxzFASs_5eFhn1e3yQr_80_DX1350_DY1350.swf" />
      <file href="mobile/5VT2dxzFASs_5eFhn1e3yQr_80_DX1350_DY1350_CX675_CY262.png" />
      <file href="presentation_content/5VT2dxzFASs_5i0RvJgznqy_80_DX1350_DY1350.swf" />
      <file href="mobile/5VT2dxzFASs_5i0RvJgznqy_80_DX1350_DY1350_CX675_CY262.png" />
      <file href="presentation_content/5VT2dxzFASs_6SBoH9YSW8j_80_DX216_DY216.swf" />
      <file href="mobile/5VT2dxzFASs_6SBoH9YSW8j_80_DX216_DY216_CX108_CY38.png" />
      <file href="presentation_content/5VT2dxzFASs_6g8cbDTiWU1_80_DX1350_DY1350.swf" />
      <file href="mobile/5VT2dxzFASs_6g8cbDTiWU1_80_DX1350_DY1350_CX675_CY262.png" />
      <file href="presentation_content/5VT2dxzFASs_625GVxlcxG3_80_DX216_DY216.swf" />
      <file href="mobile/5VT2dxzFASs_625GVxlcxG3_80_DX216_DY216_CX108_CY38.png" />
      <file href="presentation_content/5VT2dxzFASs_5xysdMLvtRr_80_DX1350_DY1350.swf" />
      <file href="mobile/5VT2dxzFASs_5xysdMLvtRr_80_DX1350_DY1350_CX675_CY262.png" />
      <file href="presentation_content/5VT2dxzFASs_5z4YPQDhNZl_80_DX216_DY216.swf" />
      <file href="mobile/5VT2dxzFASs_5z4YPQDhNZl_80_DX216_DY216_CX108_CY38.png" />
      <file href="presentation_content/5VT2dxzFASs_6bYk5jLfRCw_80_DX1350_DY1350.swf" />
      <file href="mobile/5VT2dxzFASs_6bYk5jLfRCw_80_DX1350_DY1350_CX675_CY262.png" />
      <file href="presentation_content/5VT2dxzFASs_5kCX8UllwvW_80_DX216_DY216.swf" />
      <file href="mobile/5VT2dxzFASs_5kCX8UllwvW_80_DX216_DY216_CX108_CY38.png" />
      <file href="presentation_content/5VT2dxzFASs_6PGFt4PKSlb_80_DX1350_DY1350.swf" />
      <file href="mobile/5VT2dxzFASs_6PGFt4PKSlb_80_DX1350_DY1350_CX675_CY262.png" />
      <file href="presentation_content/5VT2dxzFASs_6KItWuDoWSW_80_DX216_DY216.swf" />
      <file href="mobile/5VT2dxzFASs_6KItWuDoWSW_80_DX216_DY216_CX108_CY38.png" />
      <file href="presentation_content/5VT2dxzFASs_5VOKzQ6lmLK_80_DX1350_DY1350.swf" />
      <file href="mobile/5VT2dxzFASs_5VOKzQ6lmLK_80_DX1350_DY1350_CX675_CY262.png" />
      <file href="presentation_content/5VT2dxzFASs_62BrpVEHx2F_80_DX216_DY216.swf" />
      <file href="mobile/5VT2dxzFASs_62BrpVEHx2F_80_DX216_DY216_CX108_CY38.png" />
      <file href="presentation_content/5VT2dxzFASs_6HkLMxHqyTK_80_DX1350_DY1350.swf" />
      <file href="mobile/5VT2dxzFASs_6HkLMxHqyTK_80_DX1350_DY1350_CX675_CY262.png" />
      <file href="presentation_content/5VT2dxzFASs_5Yvmj5s2DAS_80_DX216_DY216.swf" />
      <file href="mobile/5VT2dxzFASs_5Yvmj5s2DAS_80_DX216_DY216_CX108_CY38.png" />
      <file href="presentation_content/5VT2dxzFASs_5mya5CyBH5u_80_DX1350_DY1350.swf" />
      <file href="mobile/5VT2dxzFASs_5mya5CyBH5u_80_DX1350_DY1350_CX675_CY262.png" />
      <file href="presentation_content/5VT2dxzFASs_6hqQVAXuS9M_80_DX216_DY216.swf" />
      <file href="mobile/5VT2dxzFASs_6hqQVAXuS9M_80_DX216_DY216_CX108_CY38.png" />
      <file href="presentation_content/5VT2dxzFASs_5cG7Xx6D6lt_80_DX1350_DY1350.swf" />
      <file href="mobile/5VT2dxzFASs_5cG7Xx6D6lt_80_DX1350_DY1350_CX675_CY262.png" />
      <file href="presentation_content/5VT2dxzFASs_6pxYVG8p5Nl_80_DX216_DY216.swf" />
      <file href="mobile/5VT2dxzFASs_6pxYVG8p5Nl_80_DX216_DY216_CX108_CY38.png" />
      <file href="presentation_content/5VT2dxzFASs_6QN4gCfMO3n_80_DX1350_DY1350.swf" />
      <file href="mobile/5VT2dxzFASs_6QN4gCfMO3n_80_DX1350_DY1350_CX675_CY262.png" />
      <file href="presentation_content/5VT2dxzFASs_6QrybbEouf5_80_DX216_DY216.swf" />
      <file href="mobile/5VT2dxzFASs_6QrybbEouf5_80_DX216_DY216_CX108_CY38.png" />
      <file href="presentation_content/5VT2dxzFASs_6qLPEWOcZrw_80_DX1350_DY1350.swf" />
      <file href="mobile/5VT2dxzFASs_6qLPEWOcZrw_80_DX1350_DY1350_CX675_CY262.png" />
      <file href="presentation_content/5VT2dxzFASs_5c7OwaEvXUm_80_DX216_DY216.swf" />
      <file href="mobile/5VT2dxzFASs_5c7OwaEvXUm_80_DX216_DY216_CX108_CY38.png" />
      <file href="presentation_content/5VT2dxzFASs_6f51Jrbvq6m_80_DX1350_DY1350.swf" />
      <file href="mobile/5VT2dxzFASs_6f51Jrbvq6m_80_DX1350_DY1350_CX675_CY262.png" />
      <file href="presentation_content/5VT2dxzFASs_5WOxrT1FwFJ_80_DX216_DY216.swf" />
      <file href="mobile/5VT2dxzFASs_5WOxrT1FwFJ_80_DX216_DY216_CX108_CY38.png" />
      <file href="presentation_content/5VT2dxzFASs_6no9nyhOFQZ_80_DX1350_DY1350.swf" />
      <file href="mobile/5VT2dxzFASs_6no9nyhOFQZ_80_DX1350_DY1350_CX675_CY262.png" />
      <file href="presentation_content/5VT2dxzFASs_6HWZhqh4y7v_80_DX216_DY216.swf" />
      <file href="mobile/5VT2dxzFASs_6HWZhqh4y7v_80_DX216_DY216_CX108_CY38.png" />
      <file href="presentation_content/5VT2dxzFASs_5xotfxL042s_80_DX1350_DY1350.swf" />
      <file href="mobile/5VT2dxzFASs_5xotfxL042s_80_DX1350_DY1350_CX675_CY262.png" />
      <file href="presentation_content/5VT2dxzFASs_5bOxZcQbgSc_80_DX216_DY216.swf" />
      <file href="mobile/5VT2dxzFASs_5bOxZcQbgSc_80_DX216_DY216_CX108_CY38.png" />
      <file href="meta.xml" />
      <file href="mobile/5xuHEkTJquA.jpg" />
      <file href="presentation_content/logo.swf" />
      <file href="presentation_content/frame.xml" />
      <file href="presentation_content/frame.js" />
      <file href="presentation_content/user.js" />
      <file href="presentation_unsupported.html" />
      <file href="mobile/Slide5VT2dxzFASs_d1sm.jpg" />
      <file href="mobile/Slide5VT2dxzFASs_sl701.jpg" />
      <file href="mobile/app_store.png" />
      <file href="mobile/linen_background.jpg" />
      <file href="mobile/mobile_icon.png" />
      <file href="mobile/player.css" />
      <file href="mobile/player_compiled.js" />
      <file href="presentation_content/fonts.swf" />
      <file href="mobile/fonts.js" />
      <file href="presentation.swf" />
      <file href="presentation_content/frame.swf" />
      <file href="presentation_content/slides/5zDENbVeIHq.swf" />
      <file href="mobile/slides/5zDENbVeIHq.js" />
      <file href="presentation_content/slides/5VSpwSHsjoO.swf" />
      <file href="mobile/slides/5VSpwSHsjoO.js" />
      <file href="presentation_content/slides/69DTgQx2dL7.swf" />
      <file href="mobile/slides/69DTgQx2dL7.js" />
      <file href="presentation_content/slides/5q3EaOXPxe5.swf" />
      <file href="mobile/slides/5q3EaOXPxe5.js" />
      <file href="presentation_content/slides/6DYJhz6v2U7.swf" />
      <file href="mobile/slides/6DYJhz6v2U7.js" />
      <file href="presentation_content/slides/6o5o4oVGt2K.swf" />
      <file href="mobile/slides/6o5o4oVGt2K.js" />
      <file href="presentation_content/slides/6YQx6B4aPix.swf" />
      <file href="mobile/slides/6YQx6B4aPix.js" />
      <file href="presentation_content/slides/5yCfy6wXl5O.swf" />
      <file href="mobile/slides/5yCfy6wXl5O.js" />
      <file href="presentation_content/slides/5V0QzYBV0uq.swf" />
      <file href="mobile/slides/5V0QzYBV0uq.js" />
      <file href="presentation_content/slides/6kBRfFPm80p.swf" />
      <file href="mobile/slides/6kBRfFPm80p.js" />
      <file href="presentation_content/slides/61cYfGSaO8U.swf" />
      <file href="mobile/slides/61cYfGSaO8U.js" />
      <file href="presentation_content/slides/5q35XzsDi23.swf" />
      <file href="mobile/slides/5q35XzsDi23.js" />
      <file href="presentation_content/slides/68d7sr5ldGG.swf" />
      <file href="mobile/slides/68d7sr5ldGG.js" />
      <file href="presentation_content/slides/6hodvbrydGu.swf" />
      <file href="mobile/slides/6hodvbrydGu.js" />
      <file href="presentation_content/slides/6K243mYaG1P.swf" />
      <file href="mobile/slides/6K243mYaG1P.js" />
      <file href="presentation_content/slides/5tVt8UuzvOM.swf" />
      <file href="mobile/slides/5tVt8UuzvOM.js" />
      <file href="presentation_content/slides/6FXRBYhO8F6.swf" />
      <file href="mobile/slides/6FXRBYhO8F6.js" />
      <file href="presentation_content/slides/6AYTeFKBNLG.swf" />
      <file href="mobile/slides/6AYTeFKBNLG.js" />
      <file href="presentation_content/slides/5bgoTU7qYHn.swf" />
      <file href="mobile/slides/5bgoTU7qYHn.js" />
      <file href="presentation_content/slides/5jZUOzZouoh.swf" />
      <file href="mobile/slides/5jZUOzZouoh.js" />
      <file href="presentation_content/slides/5wOVgiiaEsd.swf" />
      <file href="mobile/slides/5wOVgiiaEsd.js" />
      <file href="presentation_content/slides/69aXNFA0bdW.swf" />
      <file href="mobile/slides/69aXNFA0bdW.js" />
      <file href="presentation_content/slides/5kcjcOwYuoX.swf" />
      <file href="mobile/slides/5kcjcOwYuoX.js" />
      <file href="presentation_content/slides/6CcETN6lhu9.swf" />
      <file href="mobile/slides/6CcETN6lhu9.js" />
      <file href="presentation_content/slides/6fo05A5xXnZ.swf" />
      <file href="mobile/slides/6fo05A5xXnZ.js" />
      <file href="presentation_content/slides/63w4IMq0aE9.swf" />
      <file href="mobile/slides/63w4IMq0aE9.js" />
      <file href="presentation_content/slides/6lv7E7hWjPW.swf" />
      <file href="mobile/slides/6lv7E7hWjPW.js" />
      <file href="presentation_content/slides/6LoeGJeK1n3.swf" />
      <file href="mobile/slides/6LoeGJeK1n3.js" />
      <file href="presentation_content/slides/61nTw0MxE3C.swf" />
      <file href="mobile/slides/61nTw0MxE3C.js" />
      <file href="presentation_content/slides/5jEbNqt66cJ.swf" />
      <file href="mobile/slides/5jEbNqt66cJ.js" />
      <file href="presentation_content/slides/65HQaJixVKG.swf" />
      <file href="mobile/slides/65HQaJixVKG.js" />
      <file href="presentation_content/slides/6nJ1fatQ6nn.swf" />
      <file href="mobile/slides/6nJ1fatQ6nn.js" />
      <file href="presentation_content/slides/6Vrd7mOortI.swf" />
      <file href="mobile/slides/6Vrd7mOortI.js" />
      <file href="presentation_content/slides/6pfOnnviXvq.swf" />
      <file href="mobile/slides/6pfOnnviXvq.js" />
      <file href="presentation_content/slides/5WeEfs0SBas.swf" />
      <file href="mobile/slides/5WeEfs0SBas.js" />
      <file href="presentation_content/data.swf" />
      <file href="mobile/data.js" />
      <file href="mobile/masks.js" />
      <file href="presentation.html" />
      <file href="presentation_html5.html" />
      <file href="index_lms_html5.html" />
      <file href="presentation_content/blank.html" />
      <file href="presentation_content/presentation.js" />
      <file href="index_lms.html" />
      <file href="lms/AICCComm.html" />
      <file href="lms/AICCFunctions.js" />
      <file href="lms/API.js" />
      <file href="lms/APIConstants.js" />
      <file href="lms/blank.html" />
      <file href="lms/browsersniff.js" />
      <file href="lms/Configuration.js" />
      <file href="lms/goodbye.html" />
      <file href="lms/lms.js" />
      <file href="lms/LMSAPI.js" />
      <file href="lms/NONEFunctions.js" />
      <file href="lms/SCORM2004Functions.js" />
      <file href="lms/SCORMFunctions.js" />
      <file href="lms/UtilityFunctions.js" />
    </resource>
  </resources>
</manifest>