<?xml version="1.0" encoding="utf-8"?><bwFrame xmlns:xsi="http://www.w3.org/2001/XMLSchema-instance" xmlns:xsd="http://www.w3.org/2001/XMLSchema" default_layout="pxnsnfns01001000010" textdirection="ltr" device="false" kbshortcuts="true" outputtype="ap"><layouts><layout name="pxnsnfns01001000010" font="Articulate" controllayout="pxnsnfns01001000010" colorscheme="pxnsnfns01001000010" string_table="pxnsnfns01001000010" /></layouts><control_options><optiongroups><optiongroup name="sidebaroptions"><options><option name="title_enabled" value="true"><options><option name="title_text" value="ProductEngineering_Metrics" /></options></option><option name="logo_enabled" value="true"><options><option name="logo_url" value="presentation_content/logo.swf"><properties><property name="width" value="218" /><property name="height" value="123" /></properties></option><option name="html5_logo_url" value="mobile/6VoE93S0unm.jpg" /></options></option><option name="sidebar_enabled" value="true"><options><option name="sidebarpos" value="left" /></options></option><optionlist name="tabs"><listitems><listitem name="resources" value="false" group="linkright" /><listitem name="customlink" value="true" group="linkright"><properties><property name="title" value="Exit" /><property name="data" value="64XzcATy6MJ" /><property name="ignoreSlideLock" value="true" /></properties></listitem><listitem name="outline" value="true" group="sidebar" /><listitem name="glossary" value="false" group="sidebar" /><listitem name="transcript" value="false" group="sidebar" /></listitems></optionlist><option name="time_enabled" value="false"><options><option name="time_format" value="totalelapsed" /></options></option><option name="info_enabled" value="false"><options><option name="default" value="default" /></options></option><option name="video_enabled" value="false"><options><option name="height" value="135" /></options></option></options></optiongroup><optiongroup name="menuoptions"><options><option name="flow" value="free" /><option name="wraplistitems" value="false" /><option name="tooltips" value="true" /><option name="autocollapse" value="true" /><option name="autonumber" value="true" /><option name="levelbehavior" value="reached" /><option name="levelrestriction" value="unrestricted" /><option name="enableresultsicons" value="false" /></options></optiongroup><optiongroup name="controls"><options><option name="volume" value="false" /><option name="seekbar" value="false"><options><option name="readonly" value="false" /></options></option><option name="search" value="true" /><option name="replay" value="false" /><option name="pauseplay" value="false" /><option name="enableKeyboardShortcuts" value="true" /><option name="elapsedandtotaltime" value="true" /><option name="use_fixed_output_size" value="true" /><option name="output_size_scale_percent" value="100" /></options></optiongroup><optiongroup name="bottombaroptions"><options><option name="bottombar_enabled" value="true" /></options></optiongroup></optiongroups></control_options><control_layouts><control_layout name="pxnsnfns01001000010"><control name="volume" enabled="false" /><control name="seekbar" enabled="false" /><control name="replay" enabled="false" /><control name="pauseplay" enabled="false" /><control name="logo" enabled="true" /><control name="previous" enabled="true" /><control name="next" enabled="true" /><control name="submit" enabled="false" /><control name="finish" enabled="false" /><control name="submitall" enabled="false" /><control name="resources" enabled="false" /><control name="glossary" enabled="false" /><control name="transcript" enabled="false" /><control name="outline" enabled="true"><controls><control name="search" enabled="true" /></controls></control><control name="close_btn" enabled="false" /></control_layout></control_layouts><colorschemes><colorscheme name="pxnsnfns01001000010"><color_group name="infopanel"><group_colors><color name="link_text"><fill type="linear" rotation="90"><colors><color rgb="0x7C2280" alpha="100" stop="0" /></colors></fill></color><color name="link_hover"><fill type="linear" rotation="90"><colors><color rgb="0x0000EE" alpha="100" stop="0" /></colors></fill></color><color name="bg"><fill type="linear" rotation="90"><colors><color rgb="0xFFFFFF" alpha="100" stop="0" /></colors></fill></color><color name="shadow"><fill type="linear" rotation="90"><colors><color rgb="0xB8B8B8" alpha="100" stop="0" /></colors></fill></color><color name="name_text"><fill type="linear" rotation="90"><colors><color rgb="0x444444" alpha="100" stop="0" /></colors></fill></color><color name="title_text"><fill type="linear" rotation="90"><colors><color rgb="0x999999" alpha="100" stop="0" /></colors></fill></color></group_colors></color_group><color_group name="infopanelpopup"><group_colors><color name="link_text"><fill type="linear" rotation="90"><colors><color rgb="0x7C2280" alpha="100" stop="0" /></colors></fill></color><color name="link_hover"><fill type="linear" rotation="90"><colors><color rgb="0x0000EE" alpha="100" stop="0" /></colors></fill></color><color name="bg"><fill type="linear" rotation="90"><colors><color rgb="0xE9E9E9" alpha="100" stop="0" /><color rgb="0xCFCFCF" alpha="100" stop="255" /></colors></fill></color><color name="shadow"><fill type="linear" rotation="90"><colors><color rgb="0xB8B8B8" alpha="100" stop="0" /></colors></fill></color><color name="name_text"><fill type="linear" rotation="90"><colors><color rgb="0x444444" alpha="100" stop="0" /></colors></fill></color><color name="bio_text"><fill type="linear" rotation="90"><colors><color rgb="0x999999" alpha="100" stop="0" /></colors></fill></color></group_colors></color_group><color_group name="timer"><group_colors><color name="duration"><fill type="linear" rotation="90"><colors><color rgb="0x00D7FF" alpha="100" stop="0" /><color rgb="0x00ABFF" alpha="100" stop="255" /></colors></fill></color><color name="elapsed"><fill type="linear" rotation="90"><colors><color rgb="0xFEE347" alpha="100" stop="0" /><color rgb="0xFCCC2A" alpha="100" stop="255" /></colors></fill></color><color name="stroke"><fill type="linear" rotation="90"><colors><color rgb="0xC7C7C7" alpha="100" stop="0" /></colors></fill></color><color name="inner"><fill type="linear" rotation="90"><colors><color rgb="0xFFFFFF" alpha="100" stop="0" /></colors></fill></color><color name="text"><fill type="linear" rotation="90"><colors><color rgb="0x555555" alpha="100" stop="0" /></colors></fill></color></group_colors></color_group><color_group name="window"><group_colors><color name="text"><fill type="linear" rotation="90"><colors><color rgb="0x555555" alpha="100" stop="0" /></colors></fill></color><color name="inner"><fill type="linear" rotation="90"><colors><color rgb="0xEAEAEA" alpha="100" stop="0" /><color rgb="0xCFCFCF" alpha="100" stop="255" /></colors></fill></color><color name="bg"><fill type="linear" rotation="90"><colors><color rgb="0xF3F3F3" alpha="100" stop="0" /></colors></fill></color><color name="diva"><fill type="linear" rotation="90"><colors><color rgb="0xF7F7F7" alpha="100" stop="0" /></colors></fill></color><color name="divb"><fill type="linear" rotation="90"><colors><color rgb="0xD3D3D3" alpha="100" stop="0" /></colors></fill></color><color name="shadow"><fill type="linear" rotation="90"><colors><color rgb="0x000000" alpha="20" stop="0" /></colors></fill></color></group_colors></color_group><color_group name="editor"><group_colors><color name="slide_text"><fill type="linear" rotation="90"><colors><color rgb="0x555555" alpha="100" stop="0" /></colors></fill></color><color name="html_text"><fill type="linear" rotation="90"><colors><color rgb="0x444444" alpha="100" stop="0" /></colors></fill></color><color name="btn_bg"><fill type="linear" rotation="90"><colors><color rgb="0xF5F5F5" alpha="100" stop="0" /><color rgb="0xC7C7C7" alpha="100" stop="255" /></colors></fill></color><color name="btn_hover"><fill type="linear" rotation="90"><colors><color rgb="0xF2F2F2" alpha="100" stop="0" /><color rgb="0xAFAFAF" alpha="100" stop="255" /></colors></fill></color><color name="btn_down"><fill type="linear" rotation="90"><colors><color rgb="0xC7C7C7" alpha="100" stop="0" /><color rgb="0xF4F4F4" alpha="100" stop="255" /></colors></fill></color><color name="btn_border"><fill type="linear" rotation="90"><colors><color rgb="0xB1B1B1" alpha="100" stop="0" /></colors></fill></color><color name="btn_text"><fill type="linear" rotation="90"><colors><color rgb="0x353535" alpha="100" stop="0" /></colors></fill></color><color name="btn_text_shadow"><fill type="linear" rotation="90"><colors><color rgb="0xF0F0F0" alpha="100" stop="0" /></colors></fill></color></group_colors></color_group><color_group name="listitem"><group_colors><color name="selected_text"><fill type="linear" rotation="90"><colors><color rgb="0x353535" alpha="100" stop="0" /></colors></fill></color><color name="lines"><fill type="linear" rotation="90"><colors><color rgb="0xDFDFDF" alpha="100" stop="0" /></colors></fill></color><color name="hover"><fill type="linear" rotation="90"><colors><color rgb="0xE6E6E6" alpha="100" stop="0" /></colors></fill></color><color name="viewed"><fill type="linear" rotation="90"><colors><color rgb="0x909090" alpha="100" stop="0" /></colors></fill></color><color name="text"><fill type="linear" rotation="90"><colors><color rgb="0x353535" alpha="100" stop="0" /></colors></fill></color><color name="selected"><fill type="linear" rotation="90"><colors><color rgb="0xC0E2F1" alpha="100" stop="0" /></colors></fill></color><color name="shadow"><fill type="linear" rotation="90"><colors><color rgb="0xFFFFFF" alpha="100" stop="0" /></colors></fill></color></group_colors></color_group><color_group name="base"><group_colors><color name="text"><fill type="linear" rotation="90"><colors><color rgb="0x555555" alpha="100" stop="0" /></colors></fill></color><color name="diva"><fill type="linear" rotation="90"><colors><color rgb="0xD3D3D3" alpha="100" stop="0" /></colors></fill></color><color name="divb"><fill type="linear" rotation="90"><colors><color rgb="0xF7F7F7" alpha="100" stop="0" /></colors></fill></color><color name="bg"><fill type="linear" rotation="90"><colors><color rgb="0xE9E9E9" alpha="100" stop="0" /><color rgb="0xCFCFCF" alpha="100" stop="255" /></colors></fill></color><color name="border"><fill type="linear" rotation="90"><colors><color rgb="0xE9E9E9" alpha="100" stop="0" /><color rgb="0xF3F3F3" alpha="100" stop="255" /></colors></fill></color><color name="menu_shade"><fill type="linear" rotation="90"><colors><color rgb="0xDBDBDB" alpha="100" stop="0" /><color rgb="0xC3C3C3" alpha="100" stop="255" /></colors></fill></color><color name="slide_bg"><fill type="linear" rotation="90"><colors><color rgb="0xE9E9E9" alpha="100" stop="0" /><color rgb="0xCFCFCF" alpha="100" stop="255" /></colors></fill></color></group_colors></color_group><color_group name="button"><group_colors><color name="btn_bg"><fill type="linear" rotation="90"><colors><color rgb="0xF5F5F5" alpha="100" stop="0" /><color rgb="0xC7C7C7" alpha="100" stop="255" /></colors></fill></color><color name="btn_hover"><fill type="linear" rotation="90"><colors><color rgb="0xF2F2F2" alpha="100" stop="0" /><color rgb="0xAFAFAF" alpha="100" stop="255" /></colors></fill></color><color name="btn_down"><fill type="linear" rotation="90"><colors><color rgb="0xC7C7C7" alpha="100" stop="0" /><color rgb="0xF4F4F4" alpha="100" stop="255" /></colors></fill></color><color name="btn_border"><fill type="linear" rotation="90"><colors><color rgb="0xB1B1B1" alpha="100" stop="0" /></colors></fill></color><color name="btn_text"><fill type="linear" rotation="90"><colors><color rgb="0x353535" alpha="100" stop="0" /></colors></fill></color><color name="btn_text_shadow"><fill type="linear" rotation="90"><colors><color rgb="0xF0F0F0" alpha="100" stop="0" /></colors></fill></color><color name="btn_icon_color"><fill type="linear" rotation="90"><colors><color rgb="0x353535" alpha="100" stop="0" /></colors></fill></color><color name="btn_glow"><fill type="linear" rotation="90"><colors><color rgb="0xCFCFCF" alpha="100" stop="0" /></colors></fill></color></group_colors></color_group><color_group name="checkbox"><group_colors><color name="border"><fill type="linear" rotation="90"><colors><color rgb="0xB8B8B8" alpha="100" stop="0" /></colors></fill></color><color name="bg"><fill type="linear" rotation="90"><colors><color rgb="0xFFFFFF" alpha="100" stop="0" /></colors></fill></color><color name="check"><fill type="linear" rotation="90"><colors><color rgb="0x33CC00" alpha="100" stop="0" /></colors></fill></color><color name="text"><fill type="linear" rotation="90"><colors><color rgb="0x444444" alpha="100" stop="0" /></colors></fill></color><color name="hover"><fill type="linear" rotation="90"><colors><color rgb="0x6BF8FF" alpha="100" stop="0" /></colors></fill></color></group_colors></color_group><color_group name="logo"><group_colors><color name="bg"><fill type="linear" rotation="90"><colors><color rgb="0xFFFFFF" alpha="100" stop="0" /></colors></fill></color><color name="shadow"><fill type="linear" rotation="90"><colors><color rgb="0xB8B8B8" alpha="100" stop="0" /></colors></fill></color></group_colors></color_group><color_group name="menu"><group_colors><color name="bg"><fill type="linear" rotation="90"><colors><color rgb="0xF3F3F3" alpha="100" stop="0" /></colors></fill></color><color name="shadow"><fill type="linear" rotation="90"><colors><color rgb="0xB8B8B8" alpha="100" stop="0" /></colors></fill></color></group_colors></color_group><color_group name="scrollarea"><group_colors><color name="bg"><fill type="linear" rotation="0"><colors><color rgb="0xDEDEDE" alpha="100" stop="0" /><color rgb="0xE8E8E8" alpha="100" stop="128" /></colors></fill></color><color name="border"><fill type="linear" rotation="90"><colors><color rgb="0xF6F6F6" alpha="100" stop="0" /><color rgb="0xF3F3F3" alpha="100" stop="255" /></colors></fill></color><color name="button_bg"><fill type="linear" rotation="90"><colors><color rgb="0xC4C4C4" alpha="100" stop="0" /><color rgb="0xB2B2B2" alpha="100" stop="255" /></colors></fill></color><color name="button_inner"><fill type="linear" rotation="90"><colors><color rgb="0xCBCBCB" alpha="100" stop="0" /><color rgb="0xBABABA" alpha="100" stop="255" /></colors></fill></color><color name="button_border"><fill type="linear" rotation="90"><colors><color rgb="0xB8B8B8" alpha="100" stop="0" /></colors></fill></color><color name="icons"><fill type="linear" rotation="90"><colors><color rgb="0x555555" alpha="100" stop="0" /></colors></fill></color><color name="shadow"><fill type="linear" rotation="90"><colors><color rgb="0xD9D9D9" alpha="100" stop="0" /></colors></fill></color><color name="detaila"><fill type="linear" rotation="90"><colors><color rgb="0xA7A7A7" alpha="100" stop="0" /></colors></fill></color><color name="detailb"><fill type="linear" rotation="90"><colors><color rgb="0xCFCFCF" alpha="100" stop="0" /></colors></fill></color></group_colors></color_group><color_group name="searchinput"><group_colors><color name="bg"><fill type="linear" rotation="90"><colors><color rgb="0xDFDFDF" alpha="100" stop="0" /></colors></fill></color><color name="border"><fill type="linear" rotation="90"><colors><color rgb="0xADADAD" alpha="100" stop="0" /><color rgb="0xFAFAFA" alpha="100" stop="255" /></colors></fill></color><color name="icon"><fill type="linear" rotation="90"><colors><color rgb="0x8A8A8A" alpha="100" stop="0" /></colors></fill></color><color name="button_hover"><fill type="linear" rotation="90"><colors><color rgb="0xF5F5F5" alpha="100" stop="0" /><color rgb="0xC7C7C7" alpha="100" stop="255" /></colors></fill></color><color name="hover_glow"><fill type="linear" rotation="90"><colors><color rgb="0x6BF8FF" alpha="100" stop="0" /></colors></fill></color><color name="search_text"><fill type="linear" rotation="90"><colors><color rgb="0x8A8A8A" alpha="100" stop="0" /></colors></fill></color><color name="bg_active"><fill type="linear" rotation="90"><colors><color rgb="0xFAFAFA" alpha="100" stop="0" /></colors></fill></color><color name="text_active"><fill type="linear" rotation="90"><colors><color rgb="0x333333" alpha="100" stop="0" /></colors></fill></color></group_colors></color_group><color_group name="seekcontrol"><group_colors><color name="bg"><fill type="linear" rotation="90"><colors><color rgb="0xF5F5F5" alpha="100" stop="0" /><color rgb="0xC7C7C7" alpha="100" stop="255" /></colors></fill></color><color name="border"><fill type="linear" rotation="90"><colors><color rgb="0xB1B1B1" alpha="100" stop="0" /></colors></fill></color><color name="seek_border"><fill type="linear" rotation="90"><colors><color rgb="0xB8B8B8" alpha="100" stop="0" /><color rgb="0xEEEEEE" alpha="100" stop="255" /></colors></fill></color><color name="seek_bg"><fill type="linear" rotation="90"><colors><color rgb="0xE7E7E7" alpha="100" stop="0" /></colors></fill></color><color name="seek_position"><fill type="linear" rotation="90"><colors><color rgb="0xFFFFFF" alpha="100" stop="0" /></colors></fill></color><color name="btn_icon_color"><fill type="linear" rotation="90"><colors><color rgb="0x2D2D2D" alpha="100" stop="0" /></colors></fill></color><color name="btn_icon_hover"><fill type="linear" rotation="90"><colors><color rgb="0x555555" alpha="100" stop="0" /></colors></fill></color><color name="btn_icon_shadow"><fill type="linear" rotation="90"><colors><color rgb="0xF0F0F0" alpha="100" stop="0" /></colors></fill></color></group_colors></color_group><color_group name="tabs"><group_colors><color name="bg"><fill type="linear" rotation="90"><colors><color rgb="0xF3F3F3" alpha="100" stop="0" /></colors></fill></color><color name="text"><fill type="linear" rotation="90"><colors><color rgb="0x555555" alpha="100" stop="0" /></colors></fill></color><color name="selected"><fill type="linear" rotation="90"><colors><color rgb="0x333333" alpha="100" stop="0" /></colors></fill></color><color name="hover"><fill type="linear" rotation="90"><colors><color rgb="0x333333" alpha="100" stop="0" /></colors></fill></color><color name="shadow"><fill type="linear" rotation="90"><colors><color rgb="0xF0F0F0" alpha="100" stop="0" /></colors></fill></color></group_colors></color_group><color_group name="transcript"><group_colors><color name="div"><fill type="linear" rotation="90"><colors><color rgb="0xE1E1E1" alpha="100" stop="0" /></colors></fill></color><color name="heading_text"><fill type="linear" rotation="90"><colors><color rgb="0x444444" alpha="100" stop="0" /></colors></fill></color></group_colors></color_group><color_group name="outline"><group_colors><color name="diva"><fill type="linear" rotation="90"><colors><color rgb="0xC6C6C6" alpha="100" stop="0" /></colors></fill></color><color name="divb"><fill type="linear" rotation="90"><colors><color rgb="0xF9F9F9" alpha="100" stop="0" /></colors></fill></color><color name="divc"><fill type="linear" rotation="90"><colors><color rgb="0xE1E1E1" alpha="100" stop="0" /></colors></fill></color><color name="search_text"><fill type="linear" rotation="90"><colors><color rgb="0x444444" alpha="100" stop="0" /></colors></fill></color><color name="search_hover"><fill type="linear" rotation="90"><colors><color rgb="0x0000EE" alpha="100" stop="0" /></colors></fill></color></group_colors></color_group><color_group name="resource"><group_colors><color name="separator"><fill type="linear" rotation="90"><colors><color rgb="0xE0E0E0" alpha="100" stop="0" /></colors></fill></color></group_colors></color_group><color_group name="glossary"><group_colors><color name="selected_text"><fill type="linear" rotation="90"><colors><color rgb="0x353535" alpha="100" stop="0" /></colors></fill></color><color name="selected"><fill type="linear" rotation="90"><colors><color rgb="0xC0E2F1" alpha="100" stop="0" /></colors></fill></color><color name="text"><fill type="linear" rotation="90"><colors><color rgb="0x353535" alpha="100" stop="0" /></colors></fill></color><color name="hover"><fill type="linear" rotation="90"><colors><color rgb="0xE6E6E6" alpha="100" stop="0" /></colors></fill></color><color name="diva"><fill type="linear" rotation="90"><colors><color rgb="0xE2E2E2" alpha="100" stop="0" /></colors></fill></color><color name="divb"><fill type="linear" rotation="90"><colors><color rgb="0xE2E2E2" alpha="100" stop="0" /></colors></fill></color><color name="divc"><fill type="linear" rotation="90"><colors><color rgb="0xFAFAFA" alpha="100" stop="0" /></colors></fill></color><color name="bg"><fill type="linear" rotation="90"><colors><color rgb="0xE7E7E7" alpha="100" stop="0" /></colors></fill></color><color name="heading_text"><fill type="linear" rotation="90"><colors><color rgb="0x444444" alpha="100" stop="0" /></colors></fill></color></group_colors></color_group><color_group name="volume"><group_colors><color name="thumb_border"><fill type="linear" rotation="90"><colors><color rgb="0xA5A5A5" alpha="100" stop="0" /></colors></fill></color><color name="thumb_inner"><fill type="linear" rotation="90"><colors><color rgb="0xD4D4D4" alpha="100" stop="0" /></colors></fill></color><color name="thumb_bg"><fill type="linear" rotation="90"><colors><color rgb="0xC8C8C8" alpha="100" stop="0" /></colors></fill></color><color name="slider_border"><fill type="linear" rotation="90"><colors><color rgb="0xF2F2F2" alpha="100" stop="0" /></colors></fill></color><color name="slider_bg"><fill type="linear" rotation="90"><colors><color rgb="0xBCBCBC" alpha="100" stop="0" /><color rgb="0xBCBCBC" alpha="100" stop="128" /><color rgb="0xC3C3C3" alpha="100" stop="255" /></colors></fill></color></group_colors></color_group><color_group name="HTML"><group_colors><color name="htmlpage_bg_color"><fill type="linear" rotation="90"><colors><color rgb="0xFFFFFF" alpha="100" stop="0" /></colors></fill></color></group_colors></color_group></colorscheme></colorschemes><string_tables><string_table name="pxnsnfns01001000010"><string id="prev">PREV</string><string id="next">NEXT</string><string id="submit">SUBMIT</string><string id="outline">Menu</string><string id="resources">Resources</string><string id="glossary">Glossary</string><string id="transcript">Notes</string><string id="clear">Clear and return to Menu</string><string id="search_results">Search Results</string><string id="filter">Filter</string><string id="slide_text_chk">Slide Text</string><string id="transcript_chk">Notes</string><string id="search_in">Search in:</string><string id="check_include">Check to include</string><string id="search">Search...</string><string id="terms">Terms</string><string id="definition">Definition</string><string id="finish">FINISH</string><string id="acc_finish">finish</string><string id="acc_definition">definition</string><string id="acc_resources">resources</string><string id="acc_search_input">search</string><string id="acc_pause">pause</string><string id="acc_play">play</string><string id="acc_replay">replay</string><string id="acc_submit">submit</string><string id="acc_next">next</string><string id="acc_previous">previous</string><string id="acc_volume">volume</string><string id="submitall">SUBMIT ALL</string><string id="acc_submitall">submit all</string><string id="question_list">Question List</string><string id="more_info">More info</string><string id="send_an_email">Send an email</string><string id="close">Close</string><string id="bio">Bio</string><string id="exit">Exit</string></string_table></string_tables><sounds enabled="false" /><nav_data><outline><links><slidelink slideid="4ZBI2itdIz0.6poPtk75AxB" displaytext="Slide 1" expand="false" type="slide" /><slidelink slideid="4ZBI2itdIz0.5pm8jUJm0XI" displaytext="Agenda" expand="false" type="slide" /><slidelink slideid="4ZBI2itdIz0.5Y4WEJpDAI3" displaytext="Product" expand="false" type="slide" /><slidelink slideid="4ZBI2itdIz0.6PXEP8WofVX" displaytext="Service" expand="false" type="slide" /><slidelink slideid="4ZBI2itdIz0.6l9Kpz6Y82u" displaytext="Product Versus Service" expand="false" type="slide" /><slidelink slideid="4ZBI2itdIz0.5gwqS3lIKr3" displaytext="Product Engineering" expand="false" type="slide" /><slidelink slideid="4ZBI2itdIz0.6TQUkUkO3rG" displaytext="Product Engineering" expand="false" type="slide" /><slidelink slideid="4ZBI2itdIz0.6MYgwK6nzQZ" displaytext="Product Engineering" expand="false" type="slide" /><slidelink slideid="4ZBI2itdIz0.5xMQNqkUWmi" displaytext="Product Testing" expand="false" type="slide" /><slidelink slideid="4ZBI2itdIz0.6ny92AJNS8e" displaytext="Product Testing Life Cycle" expand="false" type="slide" /><slidelink slideid="4ZBI2itdIz0.6a7k5jaWR97" displaytext="Product Testing Life Cycle" expand="false" type="slide" /><slidelink slideid="4ZBI2itdIz0.5V5ywBJcTiU" displaytext="Benefits Of Product Testing" expand="false" type="slide" /><slidelink slideid="4ZBI2itdIz0.6491bNZR5IM" displaytext="Role of Product Engineers" expand="false" type="slide" /><slidelink slideid="4ZBI2itdIz0.6haFnHIpQ60" displaytext="Product Life Cycle Management" expand="false" type="slide" /><slidelink slideid="4ZBI2itdIz0.6pASs9CAqZr" displaytext="Benefits of PLM" expand="false" type="slide" /><slidelink slideid="4ZBI2itdIz0.6DzRhfMQHVq" displaytext="Product Metrics" expand="false" type="slide" /><slidelink slideid="4ZBI2itdIz0.6V0qQZrODSx" displaytext="Product Metrics" expand="false" type="slide" /><slidelink slideid="4ZBI2itdIz0.6BzGFHzii3N" displaytext="Challenges in Product Development" expand="false" type="slide" /><slidelink slideid="4ZBI2itdIz0.5gdAbWf9j2w" displaytext="Slide 19" expand="false" type="slide" /></links></outline><search><slidetext slideid="4ZBI2itdIz0.6poPtk75AxB" slidebank="false" type="slide">     hcl talentcare: confidential  version: 1.0 release date:  07-01-2016 product engineering  version – 1.0&#xB;release date – 07-01-2016</slidetext><slidetext slideid="4ZBI2itdIz0.5pm8jUJm0XI" slidebank="false" type="slide">   ‹#›   hcl talentcare: confidential  version: 1.0 release date:  07-01-2016  agenda product versus servicesproduct engineeringproduct life cycleproduct testingproduct lifecycle managementproduct metrics         </slidetext><slidetext slideid="4ZBI2itdIz0.5Y4WEJpDAI3" slidebank="false" type="slide">   ‹#›   hcl talentcare: confidential  version: 1.0 release date:  07-01-2016    product a product can be referred as set of tangible offerings made to the customer .product have many dimensions.an idea, physical entity, a service or any combination of the three that is an element of exchange to satisfy individual or business objectives.product development is a set of activities starting with the perception of a market opportunity and ending with the sale of a product.example – embedded product.         </slidetext><slidetext slideid="4ZBI2itdIz0.6PXEP8WofVX" slidebank="false" type="slide">   ‹#›   hcl talentcare: confidential  version: 1.0 release date:  07-01-2016  service services are intangible activities or benefits that an organization provides to consumers in exchange for money.a service is consumed at the point of sale.example –provide consultation on risk assessment and priority setting for an organization         </slidetext><slidetext slideid="4ZBI2itdIz0.6l9Kpz6Y82u" slidebank="false" type="slide">   ‹#›   hcl talentcare: confidential  version: 1.0 release date:  07-01-2016  product versus service products   services domain knowledge need to be expertise on a particular domain mapped to multiple domain therefore more exposure to various industries life cycle product are designed  that will sustain for years and will undergo enhancements  the life cycle begins with requirements, analysis,design, implementation,and maintenance and low consideration of future technologies resource intensity capital intensive resource intensive quality quality is an investment quality is controlled by budget      products   services domain knowledge need to be expertise on a particular domain mapped to multiple domain therefore more exposure to various industries life cycle product are designed  that will sustain for years and will undergo enhancements  the life cycle begins with requirements, analysis,design, implementation,and maintenance and low consideration of future technologies resource intensity capital intensive resource intensive quality quality is an investment quality is controlled by budget   </slidetext><slidetext slideid="4ZBI2itdIz0.5gwqS3lIKr3" slidebank="false" type="slide">   ‹#›   hcl talentcare: confidential  version: 1.0 release date:  07-01-2016  product engineering product engineering takes care of the entire product life cycle from the innovation phase, starting from the idea being conceived to the deployment and user acceptance testing phase.product engineering includes developing and designing of mechanical, electrical, hardware,embedded and software components.product engineering involves designing a new product or a new model of an existing product.product engineering involves the below stepsidentification of need developing engineering requirementsproduct designtestingmanufacturingdistributioninstallationservices         </slidetext><slidetext slideid="4ZBI2itdIz0.6TQUkUkO3rG" slidebank="false" type="slide">   ‹#›   hcl talentcare: confidential  version: 1.0 release date:  07-01-2016  product engineering identification of need : this involves identifying a problem in the existing product and then come up  with ideas to solve them or to design a new product.developing engineering requirements: this involves extensive research, you can begin to brainstorm concepts to come up with the best alternative in order to start designing the productproduct design : it involves detailed design of the product.effectiveness of design process of a product is measured by.product costproduct quality time to market        design activity will be based on the type of product developed.testing: prototypes or 3d models of a product can be developed and tested.  extensive testing is performed on the original product         </slidetext><slidetext slideid="4ZBI2itdIz0.6MYgwK6nzQZ" slidebank="false" type="slide">   ‹#›   hcl talentcare: confidential  version: 1.0 release date:  07-01-2016  product engineering manufacturing: if the product passes testing, then  manufacturing of the product begins in a large scale  in case of certain products.distribution: involves distribution of the product.installation :installation is deploying the product in an environment in case of software product.          product development installation identification of need distribution manufacturing testing developing engineering requirements product design       </slidetext><slidetext slideid="4ZBI2itdIz0.5xMQNqkUWmi" slidebank="false" type="slide">   ‹#›   hcl talentcare: confidential  version: 1.0 release date:  07-01-2016  product testing product testing seeks to ensure that consumers can understand what products will do for them and which products are the best value.product testing is any process by means of which a researcher measures a product's performance, safety, quality, and compliance with established standards.product testing involves checking if the product meets the regulatory standards and guidelines.the objectives of product testingproduct improvementthreat in the market cost savingeach component of the product should be tested to verify if the design requirements are met.customers may also be involved in testing in certain type of products .</slidetext><slidetext slideid="4ZBI2itdIz0.6ny92AJNS8e" slidebank="false" type="slide">   ‹#›   hcl talentcare: confidential  version: 1.0 release date:  07-01-2016  product testing life cycle product testing life cycle discusses the various steps involved in testing either a hardware product or software product.test strategy is prepared based on the design specification  of the product and it is called as a test specification document.the specification document defines the following features of the product to be tested.types of testing to carried on the product.hardware required for testing.the next step is the generation of test cases.depending on the product to be tested the functionality built  in the product the testing can be automated.anamoly detected in execution is documented and reported to design organization of the product.</slidetext><slidetext slideid="4ZBI2itdIz0.6a7k5jaWR97" slidebank="false" type="slide">   ‹#›   hcl talentcare: confidential  version: 1.0 release date:  07-01-2016  product testing life cycle the final results are collected in a reference document called final test report.the below test are conducted if it  is a software product.functionality testing.compatibility testing.usability testing.load testing.stress testing.interoperability testingregression testing.regression testing is done to check if the product is working fine even after continuous engineering process.agile methodology of testing can also be followed in testing and releasing a product. </slidetext><slidetext slideid="4ZBI2itdIz0.5V5ywBJcTiU" slidebank="false" type="slide">   ‹#›   hcl talentcare: confidential  version: 1.0 release date:  07-01-2016  benefits of product testing customer satisfaction is increased.improves the products quality and reliability.the quality of the product can have a direct impact on the profitability.reduced cost in fixing defects of the products.</slidetext><slidetext slideid="4ZBI2itdIz0.6491bNZR5IM" slidebank="false" type="slide">   ‹#›   hcl talentcare: confidential  version: 1.0 release date:  07-01-2016  role of product engineers product engineers are the technical  interface between the component development team and the production team.product engineers improve the product quality and reliability.the product engineers to have a good working knowledge on the belowmanufacturing process.simulation programs.product knowledge.statistical methods.product engineers need to be more innovative to generate new ideas.they are responsible for supporting failure analysis request from the customers.</slidetext><slidetext slideid="4ZBI2itdIz0.6haFnHIpQ60" slidebank="false" type="slide">   ‹#›   hcl talentcare: confidential  version: 1.0 release date:  07-01-2016  product life cycle management product lifecycle management (plm) is the process of managing the entire lifecycle of a product from inception, through engineering design and manufacture, to service.plm integrates enterprise  application with people and process across product life cycle.plm systems help organizations in coping with the increasing complexity and engineering challenges of developing new products for the global competitive markets.plm represents ways for managing all data relating to the production, support and installation of the products.plm is not just a technology, but is an approach in which processes are as important, or more important than data</slidetext><slidetext slideid="4ZBI2itdIz0.6pASs9CAqZr" slidebank="false" type="slide">   ‹#›   hcl talentcare: confidential  version: 1.0 release date:  07-01-2016  benefits of plm benefits :improves the quality of the product developed.ease of communication.reviews and approval process in the design phase can be improvised. greater efficiency in the design phase –more innovations.no rework involved.easy to generate reports.better utilization of the resource.helps to reduce the product cost.provides insight of the activities involved in developing the product</slidetext><slidetext slideid="4ZBI2itdIz0.6DzRhfMQHVq" slidebank="false" type="slide">   ‹#›   hcl talentcare: confidential  version: 1.0 release date:  07-01-2016  product metrics metrics are a standard of measurement in each phase of the product development.requirements specifications number of customer requirements identified. number of product specification changes. number of requirements to be determined.design metrics :number of prototype iterations.number of design review deficiencies.number of design changes.</slidetext><slidetext slideid="4ZBI2itdIz0.6V0qQZrODSx" slidebank="false" type="slide">   ‹#›   hcl talentcare: confidential  version: 1.0 release date:  07-01-2016  product metrics product : average number of components per product. percent of products that can be recycled.percent of parts that can be used in multiple products.percent of parts that can be recycled. test  metrics :product performance.mean time between failures.mean time to repair.</slidetext><slidetext slideid="4ZBI2itdIz0.6BzGFHzii3N" slidebank="false" type="slide">   ‹#›   hcl talentcare: confidential  version: 1.0 release date:  07-01-2016  challenges in product development challenges :determining what products and services to introduce in which  countriesstandardization versus customizationshortage of ideasfragmented marketssocial and governmental constraintscost of developmentcapital shortages faster required development timeshorter product life cycles</slidetext><slidetext slideid="4ZBI2itdIz0.5gdAbWf9j2w" slidebank="false" type="slide">     hcl talentcare: confidential  version: 1.0 release date:  07-01-2016  this document contains information that is proprietary and confidential to hcl talentcare private limited and shall not be disclosed outside the recipient's company or duplicated, used or disclosed in whole or in part by the recipient for any purpose other than to evaluate this document. any other use or disclosure in whole or in part of this information without the express written permission of hcl talentcare private limited is prohibited. further, this document does not constitute a contract to perform servicesthe reader should not act upon the information contained in this document without obtaining specific professional advice. no representation or warranty (express or implied) is given as to the accuracy or completeness of the information contained in this presentation, and, to the extent permitted by law; hcl talentcare private limited, its consultants, its members, employees and agents accept no liability, and disclaim all responsibility, for the consequences of reader or anyone else acting, or refraining to act, in reliance on the information contained in this document or for any decision based on it. thank you</slidetext></search></nav_data><resource_data description="" /><transcript_data /><glossary_data /></bwFrame>