<?xml version="1.0" encoding="utf-8"?>
<manifest identifier="_4OZrdqpNEFm_course_id" version="1.0" xmlns="http://www.imsproject.org/xsd/imscp_rootv1p1p2" xmlns:adlcp="http://www.adlnet.org/xsd/adlcp_rootv1p2" xmlns:xsi="http://www.w3.org/2001/XMLSchema-instance" xsi:schemaLocation="http://www.imsproject.org/xsd/imscp_rootv1p1p2 imscp_rootv1p1p2.xsd http://www.imsglobal.org/xsd/imsmd_rootv1p2p1 imsmd_rootv1p2p1.xsd http://www.adlnet.org/xsd/adlcp_rootv1p2 adlcp_rootv1p2.xsd">
  <metadata>
    <schema>ADL SCORM</schema>
    <schemaversion>1.2</schemaversion>
    <lom xmlns="http://www.imsglobal.org/xsd/imsmd_rootv1p2p1" xmlns:xsi="http://www.w3.org/2001/XMLSchema-instance" xsi:schemaLocation="http://www.imsglobal.org/xsd/imsmd_rootv1p2p1 imsmd_rootv1p2p1.xsd">
      <general>
        <title>
          <langstring xml:lang="x-none">AccessibilityTesting</langstring>
        </title>
      </general>
      <lifecycle>
        <version>
          <langstring xml:lang="x-none">1</langstring>
        </version>
        <status>
          <source>
            <langstring xml:lang="x-none">LOMv1.0</langstring>
          </source>
          <value>
            <langstring xml:lang="x-none">Final</langstring>
          </value>
        </status>
      </lifecycle>
      <metametadata>
        <metadatascheme>ADL SCORM 1.2</metadatascheme>
      </metametadata>
      <educational>
        <typicallearningtime>
          <datetime>PT0H0M0S</datetime>
        </typicallearningtime>
      </educational>
      <rights>
        <cost>
          <source>
            <langstring xml:lang="x-none">LOMv1.0</langstring>
          </source>
          <value>
            <langstring xml:lang="x-none">yes</langstring>
          </value>
        </cost>
        <copyrightandotherrestrictions>
          <source>
            <langstring xml:lang="x-none">LOMv1.0</langstring>
          </source>
          <value>
            <langstring xml:lang="x-none">yes</langstring>
          </value>
        </copyrightandotherrestrictions>
      </rights>
    </lom>
  </metadata>
  <organizations default="AccessibilityTesting_ORG">
    <organization identifier="AccessibilityTesting_ORG">
      <title>AccessibilityTesting</title>
      <item identifier="AccessibilityTesting_SCO" isvisible="true" identifierref="__4OZrdqpNEFm_course_id_RES">
        <title>AccessibilityTesting</title>
      </item>
    </organization>
  </organizations>
  <resources>
    <resource identifier="__4OZrdqpNEFm_course_id_RES" type="webcontent" href="index_lms.html" adlcp:scormtype="sco">
      <file href="presentation_content/thumbnail.jpg" />
      <file href="presentation_content/6AwKHb51pnY_d11_HCLTemplatecl465_TitleSlideshp14_80_DX1440_DY1440.swf" />
      <file href="mobile/6AwKHb51pnY_d11_HCLTemplatecl465_TitleSlideshp14_80_DX1440_DY1440_CX720_CY278.png" />
      <file href="presentation_content/6AwKHb51pnY_d11_HCLTemplatecl465_TitleSlideshp2_80_DX1440_DY1440.swf" />
      <file href="mobile/6AwKHb51pnY_d11_HCLTemplatecl465_TitleSlideshp2_80_DX1440_DY1440_CX720_CY21.png" />
      <file href="presentation_content/6AwKHb51pnY_d11_HCLTemplatecl465_TitleSlideshp15_80_DX1116_DY1116.swf" />
      <file href="mobile/6AwKHb51pnY_d11_HCLTemplatecl465_TitleSlideshp15_80_DX1116_DY1116_CX558_CY76.png" />
      <file href="presentation_content/6AwKHb51pnY_5lSsPaQhV9L_80_DX216_DY216.swf" />
      <file href="mobile/6AwKHb51pnY_5lSsPaQhV9L_80_DX216_DY216_CX108_CY38.png" />
      <file href="presentation_content/6AwKHb51pnY_d11_HCLTemplatesmshp19_80_DX1116_DY1116.swf" />
      <file href="mobile/6AwKHb51pnY_d11_HCLTemplatesmshp19_80_DX1116_DY1116_CX558_CY76.png" />
      <file href="presentation_content/6AwKHb51pnY_6UnT0cZ15te_80_DX1350_DY1350.swf" />
      <file href="mobile/6AwKHb51pnY_6UnT0cZ15te_80_DX1350_DY1350_CX675_CY262.png" />
      <file href="presentation_content/6AwKHb51pnY_6KEnWfZRRfx_80_DX216_DY216.swf" />
      <file href="mobile/6AwKHb51pnY_6KEnWfZRRfx_80_DX216_DY216_CX108_CY38.png" />
      <file href="presentation_content/6AwKHb51pnY_6JclKkfEV1C_80_DX1350_DY1350.swf" />
      <file href="mobile/6AwKHb51pnY_6JclKkfEV1C_80_DX1350_DY1350_CX675_CY262.png" />
      <file href="presentation_content/6AwKHb51pnY_6FrXyW9iVwH_80_DX216_DY216.swf" />
      <file href="mobile/6AwKHb51pnY_6FrXyW9iVwH_80_DX216_DY216_CX108_CY38.png" />
      <file href="presentation_content/6AwKHb51pnY_6dQ8NPp7UQb_80_DX1350_DY1350.swf" />
      <file href="mobile/6AwKHb51pnY_6dQ8NPp7UQb_80_DX1350_DY1350_CX675_CY262.png" />
      <file href="presentation_content/6AwKHb51pnY_68vjhlIQP6q_80_DX216_DY216.swf" />
      <file href="mobile/6AwKHb51pnY_68vjhlIQP6q_80_DX216_DY216_CX108_CY38.png" />
      <file href="presentation_content/6AwKHb51pnY_60yfbqQQzRO_80_DX1350_DY1350.swf" />
      <file href="mobile/6AwKHb51pnY_60yfbqQQzRO_80_DX1350_DY1350_CX675_CY262.png" />
      <file href="presentation_content/6AwKHb51pnY_68AwKOjE276_80_DX216_DY216.swf" />
      <file href="mobile/6AwKHb51pnY_68AwKOjE276_80_DX216_DY216_CX108_CY38.png" />
      <file href="presentation_content/6AwKHb51pnY_6dTx6Fl7jgU_80_DX1350_DY1350.swf" />
      <file href="mobile/6AwKHb51pnY_6dTx6Fl7jgU_80_DX1350_DY1350_CX675_CY262.png" />
      <file href="presentation_content/6AwKHb51pnY_6WAQHrTnGeS_80_DX216_DY216.swf" />
      <file href="mobile/6AwKHb51pnY_6WAQHrTnGeS_80_DX216_DY216_CX108_CY38.png" />
      <file href="presentation_content/6AwKHb51pnY_5dKNkZB16yA_80_DX1350_DY1350.swf" />
      <file href="mobile/6AwKHb51pnY_5dKNkZB16yA_80_DX1350_DY1350_CX675_CY262.png" />
      <file href="presentation_content/6AwKHb51pnY_6WCIZHnIYBB_80_DX216_DY216.swf" />
      <file href="mobile/6AwKHb51pnY_6WCIZHnIYBB_80_DX216_DY216_CX108_CY38.png" />
      <file href="presentation_content/6AwKHb51pnY_6pZvwxkwJGl_80_DX1350_DY1350.swf" />
      <file href="mobile/6AwKHb51pnY_6pZvwxkwJGl_80_DX1350_DY1350_CX675_CY262.png" />
      <file href="presentation_content/6AwKHb51pnY_6NdCrizzwQT_80_DX216_DY216.swf" />
      <file href="mobile/6AwKHb51pnY_6NdCrizzwQT_80_DX216_DY216_CX108_CY38.png" />
      <file href="presentation_content/6AwKHb51pnY_6Mtcq2avVT0_80_DX1350_DY1350.swf" />
      <file href="mobile/6AwKHb51pnY_6Mtcq2avVT0_80_DX1350_DY1350_CX675_CY262.png" />
      <file href="presentation_content/6AwKHb51pnY_5ZLgEe0xuIC_80_DX216_DY216.swf" />
      <file href="mobile/6AwKHb51pnY_5ZLgEe0xuIC_80_DX216_DY216_CX108_CY38.png" />
      <file href="presentation_content/6AwKHb51pnY_61Jpckp5lF9_80_DX1350_DY1350.swf" />
      <file href="mobile/6AwKHb51pnY_61Jpckp5lF9_80_DX1350_DY1350_CX675_CY262.png" />
      <file href="presentation_content/6AwKHb51pnY_6OedC2DDjGo_80_DX216_DY216.swf" />
      <file href="mobile/6AwKHb51pnY_6OedC2DDjGo_80_DX216_DY216_CX108_CY38.png" />
      <file href="presentation_content/6AwKHb51pnY_6fn5bPfCTJe_80_DX1350_DY1350.swf" />
      <file href="mobile/6AwKHb51pnY_6fn5bPfCTJe_80_DX1350_DY1350_CX675_CY262.png" />
      <file href="presentation_content/6AwKHb51pnY_6Yl0aN0NKg9_80_DX216_DY216.swf" />
      <file href="mobile/6AwKHb51pnY_6Yl0aN0NKg9_80_DX216_DY216_CX108_CY38.png" />
      <file href="presentation_content/6AwKHb51pnY_5mubgQoawSD_80_DX1350_DY1350.swf" />
      <file href="mobile/6AwKHb51pnY_5mubgQoawSD_80_DX1350_DY1350_CX675_CY262.png" />
      <file href="presentation_content/6AwKHb51pnY_5qvxiGZq33q_80_DX216_DY216.swf" />
      <file href="mobile/6AwKHb51pnY_5qvxiGZq33q_80_DX216_DY216_CX108_CY38.png" />
      <file href="presentation_content/6AwKHb51pnY_6ZZRAWJv4LJ_80_DX1350_DY1350.swf" />
      <file href="mobile/6AwKHb51pnY_6ZZRAWJv4LJ_80_DX1350_DY1350_CX675_CY262.png" />
      <file href="presentation_content/6AwKHb51pnY_6V4ClxbfC1z_80_DX216_DY216.swf" />
      <file href="mobile/6AwKHb51pnY_6V4ClxbfC1z_80_DX216_DY216_CX108_CY38.png" />
      <file href="presentation_content/6AwKHb51pnY_5laDAwZ3Bya_80_DX1350_DY1350.swf" />
      <file href="mobile/6AwKHb51pnY_5laDAwZ3Bya_80_DX1350_DY1350_CX675_CY262.png" />
      <file href="presentation_content/6AwKHb51pnY_6MPCwU2wzej_80_DX216_DY216.swf" />
      <file href="mobile/6AwKHb51pnY_6MPCwU2wzej_80_DX216_DY216_CX108_CY38.png" />
      <file href="presentation_content/6AwKHb51pnY_5icuOYG8TsW_80_DX1350_DY1350.swf" />
      <file href="mobile/6AwKHb51pnY_5icuOYG8TsW_80_DX1350_DY1350_CX675_CY262.png" />
      <file href="presentation_content/6AwKHb51pnY_6MKyeEJE4Yk_80_DX216_DY216.swf" />
      <file href="mobile/6AwKHb51pnY_6MKyeEJE4Yk_80_DX216_DY216_CX108_CY38.png" />
      <file href="presentation_content/6AwKHb51pnY_5ZzKRsmajXU_80_DX1350_DY1350.swf" />
      <file href="mobile/6AwKHb51pnY_5ZzKRsmajXU_80_DX1350_DY1350_CX675_CY262.png" />
      <file href="presentation_content/6AwKHb51pnY_5dRSSxGGspe_80_DX216_DY216.swf" />
      <file href="mobile/6AwKHb51pnY_5dRSSxGGspe_80_DX216_DY216_CX108_CY38.png" />
      <file href="presentation_content/6AwKHb51pnY_6mrz9t9W1FB_80_DX1350_DY1350.swf" />
      <file href="mobile/6AwKHb51pnY_6mrz9t9W1FB_80_DX1350_DY1350_CX675_CY262.png" />
      <file href="presentation_content/6AwKHb51pnY_6MQWsoEzfuV_80_DX216_DY216.swf" />
      <file href="mobile/6AwKHb51pnY_6MQWsoEzfuV_80_DX216_DY216_CX108_CY38.png" />
      <file href="presentation_content/6AwKHb51pnY_6iitaJJ4d8j_80_DX1350_DY1350.swf" />
      <file href="mobile/6AwKHb51pnY_6iitaJJ4d8j_80_DX1350_DY1350_CX675_CY262.png" />
      <file href="presentation_content/6AwKHb51pnY_5wIPSTeNtf6_80_DX216_DY216.swf" />
      <file href="mobile/6AwKHb51pnY_5wIPSTeNtf6_80_DX216_DY216_CX108_CY38.png" />
      <file href="presentation_content/6AwKHb51pnY_5e5OByjHMqu_80_DX902_DY902.jpg" />
      <file href="mobile/6AwKHb51pnY_5e5OByjHMqu_80_DX902_DY902_CX451_CY142.jpg" />
      <file href="presentation_content/6AwKHb51pnY_5cYr5PoRpzU_80_DX1350_DY1350.swf" />
      <file href="mobile/6AwKHb51pnY_5cYr5PoRpzU_80_DX1350_DY1350_CX675_CY262.png" />
      <file href="presentation_content/6AwKHb51pnY_6EXMBQaYm0N_80_DX216_DY216.swf" />
      <file href="mobile/6AwKHb51pnY_6EXMBQaYm0N_80_DX216_DY216_CX108_CY38.png" />
      <file href="presentation_content/6AwKHb51pnY_6qa6GfxYtxt_80_DX216_DY216.swf" />
      <file href="mobile/6AwKHb51pnY_6qa6GfxYtxt_80_DX216_DY216_CX108_CY38.png" />
      <file href="meta.xml" />
      <file href="mobile/6VXDDBTbipd.jpg" />
      <file href="presentation_content/logo.swf" />
      <file href="presentation_content/frame.xml" />
      <file href="presentation_content/frame.js" />
      <file href="presentation_content/user.js" />
      <file href="presentation_unsupported.html" />
      <file href="mobile/Slide6AwKHb51pnY_d1sm.jpg" />
      <file href="mobile/app_store.png" />
      <file href="mobile/linen_background.jpg" />
      <file href="mobile/mobile_icon.png" />
      <file href="mobile/player.css" />
      <file href="mobile/player_compiled.js" />
      <file href="presentation_content/fonts.swf" />
      <file href="mobile/fonts.js" />
      <file href="presentation.swf" />
      <file href="presentation_content/frame.swf" />
      <file href="presentation_content/slides/6FyRwkQ4tmC.swf" />
      <file href="mobile/slides/6FyRwkQ4tmC.js" />
      <file href="presentation_content/slides/69GGeokCu18.swf" />
      <file href="mobile/slides/69GGeokCu18.js" />
      <file href="presentation_content/slides/5Xkmp6j5Lc6.swf" />
      <file href="mobile/slides/5Xkmp6j5Lc6.js" />
      <file href="presentation_content/slides/5X8l7ubrJY2.swf" />
      <file href="mobile/slides/5X8l7ubrJY2.js" />
      <file href="presentation_content/slides/6rgEs5ooEjQ.swf" />
      <file href="mobile/slides/6rgEs5ooEjQ.js" />
      <file href="presentation_content/slides/5Wbhv5ylqBh.swf" />
      <file href="mobile/slides/5Wbhv5ylqBh.js" />
      <file href="presentation_content/slides/5XIz7CwYotO.swf" />
      <file href="mobile/slides/5XIz7CwYotO.js" />
      <file href="presentation_content/slides/6i5wOrVphM4.swf" />
      <file href="mobile/slides/6i5wOrVphM4.js" />
      <file href="presentation_content/slides/6pL3FQNblsa.swf" />
      <file href="mobile/slides/6pL3FQNblsa.js" />
      <file href="presentation_content/slides/624nozh6Cgb.swf" />
      <file href="mobile/slides/624nozh6Cgb.js" />
      <file href="presentation_content/slides/6VLAaGTVnCy.swf" />
      <file href="mobile/slides/6VLAaGTVnCy.js" />
      <file href="presentation_content/slides/6DGjmCgNW6c.swf" />
      <file href="mobile/slides/6DGjmCgNW6c.js" />
      <file href="presentation_content/slides/6f1abvc3UL5.swf" />
      <file href="mobile/slides/6f1abvc3UL5.js" />
      <file href="presentation_content/slides/6HhClbqLWTs.swf" />
      <file href="mobile/slides/6HhClbqLWTs.js" />
      <file href="presentation_content/slides/6JJaOfzkSSB.swf" />
      <file href="mobile/slides/6JJaOfzkSSB.js" />
      <file href="presentation_content/slides/5bHNiFlghHv.swf" />
      <file href="mobile/slides/5bHNiFlghHv.js" />
      <file href="presentation_content/slides/6LE0DyLQ0OA.swf" />
      <file href="mobile/slides/6LE0DyLQ0OA.js" />
      <file href="presentation_content/slides/5blTmFcp82E.swf" />
      <file href="mobile/slides/5blTmFcp82E.js" />
      <file href="presentation_content/slides/64mMPclHV8M.swf" />
      <file href="mobile/slides/64mMPclHV8M.js" />
      <file href="presentation_content/slides/5nxgOfeB4aX.swf" />
      <file href="mobile/slides/5nxgOfeB4aX.js" />
      <file href="presentation_content/data.swf" />
      <file href="mobile/data.js" />
      <file href="mobile/masks.js" />
      <file href="presentation.html" />
      <file href="presentation_html5.html" />
      <file href="index_lms_html5.html" />
      <file href="presentation_content/blank.html" />
      <file href="presentation_content/presentation.js" />
      <file href="index_lms.html" />
      <file href="lms/AICCComm.html" />
      <file href="lms/AICCFunctions.js" />
      <file href="lms/API.js" />
      <file href="lms/APIConstants.js" />
      <file href="lms/blank.html" />
      <file href="lms/browsersniff.js" />
      <file href="lms/Configuration.js" />
      <file href="lms/goodbye.html" />
      <file href="lms/lms.js" />
      <file href="lms/LMSAPI.js" />
      <file href="lms/NONEFunctions.js" />
      <file href="lms/SCORM2004Functions.js" />
      <file href="lms/SCORMFunctions.js" />
      <file href="lms/UtilityFunctions.js" />
    </resource>
  </resources>
</manifest>