<?xml version="1.0" encoding="utf-8"?>
<manifest identifier="_4JAg6Bn8eqH_course_id" version="1.0" xmlns="http://www.imsproject.org/xsd/imscp_rootv1p1p2" xmlns:adlcp="http://www.adlnet.org/xsd/adlcp_rootv1p2" xmlns:xsi="http://www.w3.org/2001/XMLSchema-instance" xsi:schemaLocation="http://www.imsproject.org/xsd/imscp_rootv1p1p2 imscp_rootv1p1p2.xsd http://www.imsglobal.org/xsd/imsmd_rootv1p2p1 imsmd_rootv1p2p1.xsd http://www.adlnet.org/xsd/adlcp_rootv1p2 adlcp_rootv1p2.xsd">
  <metadata>
    <schema>ADL SCORM</schema>
    <schemaversion>1.2</schemaversion>
    <lom xmlns="http://www.imsglobal.org/xsd/imsmd_rootv1p2p1" xmlns:xsi="http://www.w3.org/2001/XMLSchema-instance" xsi:schemaLocation="http://www.imsglobal.org/xsd/imsmd_rootv1p2p1 imsmd_rootv1p2p1.xsd">
      <general>
        <title>
          <langstring xml:lang="x-none">TestExecution</langstring>
        </title>
      </general>
      <lifecycle>
        <version>
          <langstring xml:lang="x-none">1</langstring>
        </version>
        <status>
          <source>
            <langstring xml:lang="x-none">LOMv1.0</langstring>
          </source>
          <value>
            <langstring xml:lang="x-none">Final</langstring>
          </value>
        </status>
      </lifecycle>
      <metametadata>
        <metadatascheme>ADL SCORM 1.2</metadatascheme>
      </metametadata>
      <educational>
        <typicallearningtime>
          <datetime>PT0H0M0S</datetime>
        </typicallearningtime>
      </educational>
      <rights>
        <cost>
          <source>
            <langstring xml:lang="x-none">LOMv1.0</langstring>
          </source>
          <value>
            <langstring xml:lang="x-none">yes</langstring>
          </value>
        </cost>
        <copyrightandotherrestrictions>
          <source>
            <langstring xml:lang="x-none">LOMv1.0</langstring>
          </source>
          <value>
            <langstring xml:lang="x-none">yes</langstring>
          </value>
        </copyrightandotherrestrictions>
      </rights>
    </lom>
  </metadata>
  <organizations default="TestExecution_ORG">
    <organization identifier="TestExecution_ORG">
      <title>TestExecution</title>
      <item identifier="TestExecution_SCO" isvisible="true" identifierref="__4JAg6Bn8eqH_course_id_RES">
        <title>TestExecution</title>
      </item>
    </organization>
  </organizations>
  <resources>
    <resource identifier="__4JAg6Bn8eqH_course_id_RES" type="webcontent" href="index_lms.html" adlcp:scormtype="sco">
      <file href="presentation_content/thumbnail.jpg" />
      <file href="presentation_content/65OFuvpydtl_d11_HCLTemplatecl465_TitleSlideshp14_80_DX1440_DY1440.swf" />
      <file href="mobile/65OFuvpydtl_d11_HCLTemplatecl465_TitleSlideshp14_80_DX1440_DY1440_CX720_CY278.png" />
      <file href="presentation_content/65OFuvpydtl_d11_HCLTemplatecl465_TitleSlideshp2_80_DX1440_DY1440.swf" />
      <file href="mobile/65OFuvpydtl_d11_HCLTemplatecl465_TitleSlideshp2_80_DX1440_DY1440_CX720_CY21.png" />
      <file href="presentation_content/65OFuvpydtl_d11_HCLTemplatecl465_TitleSlideshp15_80_DX1116_DY1116.swf" />
      <file href="mobile/65OFuvpydtl_d11_HCLTemplatecl465_TitleSlideshp15_80_DX1116_DY1116_CX558_CY76.png" />
      <file href="presentation_content/65OFuvpydtl_6le0hucAGus_80_DX216_DY216.swf" />
      <file href="mobile/65OFuvpydtl_6le0hucAGus_80_DX216_DY216_CX108_CY38.png" />
      <file href="presentation_content/65OFuvpydtl_d11_HCLTemplatesmshp19_80_DX1116_DY1116.swf" />
      <file href="mobile/65OFuvpydtl_d11_HCLTemplatesmshp19_80_DX1116_DY1116_CX558_CY76.png" />
      <file href="presentation_content/65OFuvpydtl_6IksAOxutRx_80_DX216_DY216.swf" />
      <file href="mobile/65OFuvpydtl_6IksAOxutRx_80_DX216_DY216_CX108_CY38.png" />
      <file href="presentation_content/65OFuvpydtl_6bZGKZOlTBh_80_DX1350_DY1350.swf" />
      <file href="mobile/65OFuvpydtl_6bZGKZOlTBh_80_DX1350_DY1350_CX675_CY262.png" />
      <file href="presentation_content/65OFuvpydtl_5Z8UiM87mF9_80_DX216_DY216.swf" />
      <file href="mobile/65OFuvpydtl_5Z8UiM87mF9_80_DX216_DY216_CX108_CY38.png" />
      <file href="presentation_content/65OFuvpydtl_5hvl21fouUq_80_DX1350_DY1350.swf" />
      <file href="mobile/65OFuvpydtl_5hvl21fouUq_80_DX1350_DY1350_CX675_CY262.png" />
      <file href="presentation_content/65OFuvpydtl_5WcPDo8jxsg_80_DX1100_DY1100.swf" />
      <file href="mobile/65OFuvpydtl_5WcPDo8jxsg_80_DX1100_DY1100_CX550_CY325.png" />
      <file href="presentation_content/65OFuvpydtl_6LWmvhdNd3S_80_DX216_DY216.swf" />
      <file href="mobile/65OFuvpydtl_6LWmvhdNd3S_80_DX216_DY216_CX108_CY38.png" />
      <file href="presentation_content/65OFuvpydtl_6pfsKhcbEWF_80_DX1350_DY1350.swf" />
      <file href="mobile/65OFuvpydtl_6pfsKhcbEWF_80_DX1350_DY1350_CX675_CY262.png" />
      <file href="presentation_content/65OFuvpydtl_5dWeYBViw9V_80_DX216_DY216.swf" />
      <file href="mobile/65OFuvpydtl_5dWeYBViw9V_80_DX216_DY216_CX108_CY38.png" />
      <file href="presentation_content/65OFuvpydtl_6ndLK84ZkXr_80_DX1350_DY1350.swf" />
      <file href="mobile/65OFuvpydtl_6ndLK84ZkXr_80_DX1350_DY1350_CX675_CY262.png" />
      <file href="presentation_content/65OFuvpydtl_6cBzwGrM7tb_80_DX216_DY216.swf" />
      <file href="mobile/65OFuvpydtl_6cBzwGrM7tb_80_DX216_DY216_CX108_CY38.png" />
      <file href="presentation_content/65OFuvpydtl_65dyPPv7MhP_80_DX1350_DY1350.swf" />
      <file href="mobile/65OFuvpydtl_65dyPPv7MhP_80_DX1350_DY1350_CX675_CY262.png" />
      <file href="presentation_content/65OFuvpydtl_69l003lHCb3_80_DX216_DY216.swf" />
      <file href="mobile/65OFuvpydtl_69l003lHCb3_80_DX216_DY216_CX108_CY38.png" />
      <file href="presentation_content/65OFuvpydtl_63PvSCqjKcr_80_DX1350_DY1350.swf" />
      <file href="mobile/65OFuvpydtl_63PvSCqjKcr_80_DX1350_DY1350_CX675_CY262.png" />
      <file href="presentation_content/65OFuvpydtl_5nJQYLZfnRY_80_DX216_DY216.swf" />
      <file href="mobile/65OFuvpydtl_5nJQYLZfnRY_80_DX216_DY216_CX108_CY38.png" />
      <file href="presentation_content/65OFuvpydtl_6JFLGeVRNfN_80_DX1350_DY1350.swf" />
      <file href="mobile/65OFuvpydtl_6JFLGeVRNfN_80_DX1350_DY1350_CX675_CY262.png" />
      <file href="presentation_content/65OFuvpydtl_5rRBetYMpXm_80_DX216_DY216.swf" />
      <file href="mobile/65OFuvpydtl_5rRBetYMpXm_80_DX216_DY216_CX108_CY38.png" />
      <file href="presentation_content/65OFuvpydtl_6lbyHzuiTIv_80_DX1350_DY1350.swf" />
      <file href="mobile/65OFuvpydtl_6lbyHzuiTIv_80_DX1350_DY1350_CX675_CY262.png" />
      <file href="presentation_content/65OFuvpydtl_6rdQ59AZRK5_80_DX216_DY216.swf" />
      <file href="mobile/65OFuvpydtl_6rdQ59AZRK5_80_DX216_DY216_CX108_CY38.png" />
      <file href="presentation_content/65OFuvpydtl_6TiYaPHeIOt_80_DX1350_DY1350.swf" />
      <file href="mobile/65OFuvpydtl_6TiYaPHeIOt_80_DX1350_DY1350_CX675_CY262.png" />
      <file href="presentation_content/65OFuvpydtl_6lrk2K4iCNU_80_DX216_DY216.swf" />
      <file href="mobile/65OFuvpydtl_6lrk2K4iCNU_80_DX216_DY216_CX108_CY38.png" />
      <file href="presentation_content/65OFuvpydtl_6TZNphBPwfm_80_DX1350_DY1350.swf" />
      <file href="mobile/65OFuvpydtl_6TZNphBPwfm_80_DX1350_DY1350_CX675_CY262.png" />
      <file href="presentation_content/65OFuvpydtl_5ceEzsLatPz_80_DX216_DY216.swf" />
      <file href="mobile/65OFuvpydtl_5ceEzsLatPz_80_DX216_DY216_CX108_CY38.png" />
      <file href="presentation_content/65OFuvpydtl_6Bqd9Hjyx0w_80_DX1350_DY1350.swf" />
      <file href="mobile/65OFuvpydtl_6Bqd9Hjyx0w_80_DX1350_DY1350_CX675_CY262.png" />
      <file href="presentation_content/65OFuvpydtl_6NI4YgbQCEB_80_DX216_DY216.swf" />
      <file href="mobile/65OFuvpydtl_6NI4YgbQCEB_80_DX216_DY216_CX108_CY38.png" />
      <file href="presentation_content/65OFuvpydtl_6U8ehUG4949_80_DX1350_DY1350.swf" />
      <file href="mobile/65OFuvpydtl_6U8ehUG4949_80_DX1350_DY1350_CX675_CY262.png" />
      <file href="presentation_content/65OFuvpydtl_5fDUGoXHhfO_80_DX216_DY216.swf" />
      <file href="mobile/65OFuvpydtl_5fDUGoXHhfO_80_DX216_DY216_CX108_CY38.png" />
      <file href="presentation_content/65OFuvpydtl_6lp0OHVDDqQ_80_DX1350_DY1350.swf" />
      <file href="mobile/65OFuvpydtl_6lp0OHVDDqQ_80_DX1350_DY1350_CX675_CY262.png" />
      <file href="presentation_content/65OFuvpydtl_sl683shp5_80_DX250_DY250.swf" />
      <file href="mobile/65OFuvpydtl_sl683shp5_80_DX250_DY250_CX125_CY73.png" />
      <file href="presentation_content/65OFuvpydtl_6o2gc1xoCj1_80_DX216_DY216.swf" />
      <file href="mobile/65OFuvpydtl_6o2gc1xoCj1_80_DX216_DY216_CX108_CY38.png" />
      <file href="presentation_content/65OFuvpydtl_6pIAPvvnKXG_80_DX1350_DY1350.swf" />
      <file href="mobile/65OFuvpydtl_6pIAPvvnKXG_80_DX1350_DY1350_CX675_CY262.png" />
      <file href="presentation_content/65OFuvpydtl_5jC0zMeobYv_80_DX216_DY216.swf" />
      <file href="mobile/65OFuvpydtl_5jC0zMeobYv_80_DX216_DY216_CX108_CY38.png" />
      <file href="presentation_content/65OFuvpydtl_5pCx50QWtir_80_DX1350_DY1350.swf" />
      <file href="mobile/65OFuvpydtl_5pCx50QWtir_80_DX1350_DY1350_CX675_CY262.png" />
      <file href="presentation_content/65OFuvpydtl_5vsb2mphnxv_80_DX870_DY870.swf" />
      <file href="mobile/65OFuvpydtl_5vsb2mphnxv_80_DX870_DY870_CX435_CY371.png" />
      <file href="presentation_content/65OFuvpydtl_5ujXy1Kx9y9_80_DX216_DY216.swf" />
      <file href="mobile/65OFuvpydtl_5ujXy1Kx9y9_80_DX216_DY216_CX108_CY38.png" />
      <file href="presentation_content/65OFuvpydtl_63G8t6PSxuQ_80_DX1350_DY1350.swf" />
      <file href="mobile/65OFuvpydtl_63G8t6PSxuQ_80_DX1350_DY1350_CX675_CY262.png" />
      <file href="presentation_content/65OFuvpydtl_5YN9vjbTcLd_80_DX216_DY216.swf" />
      <file href="mobile/65OFuvpydtl_5YN9vjbTcLd_80_DX216_DY216_CX108_CY38.png" />
      <file href="presentation_content/65OFuvpydtl_6p6yjmc51X8_80_DX1350_DY1350.swf" />
      <file href="mobile/65OFuvpydtl_6p6yjmc51X8_80_DX1350_DY1350_CX675_CY262.png" />
      <file href="presentation_content/65OFuvpydtl_632N3ixUIhv_80_DX216_DY216.swf" />
      <file href="mobile/65OFuvpydtl_632N3ixUIhv_80_DX216_DY216_CX108_CY38.png" />
      <file href="presentation_content/65OFuvpydtl_6GZA9INqiO2_80_DX1350_DY1350.swf" />
      <file href="mobile/65OFuvpydtl_6GZA9INqiO2_80_DX1350_DY1350_CX675_CY262.png" />
      <file href="presentation_content/65OFuvpydtl_5WbpLcc5UqU_80_DX216_DY216.swf" />
      <file href="mobile/65OFuvpydtl_5WbpLcc5UqU_80_DX216_DY216_CX108_CY38.png" />
      <file href="presentation_content/65OFuvpydtl_6bhmEQkaZRe_80_DX1350_DY1350.swf" />
      <file href="mobile/65OFuvpydtl_6bhmEQkaZRe_80_DX1350_DY1350_CX675_CY262.png" />
      <file href="presentation_content/65OFuvpydtl_6eq7zUZnQ73_80_DX216_DY216.swf" />
      <file href="mobile/65OFuvpydtl_6eq7zUZnQ73_80_DX216_DY216_CX108_CY38.png" />
      <file href="meta.xml" />
      <file href="mobile/5jTN9VyC0C4.jpg" />
      <file href="presentation_content/logo.swf" />
      <file href="presentation_content/frame.xml" />
      <file href="presentation_content/frame.js" />
      <file href="presentation_content/user.js" />
      <file href="presentation_unsupported.html" />
      <file href="mobile/Slide65OFuvpydtl_d1sm.jpg" />
      <file href="mobile/app_store.png" />
      <file href="mobile/linen_background.jpg" />
      <file href="mobile/mobile_icon.png" />
      <file href="mobile/player.css" />
      <file href="mobile/player_compiled.js" />
      <file href="presentation_content/fonts.swf" />
      <file href="mobile/fonts.js" />
      <file href="presentation.swf" />
      <file href="presentation_content/frame.swf" />
      <file href="presentation_content/slides/6d6P94dMUyS.swf" />
      <file href="mobile/slides/6d6P94dMUyS.js" />
      <file href="presentation_content/slides/6aP6ygGmXwa.swf" />
      <file href="mobile/slides/6aP6ygGmXwa.js" />
      <file href="presentation_content/slides/5VOpUc6dv3M.swf" />
      <file href="mobile/slides/5VOpUc6dv3M.js" />
      <file href="presentation_content/slides/5Uxeck9AI8C.swf" />
      <file href="mobile/slides/5Uxeck9AI8C.js" />
      <file href="presentation_content/slides/6hclsjwUjx4.swf" />
      <file href="mobile/slides/6hclsjwUjx4.js" />
      <file href="presentation_content/slides/6co9xaP0eZv.swf" />
      <file href="mobile/slides/6co9xaP0eZv.js" />
      <file href="presentation_content/slides/6n5qrp23yCe.swf" />
      <file href="mobile/slides/6n5qrp23yCe.js" />
      <file href="presentation_content/slides/5fupDdaPkhx.swf" />
      <file href="mobile/slides/5fupDdaPkhx.js" />
      <file href="presentation_content/slides/6mgm1Abknmg.swf" />
      <file href="mobile/slides/6mgm1Abknmg.js" />
      <file href="presentation_content/slides/6GpSi0y0FZn.swf" />
      <file href="mobile/slides/6GpSi0y0FZn.js" />
      <file href="presentation_content/slides/5hpFhliorWS.swf" />
      <file href="mobile/slides/5hpFhliorWS.js" />
      <file href="presentation_content/slides/5moQNfVKiZQ.swf" />
      <file href="mobile/slides/5moQNfVKiZQ.js" />
      <file href="presentation_content/slides/6U53XmgsKkP.swf" />
      <file href="mobile/slides/6U53XmgsKkP.js" />
      <file href="presentation_content/slides/5iHUruNK1Tq.swf" />
      <file href="mobile/slides/5iHUruNK1Tq.js" />
      <file href="presentation_content/slides/6YOfKfVy7Dt.swf" />
      <file href="mobile/slides/6YOfKfVy7Dt.js" />
      <file href="presentation_content/slides/6oULnl5XjUx.swf" />
      <file href="mobile/slides/6oULnl5XjUx.js" />
      <file href="presentation_content/slides/5p33FpoQJVv.swf" />
      <file href="mobile/slides/5p33FpoQJVv.js" />
      <file href="presentation_content/slides/6It41IMsT0N.swf" />
      <file href="mobile/slides/6It41IMsT0N.js" />
      <file href="presentation_content/slides/6jqtXAPTpbG.swf" />
      <file href="mobile/slides/6jqtXAPTpbG.js" />
      <file href="presentation_content/slides/6WkVcSHSzkB.swf" />
      <file href="mobile/slides/6WkVcSHSzkB.js" />
      <file href="presentation_content/slides/6j3QSN9j4uP.swf" />
      <file href="mobile/slides/6j3QSN9j4uP.js" />
      <file href="presentation_content/data.swf" />
      <file href="mobile/data.js" />
      <file href="mobile/masks.js" />
      <file href="presentation.html" />
      <file href="presentation_html5.html" />
      <file href="index_lms_html5.html" />
      <file href="presentation_content/blank.html" />
      <file href="presentation_content/presentation.js" />
      <file href="index_lms.html" />
      <file href="lms/AICCComm.html" />
      <file href="lms/AICCFunctions.js" />
      <file href="lms/API.js" />
      <file href="lms/APIConstants.js" />
      <file href="lms/blank.html" />
      <file href="lms/browsersniff.js" />
      <file href="lms/Configuration.js" />
      <file href="lms/goodbye.html" />
      <file href="lms/lms.js" />
      <file href="lms/LMSAPI.js" />
      <file href="lms/NONEFunctions.js" />
      <file href="lms/SCORM2004Functions.js" />
      <file href="lms/SCORMFunctions.js" />
      <file href="lms/UtilityFunctions.js" />
    </resource>
  </resources>
</manifest>