<?xml version="1.0" encoding="utf-8"?><bwFrame xmlns:xsi="http://www.w3.org/2001/XMLSchema-instance" xmlns:xsd="http://www.w3.org/2001/XMLSchema" default_layout="pxnsnfns01001000010" textdirection="ltr" device="false" kbshortcuts="true" outputtype="ap"><layouts><layout name="pxnsnfns01001000010" font="Articulate" controllayout="pxnsnfns01001000010" colorscheme="pxnsnfns01001000010" string_table="pxnsnfns01001000010" /></layouts><control_options><optiongroups><optiongroup name="sidebaroptions"><options><option name="title_enabled" value="true"><options><option name="title_text" value="LevelsOfTesting" /></options></option><option name="logo_enabled" value="true"><options><option name="logo_url" value="presentation_content/logo.swf"><properties><property name="width" value="218" /><property name="height" value="123" /></properties></option><option name="html5_logo_url" value="mobile/68Xd4j3EsGZ.jpg" /></options></option><option name="sidebar_enabled" value="true"><options><option name="sidebarpos" value="left" /></options></option><optionlist name="tabs"><listitems><listitem name="resources" value="false" group="linkright" /><listitem name="customlink" value="true" group="linkright"><properties><property name="title" value="Exit" /><property name="data" value="5ganMfpZPUY" /><property name="ignoreSlideLock" value="true" /></properties></listitem><listitem name="outline" value="true" group="sidebar" /><listitem name="glossary" value="false" group="sidebar" /><listitem name="transcript" value="false" group="sidebar" /></listitems></optionlist><option name="time_enabled" value="false"><options><option name="time_format" value="totalelapsed" /></options></option><option name="info_enabled" value="false"><options><option name="default" value="default" /></options></option><option name="video_enabled" value="false"><options><option name="height" value="135" /></options></option></options></optiongroup><optiongroup name="menuoptions"><options><option name="flow" value="free" /><option name="wraplistitems" value="false" /><option name="tooltips" value="true" /><option name="autocollapse" value="true" /><option name="autonumber" value="true" /><option name="levelbehavior" value="reached" /><option name="levelrestriction" value="unrestricted" /><option name="enableresultsicons" value="false" /></options></optiongroup><optiongroup name="controls"><options><option name="volume" value="false" /><option name="seekbar" value="false"><options><option name="readonly" value="false" /></options></option><option name="search" value="true" /><option name="replay" value="false" /><option name="pauseplay" value="false" /><option name="enableKeyboardShortcuts" value="true" /><option name="elapsedandtotaltime" value="true" /><option name="use_fixed_output_size" value="true" /><option name="output_size_scale_percent" value="100" /></options></optiongroup><optiongroup name="bottombaroptions"><options><option name="bottombar_enabled" value="true" /></options></optiongroup></optiongroups></control_options><control_layouts><control_layout name="pxnsnfns01001000010"><control name="volume" enabled="false" /><control name="seekbar" enabled="false" /><control name="replay" enabled="false" /><control name="pauseplay" enabled="false" /><control name="logo" enabled="true" /><control name="previous" enabled="true" /><control name="next" enabled="true" /><control name="submit" enabled="false" /><control name="finish" enabled="false" /><control name="submitall" enabled="false" /><control name="resources" enabled="false" /><control name="glossary" enabled="false" /><control name="transcript" enabled="false" /><control name="outline" enabled="true"><controls><control name="search" enabled="true" /></controls></control><control name="close_btn" enabled="false" /></control_layout></control_layouts><colorschemes><colorscheme name="pxnsnfns01001000010"><color_group name="infopanel"><group_colors><color name="link_text"><fill type="linear" rotation="90"><colors><color rgb="0x7C2280" alpha="100" stop="0" /></colors></fill></color><color name="link_hover"><fill type="linear" rotation="90"><colors><color rgb="0x0000EE" alpha="100" stop="0" /></colors></fill></color><color name="bg"><fill type="linear" rotation="90"><colors><color rgb="0xFFFFFF" alpha="100" stop="0" /></colors></fill></color><color name="shadow"><fill type="linear" rotation="90"><colors><color rgb="0xB8B8B8" alpha="100" stop="0" /></colors></fill></color><color name="name_text"><fill type="linear" rotation="90"><colors><color rgb="0x444444" alpha="100" stop="0" /></colors></fill></color><color name="title_text"><fill type="linear" rotation="90"><colors><color rgb="0x999999" alpha="100" stop="0" /></colors></fill></color></group_colors></color_group><color_group name="infopanelpopup"><group_colors><color name="link_text"><fill type="linear" rotation="90"><colors><color rgb="0x7C2280" alpha="100" stop="0" /></colors></fill></color><color name="link_hover"><fill type="linear" rotation="90"><colors><color rgb="0x0000EE" alpha="100" stop="0" /></colors></fill></color><color name="bg"><fill type="linear" rotation="90"><colors><color rgb="0xE9E9E9" alpha="100" stop="0" /><color rgb="0xCFCFCF" alpha="100" stop="255" /></colors></fill></color><color name="shadow"><fill type="linear" rotation="90"><colors><color rgb="0xB8B8B8" alpha="100" stop="0" /></colors></fill></color><color name="name_text"><fill type="linear" rotation="90"><colors><color rgb="0x444444" alpha="100" stop="0" /></colors></fill></color><color name="bio_text"><fill type="linear" rotation="90"><colors><color rgb="0x999999" alpha="100" stop="0" /></colors></fill></color></group_colors></color_group><color_group name="timer"><group_colors><color name="duration"><fill type="linear" rotation="90"><colors><color rgb="0x00D7FF" alpha="100" stop="0" /><color rgb="0x00ABFF" alpha="100" stop="255" /></colors></fill></color><color name="elapsed"><fill type="linear" rotation="90"><colors><color rgb="0xFEE347" alpha="100" stop="0" /><color rgb="0xFCCC2A" alpha="100" stop="255" /></colors></fill></color><color name="stroke"><fill type="linear" rotation="90"><colors><color rgb="0xC7C7C7" alpha="100" stop="0" /></colors></fill></color><color name="inner"><fill type="linear" rotation="90"><colors><color rgb="0xFFFFFF" alpha="100" stop="0" /></colors></fill></color><color name="text"><fill type="linear" rotation="90"><colors><color rgb="0x555555" alpha="100" stop="0" /></colors></fill></color></group_colors></color_group><color_group name="window"><group_colors><color name="text"><fill type="linear" rotation="90"><colors><color rgb="0x555555" alpha="100" stop="0" /></colors></fill></color><color name="inner"><fill type="linear" rotation="90"><colors><color rgb="0xEAEAEA" alpha="100" stop="0" /><color rgb="0xCFCFCF" alpha="100" stop="255" /></colors></fill></color><color name="bg"><fill type="linear" rotation="90"><colors><color rgb="0xF3F3F3" alpha="100" stop="0" /></colors></fill></color><color name="diva"><fill type="linear" rotation="90"><colors><color rgb="0xF7F7F7" alpha="100" stop="0" /></colors></fill></color><color name="divb"><fill type="linear" rotation="90"><colors><color rgb="0xD3D3D3" alpha="100" stop="0" /></colors></fill></color><color name="shadow"><fill type="linear" rotation="90"><colors><color rgb="0x000000" alpha="20" stop="0" /></colors></fill></color></group_colors></color_group><color_group name="editor"><group_colors><color name="slide_text"><fill type="linear" rotation="90"><colors><color rgb="0x555555" alpha="100" stop="0" /></colors></fill></color><color name="html_text"><fill type="linear" rotation="90"><colors><color rgb="0x444444" alpha="100" stop="0" /></colors></fill></color><color name="btn_bg"><fill type="linear" rotation="90"><colors><color rgb="0xF5F5F5" alpha="100" stop="0" /><color rgb="0xC7C7C7" alpha="100" stop="255" /></colors></fill></color><color name="btn_hover"><fill type="linear" rotation="90"><colors><color rgb="0xF2F2F2" alpha="100" stop="0" /><color rgb="0xAFAFAF" alpha="100" stop="255" /></colors></fill></color><color name="btn_down"><fill type="linear" rotation="90"><colors><color rgb="0xC7C7C7" alpha="100" stop="0" /><color rgb="0xF4F4F4" alpha="100" stop="255" /></colors></fill></color><color name="btn_border"><fill type="linear" rotation="90"><colors><color rgb="0xB1B1B1" alpha="100" stop="0" /></colors></fill></color><color name="btn_text"><fill type="linear" rotation="90"><colors><color rgb="0x353535" alpha="100" stop="0" /></colors></fill></color><color name="btn_text_shadow"><fill type="linear" rotation="90"><colors><color rgb="0xF0F0F0" alpha="100" stop="0" /></colors></fill></color></group_colors></color_group><color_group name="listitem"><group_colors><color name="selected_text"><fill type="linear" rotation="90"><colors><color rgb="0x353535" alpha="100" stop="0" /></colors></fill></color><color name="lines"><fill type="linear" rotation="90"><colors><color rgb="0xDFDFDF" alpha="100" stop="0" /></colors></fill></color><color name="hover"><fill type="linear" rotation="90"><colors><color rgb="0xE6E6E6" alpha="100" stop="0" /></colors></fill></color><color name="viewed"><fill type="linear" rotation="90"><colors><color rgb="0x909090" alpha="100" stop="0" /></colors></fill></color><color name="text"><fill type="linear" rotation="90"><colors><color rgb="0x353535" alpha="100" stop="0" /></colors></fill></color><color name="selected"><fill type="linear" rotation="90"><colors><color rgb="0xC0E2F1" alpha="100" stop="0" /></colors></fill></color><color name="shadow"><fill type="linear" rotation="90"><colors><color rgb="0xFFFFFF" alpha="100" stop="0" /></colors></fill></color></group_colors></color_group><color_group name="base"><group_colors><color name="text"><fill type="linear" rotation="90"><colors><color rgb="0x555555" alpha="100" stop="0" /></colors></fill></color><color name="diva"><fill type="linear" rotation="90"><colors><color rgb="0xD3D3D3" alpha="100" stop="0" /></colors></fill></color><color name="divb"><fill type="linear" rotation="90"><colors><color rgb="0xF7F7F7" alpha="100" stop="0" /></colors></fill></color><color name="bg"><fill type="linear" rotation="90"><colors><color rgb="0xE9E9E9" alpha="100" stop="0" /><color rgb="0xCFCFCF" alpha="100" stop="255" /></colors></fill></color><color name="border"><fill type="linear" rotation="90"><colors><color rgb="0xE9E9E9" alpha="100" stop="0" /><color rgb="0xF3F3F3" alpha="100" stop="255" /></colors></fill></color><color name="menu_shade"><fill type="linear" rotation="90"><colors><color rgb="0xDBDBDB" alpha="100" stop="0" /><color rgb="0xC3C3C3" alpha="100" stop="255" /></colors></fill></color><color name="slide_bg"><fill type="linear" rotation="90"><colors><color rgb="0xE9E9E9" alpha="100" stop="0" /><color rgb="0xCFCFCF" alpha="100" stop="255" /></colors></fill></color></group_colors></color_group><color_group name="button"><group_colors><color name="btn_bg"><fill type="linear" rotation="90"><colors><color rgb="0xF5F5F5" alpha="100" stop="0" /><color rgb="0xC7C7C7" alpha="100" stop="255" /></colors></fill></color><color name="btn_hover"><fill type="linear" rotation="90"><colors><color rgb="0xF2F2F2" alpha="100" stop="0" /><color rgb="0xAFAFAF" alpha="100" stop="255" /></colors></fill></color><color name="btn_down"><fill type="linear" rotation="90"><colors><color rgb="0xC7C7C7" alpha="100" stop="0" /><color rgb="0xF4F4F4" alpha="100" stop="255" /></colors></fill></color><color name="btn_border"><fill type="linear" rotation="90"><colors><color rgb="0xB1B1B1" alpha="100" stop="0" /></colors></fill></color><color name="btn_text"><fill type="linear" rotation="90"><colors><color rgb="0x353535" alpha="100" stop="0" /></colors></fill></color><color name="btn_text_shadow"><fill type="linear" rotation="90"><colors><color rgb="0xF0F0F0" alpha="100" stop="0" /></colors></fill></color><color name="btn_icon_color"><fill type="linear" rotation="90"><colors><color rgb="0x353535" alpha="100" stop="0" /></colors></fill></color><color name="btn_glow"><fill type="linear" rotation="90"><colors><color rgb="0xCFCFCF" alpha="100" stop="0" /></colors></fill></color></group_colors></color_group><color_group name="checkbox"><group_colors><color name="border"><fill type="linear" rotation="90"><colors><color rgb="0xB8B8B8" alpha="100" stop="0" /></colors></fill></color><color name="bg"><fill type="linear" rotation="90"><colors><color rgb="0xFFFFFF" alpha="100" stop="0" /></colors></fill></color><color name="check"><fill type="linear" rotation="90"><colors><color rgb="0x33CC00" alpha="100" stop="0" /></colors></fill></color><color name="text"><fill type="linear" rotation="90"><colors><color rgb="0x444444" alpha="100" stop="0" /></colors></fill></color><color name="hover"><fill type="linear" rotation="90"><colors><color rgb="0x6BF8FF" alpha="100" stop="0" /></colors></fill></color></group_colors></color_group><color_group name="logo"><group_colors><color name="bg"><fill type="linear" rotation="90"><colors><color rgb="0xFFFFFF" alpha="100" stop="0" /></colors></fill></color><color name="shadow"><fill type="linear" rotation="90"><colors><color rgb="0xB8B8B8" alpha="100" stop="0" /></colors></fill></color></group_colors></color_group><color_group name="menu"><group_colors><color name="bg"><fill type="linear" rotation="90"><colors><color rgb="0xF3F3F3" alpha="100" stop="0" /></colors></fill></color><color name="shadow"><fill type="linear" rotation="90"><colors><color rgb="0xB8B8B8" alpha="100" stop="0" /></colors></fill></color></group_colors></color_group><color_group name="scrollarea"><group_colors><color name="bg"><fill type="linear" rotation="0"><colors><color rgb="0xDEDEDE" alpha="100" stop="0" /><color rgb="0xE8E8E8" alpha="100" stop="128" /></colors></fill></color><color name="border"><fill type="linear" rotation="90"><colors><color rgb="0xF6F6F6" alpha="100" stop="0" /><color rgb="0xF3F3F3" alpha="100" stop="255" /></colors></fill></color><color name="button_bg"><fill type="linear" rotation="90"><colors><color rgb="0xC4C4C4" alpha="100" stop="0" /><color rgb="0xB2B2B2" alpha="100" stop="255" /></colors></fill></color><color name="button_inner"><fill type="linear" rotation="90"><colors><color rgb="0xCBCBCB" alpha="100" stop="0" /><color rgb="0xBABABA" alpha="100" stop="255" /></colors></fill></color><color name="button_border"><fill type="linear" rotation="90"><colors><color rgb="0xB8B8B8" alpha="100" stop="0" /></colors></fill></color><color name="icons"><fill type="linear" rotation="90"><colors><color rgb="0x555555" alpha="100" stop="0" /></colors></fill></color><color name="shadow"><fill type="linear" rotation="90"><colors><color rgb="0xD9D9D9" alpha="100" stop="0" /></colors></fill></color><color name="detaila"><fill type="linear" rotation="90"><colors><color rgb="0xA7A7A7" alpha="100" stop="0" /></colors></fill></color><color name="detailb"><fill type="linear" rotation="90"><colors><color rgb="0xCFCFCF" alpha="100" stop="0" /></colors></fill></color></group_colors></color_group><color_group name="searchinput"><group_colors><color name="bg"><fill type="linear" rotation="90"><colors><color rgb="0xDFDFDF" alpha="100" stop="0" /></colors></fill></color><color name="border"><fill type="linear" rotation="90"><colors><color rgb="0xADADAD" alpha="100" stop="0" /><color rgb="0xFAFAFA" alpha="100" stop="255" /></colors></fill></color><color name="icon"><fill type="linear" rotation="90"><colors><color rgb="0x8A8A8A" alpha="100" stop="0" /></colors></fill></color><color name="button_hover"><fill type="linear" rotation="90"><colors><color rgb="0xF5F5F5" alpha="100" stop="0" /><color rgb="0xC7C7C7" alpha="100" stop="255" /></colors></fill></color><color name="hover_glow"><fill type="linear" rotation="90"><colors><color rgb="0x6BF8FF" alpha="100" stop="0" /></colors></fill></color><color name="search_text"><fill type="linear" rotation="90"><colors><color rgb="0x8A8A8A" alpha="100" stop="0" /></colors></fill></color><color name="bg_active"><fill type="linear" rotation="90"><colors><color rgb="0xFAFAFA" alpha="100" stop="0" /></colors></fill></color><color name="text_active"><fill type="linear" rotation="90"><colors><color rgb="0x333333" alpha="100" stop="0" /></colors></fill></color></group_colors></color_group><color_group name="seekcontrol"><group_colors><color name="bg"><fill type="linear" rotation="90"><colors><color rgb="0xF5F5F5" alpha="100" stop="0" /><color rgb="0xC7C7C7" alpha="100" stop="255" /></colors></fill></color><color name="border"><fill type="linear" rotation="90"><colors><color rgb="0xB1B1B1" alpha="100" stop="0" /></colors></fill></color><color name="seek_border"><fill type="linear" rotation="90"><colors><color rgb="0xB8B8B8" alpha="100" stop="0" /><color rgb="0xEEEEEE" alpha="100" stop="255" /></colors></fill></color><color name="seek_bg"><fill type="linear" rotation="90"><colors><color rgb="0xE7E7E7" alpha="100" stop="0" /></colors></fill></color><color name="seek_position"><fill type="linear" rotation="90"><colors><color rgb="0xFFFFFF" alpha="100" stop="0" /></colors></fill></color><color name="btn_icon_color"><fill type="linear" rotation="90"><colors><color rgb="0x2D2D2D" alpha="100" stop="0" /></colors></fill></color><color name="btn_icon_hover"><fill type="linear" rotation="90"><colors><color rgb="0x555555" alpha="100" stop="0" /></colors></fill></color><color name="btn_icon_shadow"><fill type="linear" rotation="90"><colors><color rgb="0xF0F0F0" alpha="100" stop="0" /></colors></fill></color></group_colors></color_group><color_group name="tabs"><group_colors><color name="bg"><fill type="linear" rotation="90"><colors><color rgb="0xF3F3F3" alpha="100" stop="0" /></colors></fill></color><color name="text"><fill type="linear" rotation="90"><colors><color rgb="0x555555" alpha="100" stop="0" /></colors></fill></color><color name="selected"><fill type="linear" rotation="90"><colors><color rgb="0x333333" alpha="100" stop="0" /></colors></fill></color><color name="hover"><fill type="linear" rotation="90"><colors><color rgb="0x333333" alpha="100" stop="0" /></colors></fill></color><color name="shadow"><fill type="linear" rotation="90"><colors><color rgb="0xF0F0F0" alpha="100" stop="0" /></colors></fill></color></group_colors></color_group><color_group name="transcript"><group_colors><color name="div"><fill type="linear" rotation="90"><colors><color rgb="0xE1E1E1" alpha="100" stop="0" /></colors></fill></color><color name="heading_text"><fill type="linear" rotation="90"><colors><color rgb="0x444444" alpha="100" stop="0" /></colors></fill></color></group_colors></color_group><color_group name="outline"><group_colors><color name="diva"><fill type="linear" rotation="90"><colors><color rgb="0xC6C6C6" alpha="100" stop="0" /></colors></fill></color><color name="divb"><fill type="linear" rotation="90"><colors><color rgb="0xF9F9F9" alpha="100" stop="0" /></colors></fill></color><color name="divc"><fill type="linear" rotation="90"><colors><color rgb="0xE1E1E1" alpha="100" stop="0" /></colors></fill></color><color name="search_text"><fill type="linear" rotation="90"><colors><color rgb="0x444444" alpha="100" stop="0" /></colors></fill></color><color name="search_hover"><fill type="linear" rotation="90"><colors><color rgb="0x0000EE" alpha="100" stop="0" /></colors></fill></color></group_colors></color_group><color_group name="resource"><group_colors><color name="separator"><fill type="linear" rotation="90"><colors><color rgb="0xE0E0E0" alpha="100" stop="0" /></colors></fill></color></group_colors></color_group><color_group name="glossary"><group_colors><color name="selected_text"><fill type="linear" rotation="90"><colors><color rgb="0x353535" alpha="100" stop="0" /></colors></fill></color><color name="selected"><fill type="linear" rotation="90"><colors><color rgb="0xC0E2F1" alpha="100" stop="0" /></colors></fill></color><color name="text"><fill type="linear" rotation="90"><colors><color rgb="0x353535" alpha="100" stop="0" /></colors></fill></color><color name="hover"><fill type="linear" rotation="90"><colors><color rgb="0xE6E6E6" alpha="100" stop="0" /></colors></fill></color><color name="diva"><fill type="linear" rotation="90"><colors><color rgb="0xE2E2E2" alpha="100" stop="0" /></colors></fill></color><color name="divb"><fill type="linear" rotation="90"><colors><color rgb="0xE2E2E2" alpha="100" stop="0" /></colors></fill></color><color name="divc"><fill type="linear" rotation="90"><colors><color rgb="0xFAFAFA" alpha="100" stop="0" /></colors></fill></color><color name="bg"><fill type="linear" rotation="90"><colors><color rgb="0xE7E7E7" alpha="100" stop="0" /></colors></fill></color><color name="heading_text"><fill type="linear" rotation="90"><colors><color rgb="0x444444" alpha="100" stop="0" /></colors></fill></color></group_colors></color_group><color_group name="volume"><group_colors><color name="thumb_border"><fill type="linear" rotation="90"><colors><color rgb="0xA5A5A5" alpha="100" stop="0" /></colors></fill></color><color name="thumb_inner"><fill type="linear" rotation="90"><colors><color rgb="0xD4D4D4" alpha="100" stop="0" /></colors></fill></color><color name="thumb_bg"><fill type="linear" rotation="90"><colors><color rgb="0xC8C8C8" alpha="100" stop="0" /></colors></fill></color><color name="slider_border"><fill type="linear" rotation="90"><colors><color rgb="0xF2F2F2" alpha="100" stop="0" /></colors></fill></color><color name="slider_bg"><fill type="linear" rotation="90"><colors><color rgb="0xBCBCBC" alpha="100" stop="0" /><color rgb="0xBCBCBC" alpha="100" stop="128" /><color rgb="0xC3C3C3" alpha="100" stop="255" /></colors></fill></color></group_colors></color_group><color_group name="HTML"><group_colors><color name="htmlpage_bg_color"><fill type="linear" rotation="90"><colors><color rgb="0xFFFFFF" alpha="100" stop="0" /></colors></fill></color></group_colors></color_group></colorscheme></colorschemes><string_tables><string_table name="pxnsnfns01001000010"><string id="prev">PREV</string><string id="next">NEXT</string><string id="submit">SUBMIT</string><string id="outline">Menu</string><string id="resources">Resources</string><string id="glossary">Glossary</string><string id="transcript">Notes</string><string id="clear">Clear and return to Menu</string><string id="search_results">Search Results</string><string id="filter">Filter</string><string id="slide_text_chk">Slide Text</string><string id="transcript_chk">Notes</string><string id="search_in">Search in:</string><string id="check_include">Check to include</string><string id="search">Search...</string><string id="terms">Terms</string><string id="definition">Definition</string><string id="finish">FINISH</string><string id="acc_finish">finish</string><string id="acc_definition">definition</string><string id="acc_resources">resources</string><string id="acc_search_input">search</string><string id="acc_pause">pause</string><string id="acc_play">play</string><string id="acc_replay">replay</string><string id="acc_submit">submit</string><string id="acc_next">next</string><string id="acc_previous">previous</string><string id="acc_volume">volume</string><string id="submitall">SUBMIT ALL</string><string id="acc_submitall">submit all</string><string id="question_list">Question List</string><string id="more_info">More info</string><string id="send_an_email">Send an email</string><string id="close">Close</string><string id="bio">Bio</string><string id="exit">Exit</string></string_table></string_tables><sounds enabled="false" /><nav_data><outline><links><slidelink slideid="4umpHvPqJt7.5stTkNSoOpr" displaytext="Slide 1" expand="false" type="slide" /><slidelink slideid="4umpHvPqJt7.5dM9oemvgKh" displaytext="Pre Session Activity –Case Study" expand="false" type="slide" /><slidelink slideid="4umpHvPqJt7.6MGMtH4tafa" displaytext="Agenda" expand="false" type="slide" /><slidelink slideid="4umpHvPqJt7.6h5nrfeaTsD" displaytext="Levels of Testing –Introduction" expand="false" type="slide" /><slidelink slideid="4umpHvPqJt7.5xQC2d1vihS" displaytext="Levels of Testing- V Model" expand="false" type="slide" /><slidelink slideid="4umpHvPqJt7.6bpZenxVux7" displaytext="V- Model" expand="false" type="slide" /><slidelink slideid="4umpHvPqJt7.6VtciuOv4uC" displaytext="Unit Testing -Introduction" expand="false" type="slide" /><slidelink slideid="4umpHvPqJt7.6g0aw8umjk6" displaytext="Unit Test Considerations" expand="false" type="slide" /><slidelink slideid="4umpHvPqJt7.608z7S7xTCL" displaytext="Tasks in Unit Testing" expand="false" type="slide" /><slidelink slideid="4umpHvPqJt7.6G5lBMPfIWr" displaytext="Tasks in Unit Testing" expand="false" type="slide" /><slidelink slideid="4umpHvPqJt7.6XXgpWUMaCS" displaytext="Tasks in Unit Testing" expand="false" type="slide" /><slidelink slideid="4umpHvPqJt7.6du1GtmW3zP" displaytext="Integration Testing -Introduction" expand="false" type="slide" /><slidelink slideid="4umpHvPqJt7.6nmf9KaFjCn" displaytext="Top –Down Approach" expand="false" type="slide" /><slidelink slideid="4umpHvPqJt7.65R2luxNiV5" displaytext="Bottom -Up approach" expand="false" type="slide" /><slidelink slideid="4umpHvPqJt7.5gUel4pWOpV" displaytext="Big Bang Approach" expand="false" type="slide" /><slidelink slideid="4umpHvPqJt7.67sgiSjBKu9" displaytext="Integration Test Considerations" expand="false" type="slide" /><slidelink slideid="4umpHvPqJt7.6p8NzjUNP3S" displaytext="Tasks in Integration Testing" expand="false" type="slide" /><slidelink slideid="4umpHvPqJt7.5mYUH8tiHEf" displaytext="System Testing -Introduction" expand="false" type="slide" /><slidelink slideid="4umpHvPqJt7.6mLD4Kowk2o" displaytext="Task in System Testing" expand="false" type="slide" /><slidelink slideid="4umpHvPqJt7.6PlDSe9k582" displaytext="Tasks in System Testing" expand="false" type="slide" /><slidelink slideid="4umpHvPqJt7.5achx3JsQWD" displaytext="System Integration Testing -Introduction" expand="false" type="slide" /><slidelink slideid="4umpHvPqJt7.6SI7OIO2lcP" displaytext="Task in System Integration Testing" expand="false" type="slide" /><slidelink slideid="4umpHvPqJt7.5l5OGULkmLM" displaytext="Tasks in System IntegrationTesting" expand="false" type="slide" /><slidelink slideid="4umpHvPqJt7.6aBCkDKNpjR" displaytext="User Acceptance Testing -Introduction" expand="false" type="slide" /><slidelink slideid="4umpHvPqJt7.5jFgr2lReeg" displaytext="Tasks in Acceptance Testing" expand="false" type="slide" /><slidelink slideid="4umpHvPqJt7.6qh7g9tCFIp" displaytext="Tasks in Acceptance Testing" expand="false" type="slide" /><slidelink slideid="4umpHvPqJt7.5kLsdKJ28ib" displaytext="Tasks in Acceptance Testing" expand="false" type="slide" /><slidelink slideid="4umpHvPqJt7.5qcgSUGZft1" displaytext="Tasks in Acceptance Testing" expand="false" type="slide" /><slidelink slideid="4umpHvPqJt7.5kNPexhrZzp" displaytext="Tasks in Acceptance Testing" expand="false" type="slide" /><slidelink slideid="4umpHvPqJt7.60YZZ11QSuD" displaytext="Summary - Levels of Testing" expand="false" type="slide" /><slidelink slideid="4umpHvPqJt7.5WZmLXzlnk8" displaytext="Post Session Activity –Group Work" expand="false" type="slide" /><slidelink slideid="4umpHvPqJt7.5Ufo9fKg35e" displaytext="Post Session Activity –Quiz" expand="false" type="slide" /><slidelink slideid="4umpHvPqJt7.6G7akiZC4pr" displaytext="Post Session Activity –Quiz" expand="false" type="slide" /><slidelink slideid="4umpHvPqJt7.5YZOcwQ1JW0" displaytext="Post Session Activity –Quiz" expand="false" type="slide" /><slidelink slideid="4umpHvPqJt7.5nLk8j38kzZ" displaytext="Post Session Activity –Quiz" expand="false" type="slide" /><slidelink slideid="4umpHvPqJt7.5vCpqT8AkNI" displaytext="Slide 36" expand="false" type="slide" /></links></outline><search><slidetext slideid="4umpHvPqJt7.5stTkNSoOpr" slidebank="false" type="slide">     hcl talentcare: confidential  version: 1.0 release date:  07-01-2016 levels of testing28-july-2015  version – 1.0&#xB;release date – 07-01-2016</slidetext><slidetext slideid="4umpHvPqJt7.5dM9oemvgKh" slidebank="false" type="slide">   ‹#›   hcl talentcare: confidential  version: 1.0 release date:  07-01-2016  pre session activity –case study assume your are working as a test analyst for a banking application. the application constitutes of 30 modules and the development team will deliver the modules phase wise.phase 1- 10 modulesphase 2- 5 modulesphase 3- 15 moduleshow will you approach testing this application? </slidetext><slidetext slideid="4umpHvPqJt7.6MGMtH4tafa" slidebank="false" type="slide">   ‹#›   hcl talentcare: confidential  version: 1.0 release date:  07-01-2016  agenda overview on levels of testingunit testingintegration testingsystem testingsystem integration testing user acceptance testing</slidetext><slidetext slideid="4umpHvPqJt7.6h5nrfeaTsD" slidebank="false" type="slide">   ‹#›   hcl talentcare: confidential  version: 1.0 release date:  07-01-2016  levels of testing –introduction the sequence in which testing occurs is represented at various levels.each level of testing has a different objective.the levels of testing should not be seen as hierarchy but a sequence  of test that spans the whole development process.testing starts from simpler components of the system and move to bigger more complex systems.various levels of testing ensure that the software is thoroughly examined in the most efficient way possible.</slidetext><slidetext slideid="4umpHvPqJt7.5xQC2d1vihS" slidebank="false" type="slide">   ‹#›   hcl talentcare: confidential  version: 1.0 release date:  07-01-2016  levels of testing- v model following are the levels used in the project across the organization,unit testing  integration testing      system  testing system integration testing user acceptance testing &#xB;&#xB;&#xB;&#xB; 	</slidetext><slidetext slideid="4umpHvPqJt7.6bpZenxVux7" slidebank="false" type="slide">   ‹#›   hcl talentcare: confidential  version: 1.0 release date:  07-01-2016   v- model requirement analysis system design architecture design module design coding uat system testing integration testing unit testing          acceptance test design    system test design integration test design  unit test design         </slidetext><slidetext slideid="4umpHvPqJt7.6VtciuOv4uC" slidebank="false" type="slide">   ‹#›   hcl talentcare: confidential  version: 1.0 release date:  07-01-2016    unit testing -introduction the most basic type of testing that need to be performed.a unit is the smallest testable part of an application. in procedural programming a unit may be an individual program, function, procedure, etc.the emphasis is on removal of basic coding errors and also, compliance with programming style and standards.unit testing takes place in development environment and test data need to be prepared to follow a particular code path or test specific test cases.performance related issues can be addressed at unit level. examplechecking for user interfaces.checking for stored procedures.checking if the age field accepts only digits when trying to submit a form.</slidetext><slidetext slideid="4umpHvPqJt7.6g0aw8umjk6" slidebank="false" type="slide">   ‹#›   hcl talentcare: confidential  version: 1.0 release date:  07-01-2016  unit test considerations unit test focuses on:process or logicinterfacelocal data structuresboundary conditionsindependent pathserror handling paths</slidetext><slidetext slideid="4umpHvPqJt7.608z7S7xTCL" slidebank="false" type="slide">   ‹#›   hcl talentcare: confidential  version: 1.0 release date:  07-01-2016  tasks in unit testing arrive at unit test plana detailed unit test plan must be in place. this plan can be part of the over all test plan or a separate plan by itself. activities that are necessary for creating a detailed unit test plan. determine the types of unit tests required for the software unitreview the detailed unit test planapprove the unit test plan</slidetext><slidetext slideid="4umpHvPqJt7.6G5lBMPfIWr" slidebank="false" type="slide">   ‹#›   hcl talentcare: confidential  version: 1.0 release date:  07-01-2016  tasks in unit testing identify the test procedure and identify test cases for performing the unit testing which includespath testing - execution of every logic branch and line of code to find logic errors in control structures, dead code, errors at loop boundaries, and errors in loop initializations. boundary condition testing - to find errors in input and output parameter tolerances and verify that the program limits are correctly stated and implemented.perform unit testingperform the test in accordance with the unit test plancompare test results with expected resultsdocument the resultsif the unit did not successfully pass unit test, schedule the unit for rework.</slidetext><slidetext slideid="4umpHvPqJt7.6XXgpWUMaCS" slidebank="false" type="slide">   ‹#›   hcl talentcare: confidential  version: 1.0 release date:  07-01-2016  tasks in unit testing prepare unit test reporttest report captures the result of the unit test activity. a detailed test report shall be generated to analyze the test results and take  corrective actions.the test report contains results of the testing, indicating the compliance or non-compliance with coding standard, programming style, program specification, or design specification used in writing a code.</slidetext><slidetext slideid="4umpHvPqJt7.6du1GtmW3zP" slidebank="false" type="slide">   ‹#›   hcl talentcare: confidential  version: 1.0 release date:  07-01-2016  &#xB;integration testing -introduction here the individual units are combined and tested as a group. the purpose of this level of testing is to expose faults in the interaction between integrated units.integration testing takes place either in development environment or in test environment using real data (data which was processed on the legacy system and is now being re-used for testing).it is very important that integration testing can be performed only if all the  components have been successfully unit tested.integration testing aims to test different parts of the system in combination to assess if they work correctly together. the various ways in which integration testing can be done :big bang approach top-down approach  bottom –up approach</slidetext><slidetext slideid="4umpHvPqJt7.6nmf9KaFjCn" slidebank="false" type="slide">   ‹#›   hcl talentcare: confidential  version: 1.0 release date:  07-01-2016  top –down approach this allows high-level logic and data flow to be tested early in the process and it tends to minimize the need for drivers. in this approach testing is conducted from main module to sub module.  if  the sub module is not developed a temporary program called stub is used   to simulate the sub module.stubs receive output from test objects.    m1    m2 m3 m4   </slidetext><slidetext slideid="4umpHvPqJt7.65R2luxNiV5" slidebank="false" type="slide">   ‹#›   hcl talentcare: confidential  version: 1.0 release date:  07-01-2016  bottom -up approach it is an approach where the lowest level components are tested first, then used to facilitate the testing of higher level components. the process is repeated until the component at the top of the hierarchy is tested. 	if the main module is not developed a temporary program called drivers are used to simulate the main module. drivers –generate input to test objects&#xB;	 m1 m2 m3 driver m4 m5      </slidetext><slidetext slideid="4umpHvPqJt7.5gUel4pWOpV" slidebank="false" type="slide">   ‹#›   hcl talentcare: confidential  version: 1.0 release date:  07-01-2016  big bang approach all the modules are simply put together and tested. this technique can be used only for very small systemsdisadvantages difficult to isolate defects found.probability of missing some critical defects.	</slidetext><slidetext slideid="4umpHvPqJt7.67sgiSjBKu9" slidebank="false" type="slide">   ‹#›   hcl talentcare: confidential  version: 1.0 release date:  07-01-2016  integration test considerations integration testing involves: integrating independent software units or components to form a sizeable       build and then test the assembly. to find any issues in interfaces among units or components. to find any gaps in the data flow.</slidetext><slidetext slideid="4umpHvPqJt7.6p8NzjUNP3S" slidebank="false" type="slide">   ‹#›   hcl talentcare: confidential  version: 1.0 release date:  07-01-2016  tasks in integration testing integrate software units or modules.perform integration testingprepare integration test report examplechecking if the customer details are saved in the database when registering in an online shopping application.           i.e. checking of communication between user interface and the database.</slidetext><slidetext slideid="4umpHvPqJt7.5mYUH8tiHEf" slidebank="false" type="slide">   ‹#›   hcl talentcare: confidential  version: 1.0 release date:  07-01-2016  system testing -introduction testing the behavior of the whole system/product as defined by the scope of a project or a product.the emphasis is on verifying end-to-end workflows and scenarios.it may include tests based on risks and/or requirements specification, business processes, use cases, or other high level descriptions of system behaviour, interactions with the operating system, and system resources.system testing should investigate both functional and non-functional requirements of the system.system testing requires system test environment that comprises of deployment like environment from hardware and software requirements. examplecheck  if a user is able to login, search for a product, place an item in the cart and  make an order in an online shopping application.</slidetext><slidetext slideid="4umpHvPqJt7.6mLD4Kowk2o" slidebank="false" type="slide">   ‹#›   hcl talentcare: confidential  version: 1.0 release date:  07-01-2016  task in system testing arrive at detailed system test plana detailed system test plan includes a detailed plan for the various tasks that are to be performed. this plan includes the time schedule, resource and the responsibilities for the activities to be performed.perform system testsbuilding the system.perform system testing by executing all the identified test cases or test scripts.log issues arising during the testing.</slidetext><slidetext slideid="4umpHvPqJt7.6PlDSe9k582" slidebank="false" type="slide">   ‹#›   hcl talentcare: confidential  version: 1.0 release date:  07-01-2016  tasks in system testing prepare system test reportsystem test report is a result of the system test activity. after testing, a detailed test report is generated to analyze the test results and take corrective actions. the test report contains results of the testing, indicating the compliance or non-compliance of the system requirement.</slidetext><slidetext slideid="4umpHvPqJt7.5achx3JsQWD" slidebank="false" type="slide">   ‹#›   hcl talentcare: confidential  version: 1.0 release date:  07-01-2016  system integration testing -introduction it is a testing process that exercises a software system's coexistence with others. with multiple integrated systems, assuming that each have already passed system testing, sit proceeds to test their required interactions.sit is part of the software testing life cycle for collaborative projects. sit is testing the integration of systems and packages, interfaces to external organizations.(example –electronic data interchange).the goal of system integration testing is to ensure that the data crossing the boundary between systems is received, stored and used appropriately by the receiving system examplecheck if the data flows across the online shopping application and banking application when trying to place an order.</slidetext><slidetext slideid="4umpHvPqJt7.6SI7OIO2lcP" slidebank="false" type="slide">   ‹#›   hcl talentcare: confidential  version: 1.0 release date:  07-01-2016  task in system integration testing arrive at detailed system integration test plana detailed system test plan includes a detailed plan for the various tasks that are to be performed. this plan includes the time schedule, resource and the responsibilities for the activities to be performed.perform system integration testsintegrate the system in a risk based approach .perform testing by executing all the identified test cases or test scripts.log issues arising during the testing.</slidetext><slidetext slideid="4umpHvPqJt7.5l5OGULkmLM" slidebank="false" type="slide">   ‹#›   hcl talentcare: confidential  version: 1.0 release date:  07-01-2016  tasks in system integrationtesting prepare system integration test reportsystem integration  test report is a result of the test activity performed. after testing, a detailed test report is generated to analyze the test results and take corrective actions. the test report contains results of the testing, indicating the compliance or non-compliance of the system requirement.</slidetext><slidetext slideid="4umpHvPqJt7.6aBCkDKNpjR" slidebank="false" type="slide">   ‹#›   hcl talentcare: confidential  version: 1.0 release date:  07-01-2016  user acceptance testing -introduction uat is one of the final stages of a project and often occurs before a client or customer accepts the new system.uat acts as a final verification of the required business function and proper functioning of the system, emulating real-world usage conditions on behalf of the paying client or a specific large customer tests are usually performed by clients or end-users, and usually focusses on compliance with the acceptance criteria in the contract.if the decision is made to accept the system, then the project team, sponsor and user should review the plans for the implementation/go-live date. the below test are performed in user acceptance testing level. alpha testing -done at the developer’s site.beta testing –done at the customer site.  		 &#xB;&#xB; 	 example:beta version of online shopping application released and getting the feedback from the end user.</slidetext><slidetext slideid="4umpHvPqJt7.5jFgr2lReeg" slidebank="false" type="slide">   ‹#›   hcl talentcare: confidential  version: 1.0 release date:  07-01-2016  tasks in acceptance testing establish a user acceptance test environmentsoftware installation at client’s sitetraining for using the software or maintaining the softwareperform testing and bug fixingsupport during testingpost test support</slidetext><slidetext slideid="4umpHvPqJt7.6qh7g9tCFIp" slidebank="false" type="slide">   ‹#›   hcl talentcare: confidential  version: 1.0 release date:  07-01-2016  tasks in acceptance testing software installation at client’s sitethe software delivered by the development team has to be installed at the client site to facilitate the client to perform the acceptance testing. this is done, based on agreement, by support team from software development organization.providing training for using the software or maintaining the softwaretraining shall be provided to the acceptance test team / client for using and maintaining the installed software. this is done, based on agreement, by support team from software development organization.</slidetext><slidetext slideid="4umpHvPqJt7.5kLsdKJ28ib" slidebank="false" type="slide">   ‹#›   hcl talentcare: confidential  version: 1.0 release date:  07-01-2016  tasks in acceptance testing perform acceptance testingprepare detailed acceptance test plan: the client shall prepare a detailed acceptance test plan through collaborative approach with the development team, based on the acceptance criteria and acceptance test plan.implement acceptance test plan: implementing the acceptance test plans include the following tasks prepare pre-test checklistsrun identifying acceptance test norms a series of tests defined for the functionality in release candidate build.bug reporting: reporting the bugs includes identifying the bugs as per the acceptance test cases &amp; reporting the bugs through bug reports.</slidetext><slidetext slideid="4umpHvPqJt7.5qcgSUGZft1" slidebank="false" type="slide">   ‹#›   hcl talentcare: confidential  version: 1.0 release date:  07-01-2016  tasks in acceptance testing support during acceptance testingsupport team from software development organization provides the required support. the problems or bugs reported by the client during the testing shall be recorded and addressed. bug fixing includes debugging the system; regression testing; and bug status report&#xB;</slidetext><slidetext slideid="4umpHvPqJt7.5kNPexhrZzp" slidebank="false" type="slide">   ‹#›   hcl talentcare: confidential  version: 1.0 release date:  07-01-2016  tasks in acceptance testing post test supportpost acceptance support could consist of the following activities as stated in the contract or mutually agreed upon:fixing the field problems reportedhelping in data transfer or conversionhelping in implementation at multiple sitesproviding operation assistancehanding over of the software to the client</slidetext><slidetext slideid="4umpHvPqJt7.60YZZ11QSuD" slidebank="false" type="slide">   ‹#›   hcl talentcare: confidential  version: 1.0 release date:  07-01-2016  summary - levels of testing unit testing:a unit is the smallest testable part of an application. it may be an individual program, function, procedure, etc.integration testing:testing of combined parts of an application to determine if they function together correctly. the 'parts' can be code modules, individual applications.system testing:black-box type testing that is based on overall requirements specifications; covers all combined parts of a system.system integration testing:the goal of system integration testing is to ensure that the data crossing the boundary between systems is received, stored and used appropriately by the receiving system.user acceptance testing:determining if software is satisfactory to an end-user or customer.</slidetext><slidetext slideid="4umpHvPqJt7.5WZmLXzlnk8" slidebank="false" type="slide">   ‹#›   hcl talentcare: confidential  version: 1.0 release date:  07-01-2016  post session activity –group work the batch can be divided  into groups. each group can pick their choice of a system or a product and come up with the testing that they will perform on each level.for example : working of a car</slidetext><slidetext slideid="4umpHvPqJt7.5Ufo9fKg35e" slidebank="false" type="slide">   ‹#›   hcl talentcare: confidential  version: 1.0 release date:  07-01-2016  post session activity –quiz  testing activity which is performed to expose defects in the interfaces and in the interaction between integrated components is :-&#xB;a) system level testing&#xB;b) integration level testing&#xB;c) unit level testing&#xB;d) component testing</slidetext><slidetext slideid="4umpHvPqJt7.6G7akiZC4pr" slidebank="false" type="slide">   ‹#›   hcl talentcare: confidential  version: 1.0 release date:  07-01-2016  post session activity –quiz  we use the output of the requirement analysis, the requirement specification as the input for writing :- user acceptance test cases integration level test cases unit level test cases program specifications </slidetext><slidetext slideid="4umpHvPqJt7.5YZOcwQ1JW0" slidebank="false" type="slide">   ‹#›   hcl talentcare: confidential  version: 1.0 release date:  07-01-2016  post session activity –quiz unit testing is performed by:- testersdevelopersend userscustomers</slidetext><slidetext slideid="4umpHvPqJt7.5nLk8j38kzZ" slidebank="false" type="slide">   ‹#›   hcl talentcare: confidential  version: 1.0 release date:  07-01-2016  post session activity –quiz what is the name of a skeletal implementation of a software component that is used for testing?use case domaindriverstub</slidetext><slidetext slideid="4umpHvPqJt7.5vCpqT8AkNI" slidebank="false" type="slide">     hcl talentcare: confidential  version: 1.0 release date:  07-01-2016  this document contains information that is proprietary and confidential to hcl talentcare private limited and shall not be disclosed outside the recipient's company or duplicated, used or disclosed in whole or in part by the recipient for any purpose other than to evaluate this document. any other use or disclosure in whole or in part of this information without the express written permission of hcl talentcare private limited is prohibited. further, this document does not constitute a contract to perform servicesthe reader should not act upon the information contained in this document without obtaining specific professional advice. no representation or warranty (express or implied) is given as to the accuracy or completeness of the information contained in this presentation, and, to the extent permitted by law; hcl talentcare private limited, its consultants, its members, employees and agents accept no liability, and disclaim all responsibility, for the consequences of reader or anyone else acting, or refraining to act, in reliance on the information contained in this document or for any decision based on it. thank you</slidetext></search></nav_data><resource_data description="" /><transcript_data /><glossary_data /></bwFrame>