<?xml version="1.0" encoding="utf-8"?>
<manifest identifier="_5gm8JLcziGR_course_id" version="1.0" xmlns="http://www.imsproject.org/xsd/imscp_rootv1p1p2" xmlns:adlcp="http://www.adlnet.org/xsd/adlcp_rootv1p2" xmlns:xsi="http://www.w3.org/2001/XMLSchema-instance" xsi:schemaLocation="http://www.imsproject.org/xsd/imscp_rootv1p1p2 imscp_rootv1p1p2.xsd http://www.imsglobal.org/xsd/imsmd_rootv1p2p1 imsmd_rootv1p2p1.xsd http://www.adlnet.org/xsd/adlcp_rootv1p2 adlcp_rootv1p2.xsd">
  <metadata>
    <schema>ADL SCORM</schema>
    <schemaversion>1.2</schemaversion>
    <lom xmlns="http://www.imsglobal.org/xsd/imsmd_rootv1p2p1" xmlns:xsi="http://www.w3.org/2001/XMLSchema-instance" xsi:schemaLocation="http://www.imsglobal.org/xsd/imsmd_rootv1p2p1 imsmd_rootv1p2p1.xsd">
      <general>
        <title>
          <langstring xml:lang="x-none">RequirementTracebilityMatrix</langstring>
        </title>
      </general>
      <lifecycle>
        <version>
          <langstring xml:lang="x-none">1</langstring>
        </version>
        <status>
          <source>
            <langstring xml:lang="x-none">LOMv1.0</langstring>
          </source>
          <value>
            <langstring xml:lang="x-none">Final</langstring>
          </value>
        </status>
      </lifecycle>
      <metametadata>
        <metadatascheme>ADL SCORM 1.2</metadatascheme>
      </metametadata>
      <educational>
        <typicallearningtime>
          <datetime>PT0H0M0S</datetime>
        </typicallearningtime>
      </educational>
      <rights>
        <cost>
          <source>
            <langstring xml:lang="x-none">LOMv1.0</langstring>
          </source>
          <value>
            <langstring xml:lang="x-none">yes</langstring>
          </value>
        </cost>
        <copyrightandotherrestrictions>
          <source>
            <langstring xml:lang="x-none">LOMv1.0</langstring>
          </source>
          <value>
            <langstring xml:lang="x-none">yes</langstring>
          </value>
        </copyrightandotherrestrictions>
      </rights>
    </lom>
  </metadata>
  <organizations default="RequirementTracebilityMatrix_ORG">
    <organization identifier="RequirementTracebilityMatrix_ORG">
      <title>RequirementTracebilityMatrix</title>
      <item identifier="RequirementTracebilityMatrix_SCO" isvisible="true" identifierref="__5gm8JLcziGR_course_id_RES">
        <title>RequirementTracebilityMatrix</title>
      </item>
    </organization>
  </organizations>
  <resources>
    <resource identifier="__5gm8JLcziGR_course_id_RES" type="webcontent" href="index_lms.html" adlcp:scormtype="sco">
      <file href="presentation_content/thumbnail.jpg" />
      <file href="presentation_content/6JVZGCBhjh8_d11_HCLTemplatecl465_TitleSlideshp14_80_DX1440_DY1440.swf" />
      <file href="mobile/6JVZGCBhjh8_d11_HCLTemplatecl465_TitleSlideshp14_80_DX1440_DY1440_CX720_CY278.png" />
      <file href="presentation_content/6JVZGCBhjh8_d11_HCLTemplatecl465_TitleSlideshp2_80_DX1440_DY1440.swf" />
      <file href="mobile/6JVZGCBhjh8_d11_HCLTemplatecl465_TitleSlideshp2_80_DX1440_DY1440_CX720_CY21.png" />
      <file href="presentation_content/6JVZGCBhjh8_d11_HCLTemplatecl465_TitleSlideshp15_80_DX1116_DY1116.swf" />
      <file href="mobile/6JVZGCBhjh8_d11_HCLTemplatecl465_TitleSlideshp15_80_DX1116_DY1116_CX558_CY76.png" />
      <file href="presentation_content/6JVZGCBhjh8_6bRblVL1qem_80_DX216_DY216.swf" />
      <file href="mobile/6JVZGCBhjh8_6bRblVL1qem_80_DX216_DY216_CX108_CY38.png" />
      <file href="presentation_content/6JVZGCBhjh8_d11_HCLTemplatesmshp19_80_DX1116_DY1116.swf" />
      <file href="mobile/6JVZGCBhjh8_d11_HCLTemplatesmshp19_80_DX1116_DY1116_CX558_CY76.png" />
      <file href="presentation_content/6JVZGCBhjh8_6R6ppbdqVjN_80_DX216_DY216.swf" />
      <file href="mobile/6JVZGCBhjh8_6R6ppbdqVjN_80_DX216_DY216_CX108_CY38.png" />
      <file href="presentation_content/6JVZGCBhjh8_6DE7IT15UAb_80_DX1350_DY1350.swf" />
      <file href="mobile/6JVZGCBhjh8_6DE7IT15UAb_80_DX1350_DY1350_CX675_CY262.png" />
      <file href="presentation_content/6JVZGCBhjh8_6gaIlA08Ucq_80_DX600_DY600.jpg" />
      <file href="mobile/6JVZGCBhjh8_6gaIlA08Ucq_80_DX600_DY600_CX720_CY420.jpg" />
      <file href="presentation_content/6JVZGCBhjh8_5wIKTulm5ro_80_DX704_DY704.swf" />
      <file href="mobile/6JVZGCBhjh8_5wIKTulm5ro_80_DX704_DY704_CX352_CY268.png" />
      <file href="presentation_content/6JVZGCBhjh8_6AO1Gv5wbLG_80_DX216_DY216.swf" />
      <file href="mobile/6JVZGCBhjh8_6AO1Gv5wbLG_80_DX216_DY216_CX108_CY38.png" />
      <file href="presentation_content/6JVZGCBhjh8_6fBNUCfFTV7_80_DX1350_DY1350.swf" />
      <file href="mobile/6JVZGCBhjh8_6fBNUCfFTV7_80_DX1350_DY1350_CX675_CY262.png" />
      <file href="presentation_content/6JVZGCBhjh8_6hywq7Z8gAm_80_DX1440_DY1440.jpg" />
      <file href="mobile/6JVZGCBhjh8_6hywq7Z8gAm_80_DX1440_DY1440_CX720_CY415.jpg" />
      <file href="presentation_content/6JVZGCBhjh8_5ph94KVcVXn_80_DX1350_DY1350.swf" />
      <file href="mobile/6JVZGCBhjh8_5ph94KVcVXn_80_DX1350_DY1350_CX675_CY262.png" />
      <file href="presentation_content/6JVZGCBhjh8_6GEVdldgXl3_80_DX216_DY216.swf" />
      <file href="mobile/6JVZGCBhjh8_6GEVdldgXl3_80_DX216_DY216_CX108_CY38.png" />
      <file href="presentation_content/6JVZGCBhjh8_5jaYJ5ZW8L0_80_DX1350_DY1350.swf" />
      <file href="mobile/6JVZGCBhjh8_5jaYJ5ZW8L0_80_DX1350_DY1350_CX675_CY262.png" />
      <file href="presentation_content/6JVZGCBhjh8_sl675shp4idx10_80_DX954_DY954.swf" />
      <file href="mobile/6JVZGCBhjh8_sl675shp4idx10_80_DX954_DY954_CX477_CY74.png" />
      <file href="presentation_content/6JVZGCBhjh8_sl675shp4idx12_80_DX148_DY148.swf" />
      <file href="mobile/6JVZGCBhjh8_sl675shp4idx12_80_DX148_DY148_CX73_CY74.png" />
      <file href="presentation_content/6JVZGCBhjh8_sl675shp4idx13_80_DX954_DY954.swf" />
      <file href="mobile/6JVZGCBhjh8_sl675shp4idx13_80_DX954_DY954_CX477_CY74.png" />
      <file href="presentation_content/6JVZGCBhjh8_sl675shp4idx15_80_DX148_DY148.swf" />
      <file href="mobile/6JVZGCBhjh8_sl675shp4idx15_80_DX148_DY148_CX73_CY74.png" />
      <file href="presentation_content/6JVZGCBhjh8_sl675shp4idx16_80_DX954_DY954.swf" />
      <file href="mobile/6JVZGCBhjh8_sl675shp4idx16_80_DX954_DY954_CX477_CY74.png" />
      <file href="presentation_content/6JVZGCBhjh8_sl675shp4idx18_80_DX150_DY150.swf" />
      <file href="mobile/6JVZGCBhjh8_sl675shp4idx18_80_DX150_DY150_CX73_CY75.png" />
      <file href="presentation_content/6JVZGCBhjh8_sl675shp4idx5_80_DX954_DY954.swf" />
      <file href="mobile/6JVZGCBhjh8_sl675shp4idx5_80_DX954_DY954_CX477_CY74.png" />
      <file href="presentation_content/6JVZGCBhjh8_sl675shp4idx8_80_DX148_DY148.swf" />
      <file href="mobile/6JVZGCBhjh8_sl675shp4idx8_80_DX148_DY148_CX73_CY74.png" />
      <file href="presentation_content/6JVZGCBhjh8_5UxkpFGJLQI_80_DX216_DY216.swf" />
      <file href="mobile/6JVZGCBhjh8_5UxkpFGJLQI_80_DX216_DY216_CX108_CY38.png" />
      <file href="presentation_content/6JVZGCBhjh8_6SnJ6DiMFcf_80_DX1350_DY1350.swf" />
      <file href="mobile/6JVZGCBhjh8_6SnJ6DiMFcf_80_DX1350_DY1350_CX675_CY262.png" />
      <file href="presentation_content/6JVZGCBhjh8_6ZpyF89hwHB_80_DX216_DY216.swf" />
      <file href="mobile/6JVZGCBhjh8_6ZpyF89hwHB_80_DX216_DY216_CX108_CY38.png" />
      <file href="presentation_content/6JVZGCBhjh8_6A5gXTsemmZ_80_DX1350_DY1350.swf" />
      <file href="mobile/6JVZGCBhjh8_6A5gXTsemmZ_80_DX1350_DY1350_CX675_CY262.png" />
      <file href="presentation_content/6JVZGCBhjh8_6N7heypOEJ7_80_DX216_DY216.swf" />
      <file href="mobile/6JVZGCBhjh8_6N7heypOEJ7_80_DX216_DY216_CX108_CY38.png" />
      <file href="presentation_content/6JVZGCBhjh8_6gSkWo1Taso_80_DX1350_DY1350.swf" />
      <file href="mobile/6JVZGCBhjh8_6gSkWo1Taso_80_DX1350_DY1350_CX675_CY262.png" />
      <file href="presentation_content/6JVZGCBhjh8_sl678shp4idx10_80_DX954_DY954.swf" />
      <file href="mobile/6JVZGCBhjh8_sl678shp4idx10_80_DX954_DY954_CX477_CY74.png" />
      <file href="presentation_content/6JVZGCBhjh8_sl678shp4idx12_80_DX148_DY148.swf" />
      <file href="mobile/6JVZGCBhjh8_sl678shp4idx12_80_DX148_DY148_CX73_CY74.png" />
      <file href="presentation_content/6JVZGCBhjh8_sl678shp4idx13_80_DX954_DY954.swf" />
      <file href="mobile/6JVZGCBhjh8_sl678shp4idx13_80_DX954_DY954_CX477_CY74.png" />
      <file href="presentation_content/6JVZGCBhjh8_sl678shp4idx15_80_DX148_DY148.swf" />
      <file href="mobile/6JVZGCBhjh8_sl678shp4idx15_80_DX148_DY148_CX73_CY74.png" />
      <file href="presentation_content/6JVZGCBhjh8_sl678shp4idx16_80_DX954_DY954.swf" />
      <file href="mobile/6JVZGCBhjh8_sl678shp4idx16_80_DX954_DY954_CX477_CY74.png" />
      <file href="presentation_content/6JVZGCBhjh8_sl678shp4idx18_80_DX150_DY150.swf" />
      <file href="mobile/6JVZGCBhjh8_sl678shp4idx18_80_DX150_DY150_CX73_CY75.png" />
      <file href="presentation_content/6JVZGCBhjh8_sl678shp4idx5_80_DX954_DY954.swf" />
      <file href="mobile/6JVZGCBhjh8_sl678shp4idx5_80_DX954_DY954_CX477_CY74.png" />
      <file href="presentation_content/6JVZGCBhjh8_sl678shp4idx8_80_DX148_DY148.swf" />
      <file href="mobile/6JVZGCBhjh8_sl678shp4idx8_80_DX148_DY148_CX73_CY74.png" />
      <file href="presentation_content/6JVZGCBhjh8_6cIV71vpH6Q_80_DX216_DY216.swf" />
      <file href="mobile/6JVZGCBhjh8_6cIV71vpH6Q_80_DX216_DY216_CX108_CY38.png" />
      <file href="presentation_content/6JVZGCBhjh8_6AxIC39z3Bp_80_DX1350_DY1350.swf" />
      <file href="mobile/6JVZGCBhjh8_6AxIC39z3Bp_80_DX1350_DY1350_CX675_CY262.png" />
      <file href="presentation_content/6JVZGCBhjh8_sl672shp33idx10_80_DX268_DY268.swf" />
      <file href="mobile/6JVZGCBhjh8_sl672shp33idx10_80_DX268_DY268_CX134_CY48.png" />
      <file href="presentation_content/6JVZGCBhjh8_sl672shp33idx11_80_DX270_DY270.swf" />
      <file href="mobile/6JVZGCBhjh8_sl672shp33idx11_80_DX270_DY270_CX135_CY48.png" />
      <file href="presentation_content/6JVZGCBhjh8_sl672shp33idx1_80_DX450_DY450.swf" />
      <file href="mobile/6JVZGCBhjh8_sl672shp33idx1_80_DX450_DY450_CX225_CY115.png" />
      <file href="presentation_content/6JVZGCBhjh8_sl672shp33idx14_80_DX450_DY450.swf" />
      <file href="mobile/6JVZGCBhjh8_sl672shp33idx14_80_DX450_DY450_CX225_CY115.png" />
      <file href="presentation_content/6JVZGCBhjh8_sl672shp33idx16_80_DX450_DY450.swf" />
      <file href="mobile/6JVZGCBhjh8_sl672shp33idx16_80_DX450_DY450_CX225_CY115.png" />
      <file href="presentation_content/6JVZGCBhjh8_69qfHKBN3ff_80_DX216_DY216.swf" />
      <file href="mobile/6JVZGCBhjh8_69qfHKBN3ff_80_DX216_DY216_CX108_CY38.png" />
      <file href="presentation_content/6JVZGCBhjh8_656EUwlQleR_80_DX1350_DY1350.swf" />
      <file href="mobile/6JVZGCBhjh8_656EUwlQleR_80_DX1350_DY1350_CX675_CY262.png" />
      <file href="presentation_content/6JVZGCBhjh8_6o6IExriqBK_80_DX216_DY216.swf" />
      <file href="mobile/6JVZGCBhjh8_6o6IExriqBK_80_DX216_DY216_CX108_CY38.png" />
      <file href="presentation_content/6JVZGCBhjh8_6S4ubcAxQ4T_80_DX1350_DY1350.swf" />
      <file href="mobile/6JVZGCBhjh8_6S4ubcAxQ4T_80_DX1350_DY1350_CX675_CY262.png" />
      <file href="presentation_content/6JVZGCBhjh8_5gKtOFYhejE_80_DX216_DY216.swf" />
      <file href="mobile/6JVZGCBhjh8_5gKtOFYhejE_80_DX216_DY216_CX108_CY38.png" />
      <file href="presentation_content/6JVZGCBhjh8_6CtJpOTr4ei_80_DX1350_DY1350.swf" />
      <file href="mobile/6JVZGCBhjh8_6CtJpOTr4ei_80_DX1350_DY1350_CX675_CY262.png" />
      <file href="presentation_content/6JVZGCBhjh8_sl679shp7_80_DX486_DY486.swf" />
      <file href="mobile/6JVZGCBhjh8_sl679shp7_80_DX486_DY486_CX243_CY86.png" />
      <file href="presentation_content/6JVZGCBhjh8_sl679shp8_80_DX478_DY478.swf" />
      <file href="mobile/6JVZGCBhjh8_sl679shp8_80_DX478_DY478_CX239_CY86.png" />
      <file href="presentation_content/6JVZGCBhjh8_sl679shp13_80_DX244_DY244.swf" />
      <file href="mobile/6JVZGCBhjh8_sl679shp13_80_DX244_DY244_CX81_CY122.png" />
      <file href="presentation_content/6JVZGCBhjh8_sl679shp22_80_DX486_DY486.swf" />
      <file href="mobile/6JVZGCBhjh8_sl679shp22_80_DX486_DY486_CX243_CY86.png" />
      <file href="presentation_content/6JVZGCBhjh8_sl679shp23_80_DX480_DY480.swf" />
      <file href="mobile/6JVZGCBhjh8_sl679shp23_80_DX480_DY480_CX240_CY86.png" />
      <file href="presentation_content/6JVZGCBhjh8_sl679shp32_80_DX244_DY244.swf" />
      <file href="mobile/6JVZGCBhjh8_sl679shp32_80_DX244_DY244_CX82_CY122.png" />
      <file href="presentation_content/6JVZGCBhjh8_5rZZo4PzwWt_80_DX216_DY216.swf" />
      <file href="mobile/6JVZGCBhjh8_5rZZo4PzwWt_80_DX216_DY216_CX108_CY38.png" />
      <file href="presentation_content/6JVZGCBhjh8_64cZzozDjUY_80_DX1350_DY1350.swf" />
      <file href="mobile/6JVZGCBhjh8_64cZzozDjUY_80_DX1350_DY1350_CX675_CY262.png" />
      <file href="presentation_content/6JVZGCBhjh8_6SLEjZqu0tW_80_DX216_DY216.swf" />
      <file href="mobile/6JVZGCBhjh8_6SLEjZqu0tW_80_DX216_DY216_CX108_CY38.png" />
      <file href="presentation_content/6JVZGCBhjh8_6r2fizozIfU_80_DX1350_DY1350.swf" />
      <file href="mobile/6JVZGCBhjh8_6r2fizozIfU_80_DX1350_DY1350_CX675_CY262.png" />
      <file href="presentation_content/6JVZGCBhjh8_sl708shp4idx10_80_DX954_DY954.swf" />
      <file href="mobile/6JVZGCBhjh8_sl708shp4idx10_80_DX954_DY954_CX477_CY74.png" />
      <file href="presentation_content/6JVZGCBhjh8_sl708shp4idx12_80_DX148_DY148.swf" />
      <file href="mobile/6JVZGCBhjh8_sl708shp4idx12_80_DX148_DY148_CX73_CY74.png" />
      <file href="presentation_content/6JVZGCBhjh8_sl708shp4idx13_80_DX954_DY954.swf" />
      <file href="mobile/6JVZGCBhjh8_sl708shp4idx13_80_DX954_DY954_CX477_CY74.png" />
      <file href="presentation_content/6JVZGCBhjh8_sl708shp4idx15_80_DX148_DY148.swf" />
      <file href="mobile/6JVZGCBhjh8_sl708shp4idx15_80_DX148_DY148_CX73_CY74.png" />
      <file href="presentation_content/6JVZGCBhjh8_sl708shp4idx16_80_DX954_DY954.swf" />
      <file href="mobile/6JVZGCBhjh8_sl708shp4idx16_80_DX954_DY954_CX477_CY74.png" />
      <file href="presentation_content/6JVZGCBhjh8_sl708shp4idx18_80_DX150_DY150.swf" />
      <file href="mobile/6JVZGCBhjh8_sl708shp4idx18_80_DX150_DY150_CX73_CY75.png" />
      <file href="presentation_content/6JVZGCBhjh8_sl708shp4idx5_80_DX954_DY954.swf" />
      <file href="mobile/6JVZGCBhjh8_sl708shp4idx5_80_DX954_DY954_CX477_CY74.png" />
      <file href="presentation_content/6JVZGCBhjh8_sl708shp4idx8_80_DX148_DY148.swf" />
      <file href="mobile/6JVZGCBhjh8_sl708shp4idx8_80_DX148_DY148_CX73_CY74.png" />
      <file href="presentation_content/6JVZGCBhjh8_5oqpH7rKvJQ_80_DX216_DY216.swf" />
      <file href="mobile/6JVZGCBhjh8_5oqpH7rKvJQ_80_DX216_DY216_CX108_CY38.png" />
      <file href="presentation_content/6JVZGCBhjh8_6ebheYZEIGc_80_DX1350_DY1350.swf" />
      <file href="mobile/6JVZGCBhjh8_6ebheYZEIGc_80_DX1350_DY1350_CX675_CY262.png" />
      <file href="presentation_content/6JVZGCBhjh8_6Bk07mCsK3H_80_DX216_DY216.swf" />
      <file href="mobile/6JVZGCBhjh8_6Bk07mCsK3H_80_DX216_DY216_CX108_CY38.png" />
      <file href="presentation_content/6JVZGCBhjh8_6Ggydp6BFdu_80_DX1350_DY1350.swf" />
      <file href="mobile/6JVZGCBhjh8_6Ggydp6BFdu_80_DX1350_DY1350_CX675_CY262.png" />
      <file href="presentation_content/6JVZGCBhjh8_sl709shp4idx10_80_DX952_DY952.swf" />
      <file href="mobile/6JVZGCBhjh8_sl709shp4idx10_80_DX952_DY952_CX476_CY74.png" />
      <file href="presentation_content/6JVZGCBhjh8_sl709shp4idx12_80_DX148_DY148.swf" />
      <file href="mobile/6JVZGCBhjh8_sl709shp4idx12_80_DX148_DY148_CX74_CY74.png" />
      <file href="presentation_content/6JVZGCBhjh8_sl709shp4idx13_80_DX952_DY952.swf" />
      <file href="mobile/6JVZGCBhjh8_sl709shp4idx13_80_DX952_DY952_CX476_CY74.png" />
      <file href="presentation_content/6JVZGCBhjh8_sl709shp4idx15_80_DX150_DY150.swf" />
      <file href="mobile/6JVZGCBhjh8_sl709shp4idx15_80_DX150_DY150_CX74_CY75.png" />
      <file href="presentation_content/6JVZGCBhjh8_sl709shp4idx16_80_DX952_DY952.swf" />
      <file href="mobile/6JVZGCBhjh8_sl709shp4idx16_80_DX952_DY952_CX476_CY74.png" />
      <file href="presentation_content/6JVZGCBhjh8_sl709shp4idx18_80_DX150_DY150.swf" />
      <file href="mobile/6JVZGCBhjh8_sl709shp4idx18_80_DX150_DY150_CX74_CY75.png" />
      <file href="presentation_content/6JVZGCBhjh8_sl709shp4idx5_80_DX952_DY952.swf" />
      <file href="mobile/6JVZGCBhjh8_sl709shp4idx5_80_DX952_DY952_CX476_CY74.png" />
      <file href="presentation_content/6JVZGCBhjh8_sl709shp4idx8_80_DX150_DY150.swf" />
      <file href="mobile/6JVZGCBhjh8_sl709shp4idx8_80_DX150_DY150_CX74_CY75.png" />
      <file href="presentation_content/6JVZGCBhjh8_6BaSKA2XNPP_80_DX216_DY216.swf" />
      <file href="mobile/6JVZGCBhjh8_6BaSKA2XNPP_80_DX216_DY216_CX108_CY38.png" />
      <file href="presentation_content/6JVZGCBhjh8_6T4byezmVOE_80_DX1350_DY1350.swf" />
      <file href="mobile/6JVZGCBhjh8_6T4byezmVOE_80_DX1350_DY1350_CX675_CY262.png" />
      <file href="presentation_content/6JVZGCBhjh8_6YQiMjIVLgK_80_DX216_DY216.swf" />
      <file href="mobile/6JVZGCBhjh8_6YQiMjIVLgK_80_DX216_DY216_CX108_CY38.png" />
      <file href="presentation_content/6JVZGCBhjh8_6ATe2WPyk7c_80_DX1350_DY1350.swf" />
      <file href="mobile/6JVZGCBhjh8_6ATe2WPyk7c_80_DX1350_DY1350_CX675_CY262.png" />
      <file href="presentation_content/6JVZGCBhjh8_6fYoOMqxcCw_80_DX1296_DY1296.jpg" />
      <file href="mobile/6JVZGCBhjh8_6fYoOMqxcCw_80_DX1296_DY1296_CX648_CY282.jpg" />
      <file href="presentation_content/6JVZGCBhjh8_5t8RFEkZ2MC_80_DX1350_DY1350.swf" />
      <file href="mobile/6JVZGCBhjh8_5t8RFEkZ2MC_80_DX1350_DY1350_CX675_CY262.png" />
      <file href="presentation_content/6JVZGCBhjh8_6HQolwFQxFF_80_DX216_DY216.swf" />
      <file href="mobile/6JVZGCBhjh8_6HQolwFQxFF_80_DX216_DY216_CX108_CY38.png" />
      <file href="presentation_content/6JVZGCBhjh8_5lBMJ9i6Hx7_80_DX1350_DY1350.swf" />
      <file href="mobile/6JVZGCBhjh8_5lBMJ9i6Hx7_80_DX1350_DY1350_CX675_CY262.png" />
      <file href="presentation_content/6JVZGCBhjh8_sl690shp3_80_DX1370_DY1370.swf" />
      <file href="mobile/6JVZGCBhjh8_sl690shp3_80_DX1370_DY1370_CX685_CY347.png" />
      <file href="presentation_content/6JVZGCBhjh8_6c1PUAjAWQV_80_DX216_DY216.swf" />
      <file href="mobile/6JVZGCBhjh8_6c1PUAjAWQV_80_DX216_DY216_CX108_CY38.png" />
      <file href="presentation_content/6JVZGCBhjh8_6Io4QsqgrN6_80_DX1350_DY1350.swf" />
      <file href="mobile/6JVZGCBhjh8_6Io4QsqgrN6_80_DX1350_DY1350_CX675_CY262.png" />
      <file href="presentation_content/6JVZGCBhjh8_sl691shp3_80_DX1370_DY1370.swf" />
      <file href="mobile/6JVZGCBhjh8_sl691shp3_80_DX1370_DY1370_CX685_CY347.png" />
      <file href="presentation_content/6JVZGCBhjh8_6n1l5L9x26r_80_DX216_DY216.swf" />
      <file href="mobile/6JVZGCBhjh8_6n1l5L9x26r_80_DX216_DY216_CX108_CY38.png" />
      <file href="presentation_content/6JVZGCBhjh8_69K1wDvgmdD_80_DX1350_DY1350.swf" />
      <file href="mobile/6JVZGCBhjh8_69K1wDvgmdD_80_DX1350_DY1350_CX675_CY262.png" />
      <file href="presentation_content/6JVZGCBhjh8_5UuR78JpqV6_80_DX1440_DY1440.jpg" />
      <file href="mobile/6JVZGCBhjh8_5UuR78JpqV6_80_DX1440_DY1440_CX720_CY415.jpg" />
      <file href="presentation_content/6JVZGCBhjh8_6Afh9JYgaEV_80_DX1350_DY1350.swf" />
      <file href="mobile/6JVZGCBhjh8_6Afh9JYgaEV_80_DX1350_DY1350_CX675_CY262.png" />
      <file href="presentation_content/6JVZGCBhjh8_6qlY7A5tJOJ_80_DX216_DY216.swf" />
      <file href="mobile/6JVZGCBhjh8_6qlY7A5tJOJ_80_DX216_DY216_CX108_CY38.png" />
      <file href="presentation_content/6JVZGCBhjh8_5g0AnwphVX1_80_DX1350_DY1350.swf" />
      <file href="mobile/6JVZGCBhjh8_5g0AnwphVX1_80_DX1350_DY1350_CX675_CY262.png" />
      <file href="presentation_content/6JVZGCBhjh8_5vCInyzfPoy_80_DX568_DY568.jpg" />
      <file href="mobile/6JVZGCBhjh8_5vCInyzfPoy_80_DX568_DY568_CX720_CY408.jpg" />
      <file href="presentation_content/6JVZGCBhjh8_5mfQkD3PQc8_80_DX1350_DY1350.swf" />
      <file href="mobile/6JVZGCBhjh8_5mfQkD3PQc8_80_DX1350_DY1350_CX675_CY262.png" />
      <file href="presentation_content/6JVZGCBhjh8_6OIH9yWYW26_80_DX216_DY216.swf" />
      <file href="mobile/6JVZGCBhjh8_6OIH9yWYW26_80_DX216_DY216_CX108_CY38.png" />
      <file href="presentation_content/6JVZGCBhjh8_5eeq8LJyYDl_80_DX1350_DY1350.swf" />
      <file href="mobile/6JVZGCBhjh8_5eeq8LJyYDl_80_DX1350_DY1350_CX675_CY262.png" />
      <file href="presentation_content/6JVZGCBhjh8_6rjHFYUna1n_80_DX1440_DY1440.jpg" />
      <file href="mobile/6JVZGCBhjh8_6rjHFYUna1n_80_DX1440_DY1440_CX720_CY405.jpg" />
      <file href="presentation_content/6JVZGCBhjh8_5wKHb6FjaOZ_80_DX1350_DY1350.swf" />
      <file href="mobile/6JVZGCBhjh8_5wKHb6FjaOZ_80_DX1350_DY1350_CX675_CY262.png" />
      <file href="presentation_content/6JVZGCBhjh8_6IfwqytpnDT_80_DX216_DY216.swf" />
      <file href="mobile/6JVZGCBhjh8_6IfwqytpnDT_80_DX216_DY216_CX108_CY38.png" />
      <file href="presentation_content/6JVZGCBhjh8_6DxKr3YN7Mv_80_DX1350_DY1350.swf" />
      <file href="mobile/6JVZGCBhjh8_6DxKr3YN7Mv_80_DX1350_DY1350_CX675_CY262.png" />
      <file href="presentation_content/6JVZGCBhjh8_68UVgTGBSkY_80_DX1440_DY1440.jpg" />
      <file href="mobile/6JVZGCBhjh8_68UVgTGBSkY_80_DX1440_DY1440_CX720_CY405.jpg" />
      <file href="presentation_content/6JVZGCBhjh8_5yHDciRGjPY_80_DX1350_DY1350.swf" />
      <file href="mobile/6JVZGCBhjh8_5yHDciRGjPY_80_DX1350_DY1350_CX675_CY262.png" />
      <file href="presentation_content/6JVZGCBhjh8_5qWGtfLotLw_80_DX216_DY216.swf" />
      <file href="mobile/6JVZGCBhjh8_5qWGtfLotLw_80_DX216_DY216_CX108_CY38.png" />
      <file href="presentation_content/6JVZGCBhjh8_6VxVWzTF9oX_80_DX1350_DY1350.swf" />
      <file href="mobile/6JVZGCBhjh8_6VxVWzTF9oX_80_DX1350_DY1350_CX675_CY262.png" />
      <file href="presentation_content/6JVZGCBhjh8_6GsAd42X0Iw_80_DX1440_DY1440.jpg" />
      <file href="mobile/6JVZGCBhjh8_6GsAd42X0Iw_80_DX1440_DY1440_CX720_CY405.jpg" />
      <file href="presentation_content/6JVZGCBhjh8_5fyEOt2XNdI_80_DX1350_DY1350.swf" />
      <file href="mobile/6JVZGCBhjh8_5fyEOt2XNdI_80_DX1350_DY1350_CX675_CY262.png" />
      <file href="presentation_content/6JVZGCBhjh8_66yjvCULCCC_80_DX216_DY216.swf" />
      <file href="mobile/6JVZGCBhjh8_66yjvCULCCC_80_DX216_DY216_CX108_CY38.png" />
      <file href="meta.xml" />
      <file href="mobile/6Hu8wS2o5Uo.jpg" />
      <file href="presentation_content/logo.swf" />
      <file href="mobile/notes/63r97U7NXL4.png" />
      <file href="presentation_content/notes/63r97U7NXL4.swf" />
      <file href="mobile/notes/6gJjRGrASNk.png" />
      <file href="presentation_content/notes/6gJjRGrASNk.swf" />
      <file href="presentation_content/frame.xml" />
      <file href="presentation_content/frame.js" />
      <file href="presentation_content/user.js" />
      <file href="presentation_unsupported.html" />
      <file href="mobile/Slide6JVZGCBhjh8_d1sm.jpg" />
      <file href="mobile/app_store.png" />
      <file href="mobile/linen_background.jpg" />
      <file href="mobile/mobile_icon.png" />
      <file href="mobile/player.css" />
      <file href="mobile/player_compiled.js" />
      <file href="presentation_content/fonts.swf" />
      <file href="mobile/fonts.js" />
      <file href="presentation.swf" />
      <file href="presentation_content/frame.swf" />
      <file href="presentation_content/slides/6ZcCf0bgv8F.swf" />
      <file href="mobile/slides/6ZcCf0bgv8F.js" />
      <file href="presentation_content/slides/6O4Vjk3ERyb.swf" />
      <file href="mobile/slides/6O4Vjk3ERyb.js" />
      <file href="presentation_content/slides/63r97U7NXL4.swf" />
      <file href="mobile/slides/63r97U7NXL4.js" />
      <file href="presentation_content/slides/6U3ZMwQkS5u.swf" />
      <file href="mobile/slides/6U3ZMwQkS5u.js" />
      <file href="presentation_content/slides/5bFdENCqksJ.swf" />
      <file href="mobile/slides/5bFdENCqksJ.js" />
      <file href="presentation_content/slides/6DCYc0Z4y6X.swf" />
      <file href="mobile/slides/6DCYc0Z4y6X.js" />
      <file href="presentation_content/slides/6VaH0CUCJl0.swf" />
      <file href="mobile/slides/6VaH0CUCJl0.js" />
      <file href="presentation_content/slides/5kzQH0reRYu.swf" />
      <file href="mobile/slides/5kzQH0reRYu.js" />
      <file href="presentation_content/slides/5cv4dI2DPP7.swf" />
      <file href="mobile/slides/5cv4dI2DPP7.js" />
      <file href="presentation_content/slides/6inv9wjCraW.swf" />
      <file href="mobile/slides/6inv9wjCraW.js" />
      <file href="presentation_content/slides/5i3hqK2mV2G.swf" />
      <file href="mobile/slides/5i3hqK2mV2G.js" />
      <file href="presentation_content/slides/5uci4JU79bh.swf" />
      <file href="mobile/slides/5uci4JU79bh.js" />
      <file href="presentation_content/slides/5ZWTFpPl1pv.swf" />
      <file href="mobile/slides/5ZWTFpPl1pv.js" />
      <file href="presentation_content/slides/5n0qngVHlGA.swf" />
      <file href="mobile/slides/5n0qngVHlGA.js" />
      <file href="presentation_content/slides/5auV8cRoJHt.swf" />
      <file href="mobile/slides/5auV8cRoJHt.js" />
      <file href="presentation_content/slides/6ftg73RI13C.swf" />
      <file href="mobile/slides/6ftg73RI13C.js" />
      <file href="presentation_content/slides/64Wg5hDIXEf.swf" />
      <file href="mobile/slides/64Wg5hDIXEf.js" />
      <file href="presentation_content/slides/66u7EaLlLDT.swf" />
      <file href="mobile/slides/66u7EaLlLDT.js" />
      <file href="presentation_content/slides/68zjUVRmwps.swf" />
      <file href="mobile/slides/68zjUVRmwps.js" />
      <file href="presentation_content/slides/6gJjRGrASNk.swf" />
      <file href="mobile/slides/6gJjRGrASNk.js" />
      <file href="presentation_content/slides/6BZ64tCnDAu.swf" />
      <file href="mobile/slides/6BZ64tCnDAu.js" />
      <file href="presentation_content/slides/6qdpX2waRKY.swf" />
      <file href="mobile/slides/6qdpX2waRKY.js" />
      <file href="presentation_content/slides/5WvcqpduaO6.swf" />
      <file href="mobile/slides/5WvcqpduaO6.js" />
      <file href="presentation_content/slides/5wL7ruSvupE.swf" />
      <file href="mobile/slides/5wL7ruSvupE.js" />
      <file href="presentation_content/slides/5l3Sd4pJvJJ.swf" />
      <file href="mobile/slides/5l3Sd4pJvJJ.js" />
      <file href="presentation_content/data.swf" />
      <file href="mobile/data.js" />
      <file href="mobile/masks.js" />
      <file href="presentation.html" />
      <file href="presentation_html5.html" />
      <file href="index_lms_html5.html" />
      <file href="presentation_content/blank.html" />
      <file href="presentation_content/presentation.js" />
      <file href="index_lms.html" />
      <file href="lms/AICCComm.html" />
      <file href="lms/AICCFunctions.js" />
      <file href="lms/API.js" />
      <file href="lms/APIConstants.js" />
      <file href="lms/blank.html" />
      <file href="lms/browsersniff.js" />
      <file href="lms/Configuration.js" />
      <file href="lms/goodbye.html" />
      <file href="lms/lms.js" />
      <file href="lms/LMSAPI.js" />
      <file href="lms/NONEFunctions.js" />
      <file href="lms/SCORM2004Functions.js" />
      <file href="lms/SCORMFunctions.js" />
      <file href="lms/UtilityFunctions.js" />
    </resource>
  </resources>
</manifest>