<?xml version="1.0" encoding="utf-8"?>
<manifest identifier="_5ldmV8pZztI_course_id" version="1.0" xmlns="http://www.imsproject.org/xsd/imscp_rootv1p1p2" xmlns:adlcp="http://www.adlnet.org/xsd/adlcp_rootv1p2" xmlns:xsi="http://www.w3.org/2001/XMLSchema-instance" xsi:schemaLocation="http://www.imsproject.org/xsd/imscp_rootv1p1p2 imscp_rootv1p1p2.xsd http://www.imsglobal.org/xsd/imsmd_rootv1p2p1 imsmd_rootv1p2p1.xsd http://www.adlnet.org/xsd/adlcp_rootv1p2 adlcp_rootv1p2.xsd">
  <metadata>
    <schema>ADL SCORM</schema>
    <schemaversion>1.2</schemaversion>
    <lom xmlns="http://www.imsglobal.org/xsd/imsmd_rootv1p2p1" xmlns:xsi="http://www.w3.org/2001/XMLSchema-instance" xsi:schemaLocation="http://www.imsglobal.org/xsd/imsmd_rootv1p2p1 imsmd_rootv1p2p1.xsd">
      <general>
        <title>
          <langstring xml:lang="x-none">TestCaseDevelopment</langstring>
        </title>
      </general>
      <lifecycle>
        <version>
          <langstring xml:lang="x-none">1</langstring>
        </version>
        <status>
          <source>
            <langstring xml:lang="x-none">LOMv1.0</langstring>
          </source>
          <value>
            <langstring xml:lang="x-none">Final</langstring>
          </value>
        </status>
      </lifecycle>
      <metametadata>
        <metadatascheme>ADL SCORM 1.2</metadatascheme>
      </metametadata>
      <educational>
        <typicallearningtime>
          <datetime>PT0H0M0S</datetime>
        </typicallearningtime>
      </educational>
      <rights>
        <cost>
          <source>
            <langstring xml:lang="x-none">LOMv1.0</langstring>
          </source>
          <value>
            <langstring xml:lang="x-none">yes</langstring>
          </value>
        </cost>
        <copyrightandotherrestrictions>
          <source>
            <langstring xml:lang="x-none">LOMv1.0</langstring>
          </source>
          <value>
            <langstring xml:lang="x-none">yes</langstring>
          </value>
        </copyrightandotherrestrictions>
      </rights>
    </lom>
  </metadata>
  <organizations default="TestCaseDevelopment_ORG">
    <organization identifier="TestCaseDevelopment_ORG">
      <title>TestCaseDevelopment</title>
      <item identifier="TestCaseDevelopment_SCO" isvisible="true" identifierref="__5ldmV8pZztI_course_id_RES">
        <title>TestCaseDevelopment</title>
      </item>
    </organization>
  </organizations>
  <resources>
    <resource identifier="__5ldmV8pZztI_course_id_RES" type="webcontent" href="index_lms.html" adlcp:scormtype="sco">
      <file href="presentation_content/thumbnail.jpg" />
      <file href="presentation_content/6gJEHeesfJN_d11_HCLTemplatecl465_TitleSlideshp14_80_DX1440_DY1440.swf" />
      <file href="mobile/6gJEHeesfJN_d11_HCLTemplatecl465_TitleSlideshp14_80_DX1440_DY1440_CX720_CY278.png" />
      <file href="presentation_content/6gJEHeesfJN_d11_HCLTemplatecl465_TitleSlideshp2_80_DX1440_DY1440.swf" />
      <file href="mobile/6gJEHeesfJN_d11_HCLTemplatecl465_TitleSlideshp2_80_DX1440_DY1440_CX720_CY21.png" />
      <file href="presentation_content/6gJEHeesfJN_d11_HCLTemplatecl465_TitleSlideshp15_80_DX1116_DY1116.swf" />
      <file href="mobile/6gJEHeesfJN_d11_HCLTemplatecl465_TitleSlideshp15_80_DX1116_DY1116_CX558_CY76.png" />
      <file href="presentation_content/6gJEHeesfJN_6OHG8aGo4gL_80_DX216_DY216.swf" />
      <file href="mobile/6gJEHeesfJN_6OHG8aGo4gL_80_DX216_DY216_CX108_CY38.png" />
      <file href="presentation_content/6gJEHeesfJN_d11_HCLTemplatesmshp19_80_DX1116_DY1116.swf" />
      <file href="mobile/6gJEHeesfJN_d11_HCLTemplatesmshp19_80_DX1116_DY1116_CX558_CY76.png" />
      <file href="presentation_content/6gJEHeesfJN_6UybJBPASA0_80_DX216_DY216.swf" />
      <file href="mobile/6gJEHeesfJN_6UybJBPASA0_80_DX216_DY216_CX108_CY38.png" />
      <file href="presentation_content/6gJEHeesfJN_5r7c3V3UBgR_80_DX1350_DY1350.swf" />
      <file href="mobile/6gJEHeesfJN_5r7c3V3UBgR_80_DX1350_DY1350_CX675_CY262.png" />
      <file href="presentation_content/6gJEHeesfJN_5XRExoshgX4_80_DX236_DY236.swf" />
      <file href="mobile/6gJEHeesfJN_5XRExoshgX4_80_DX236_DY236_CX118_CY118.png" />
      <file href="presentation_content/6gJEHeesfJN_69KE8O85Q6G_80_DX232_DY232.jpg" />
      <file href="mobile/6gJEHeesfJN_69KE8O85Q6G_80_DX232_DY232_CX116_CY116.jpg" />
      <file href="presentation_content/6gJEHeesfJN_6CLIGakfgD7_80_DX240_DY240.swf" />
      <file href="mobile/6gJEHeesfJN_6CLIGakfgD7_80_DX240_DY240_CX120_CY120.png" />
      <file href="presentation_content/6gJEHeesfJN_65SEvnnMv0d_80_DX232_DY232.jpg" />
      <file href="mobile/6gJEHeesfJN_65SEvnnMv0d_80_DX232_DY232_CX116_CY116.jpg" />
      <file href="presentation_content/6gJEHeesfJN_6mya9RhxmEI_80_DX216_DY216.swf" />
      <file href="mobile/6gJEHeesfJN_6mya9RhxmEI_80_DX216_DY216_CX108_CY38.png" />
      <file href="presentation_content/6gJEHeesfJN_6OX3UeEd75y_80_DX1350_DY1350.swf" />
      <file href="mobile/6gJEHeesfJN_6OX3UeEd75y_80_DX1350_DY1350_CX675_CY262.png" />
      <file href="presentation_content/6gJEHeesfJN_5V2oXyDmkpF_80_DX216_DY216.swf" />
      <file href="mobile/6gJEHeesfJN_5V2oXyDmkpF_80_DX216_DY216_CX108_CY38.png" />
      <file href="presentation_content/6gJEHeesfJN_6KaH9an1wIy_80_DX1350_DY1350.swf" />
      <file href="mobile/6gJEHeesfJN_6KaH9an1wIy_80_DX1350_DY1350_CX675_CY262.png" />
      <file href="presentation_content/6gJEHeesfJN_6Eo4vl3OdjQ_80_DX216_DY216.swf" />
      <file href="mobile/6gJEHeesfJN_6Eo4vl3OdjQ_80_DX216_DY216_CX108_CY38.png" />
      <file href="presentation_content/6gJEHeesfJN_6LtGrB2IBmw_80_DX1350_DY1350.swf" />
      <file href="mobile/6gJEHeesfJN_6LtGrB2IBmw_80_DX1350_DY1350_CX675_CY262.png" />
      <file href="presentation_content/6gJEHeesfJN_5lIEW8hE9es_80_DX216_DY216.swf" />
      <file href="mobile/6gJEHeesfJN_5lIEW8hE9es_80_DX216_DY216_CX108_CY38.png" />
      <file href="presentation_content/6gJEHeesfJN_6J90EVruvjp_80_DX1350_DY1350.swf" />
      <file href="mobile/6gJEHeesfJN_6J90EVruvjp_80_DX1350_DY1350_CX675_CY262.png" />
      <file href="presentation_content/6gJEHeesfJN_6VSxc9NvkCp_80_DX216_DY216.swf" />
      <file href="mobile/6gJEHeesfJN_6VSxc9NvkCp_80_DX216_DY216_CX108_CY38.png" />
      <file href="presentation_content/6gJEHeesfJN_6pOA4axVX9a_80_DX1350_DY1350.swf" />
      <file href="mobile/6gJEHeesfJN_6pOA4axVX9a_80_DX1350_DY1350_CX675_CY262.png" />
      <file href="presentation_content/6gJEHeesfJN_608XTOKtLGC_80_DX216_DY216.swf" />
      <file href="mobile/6gJEHeesfJN_608XTOKtLGC_80_DX216_DY216_CX108_CY38.png" />
      <file href="presentation_content/6gJEHeesfJN_63MBuXzq4Is_80_DX1350_DY1350.swf" />
      <file href="mobile/6gJEHeesfJN_63MBuXzq4Is_80_DX1350_DY1350_CX675_CY262.png" />
      <file href="presentation_content/6gJEHeesfJN_66peus9Bj6a_80_DX216_DY216.swf" />
      <file href="mobile/6gJEHeesfJN_66peus9Bj6a_80_DX216_DY216_CX108_CY38.png" />
      <file href="presentation_content/6gJEHeesfJN_6Ybn8Ucz9ei_80_DX1350_DY1350.swf" />
      <file href="mobile/6gJEHeesfJN_6Ybn8Ucz9ei_80_DX1350_DY1350_CX675_CY262.png" />
      <file href="presentation_content/6gJEHeesfJN_6QDlYqYA7r8_80_DX216_DY216.swf" />
      <file href="mobile/6gJEHeesfJN_6QDlYqYA7r8_80_DX216_DY216_CX108_CY38.png" />
      <file href="presentation_content/6gJEHeesfJN_5pxyZBiaugi_80_DX1350_DY1350.swf" />
      <file href="mobile/6gJEHeesfJN_5pxyZBiaugi_80_DX1350_DY1350_CX675_CY262.png" />
      <file href="presentation_content/6gJEHeesfJN_6kLlJNQ7VKs_80_DX216_DY216.swf" />
      <file href="mobile/6gJEHeesfJN_6kLlJNQ7VKs_80_DX216_DY216_CX108_CY38.png" />
      <file href="presentation_content/6gJEHeesfJN_5vHQpuNgQX5_80_DX1350_DY1350.swf" />
      <file href="mobile/6gJEHeesfJN_5vHQpuNgQX5_80_DX1350_DY1350_CX675_CY262.png" />
      <file href="presentation_content/6gJEHeesfJN_67yB8hCs5o3_80_DX216_DY216.swf" />
      <file href="mobile/6gJEHeesfJN_67yB8hCs5o3_80_DX216_DY216_CX108_CY38.png" />
      <file href="presentation_content/6gJEHeesfJN_60vqzvcjXx1_80_DX1350_DY1350.swf" />
      <file href="mobile/6gJEHeesfJN_60vqzvcjXx1_80_DX1350_DY1350_CX675_CY262.png" />
      <file href="presentation_content/6gJEHeesfJN_6KB5lQJM0ab_80_DX1440_DY1440.jpg" />
      <file href="mobile/6gJEHeesfJN_6KB5lQJM0ab_80_DX1440_DY1440_CX720_CY324.jpg" />
      <file href="presentation_content/6gJEHeesfJN_d11_HCLTemplatecl1TitleSlideshp2_80_DX228_DY228.swf" />
      <file href="mobile/6gJEHeesfJN_d11_HCLTemplatecl1TitleSlideshp2_80_DX228_DY228_CX114_CY16.png" />
      <file href="presentation_content/6gJEHeesfJN_d11_HCLTemplatecl1TitleSlideshp22_80_DX1258_DY1258.swf" />
      <file href="mobile/6gJEHeesfJN_d11_HCLTemplatecl1TitleSlideshp22_80_DX1258_DY1258_CX629_CY77.png" />
      <file href="presentation_content/6gJEHeesfJN_6CjzY73CvnU_80_P_136_0_178_211_DX152_DY152.swf" />
      <file href="mobile/6gJEHeesfJN_6CjzY73CvnU_80_P_136_0_178_211_DX152_DY152_CX64_CY76.png" />
      <file href="presentation_content/6gJEHeesfJN_6dUqPVmilXq_80_DX216_DY216.swf" />
      <file href="mobile/6gJEHeesfJN_6dUqPVmilXq_80_DX216_DY216_CX108_CY38.png" />
      <file href="presentation_content/6gJEHeesfJN_6prinkpWju6_80_DX1350_DY1350.swf" />
      <file href="mobile/6gJEHeesfJN_6prinkpWju6_80_DX1350_DY1350_CX675_CY262.png" />
      <file href="presentation_content/6gJEHeesfJN_6mYfbaV8RX9_80_DX216_DY216.swf" />
      <file href="mobile/6gJEHeesfJN_6mYfbaV8RX9_80_DX216_DY216_CX108_CY38.png" />
      <file href="presentation_content/6gJEHeesfJN_5fi8H98qm9J_80_DX1350_DY1350.swf" />
      <file href="mobile/6gJEHeesfJN_5fi8H98qm9J_80_DX1350_DY1350_CX675_CY262.png" />
      <file href="presentation_content/6gJEHeesfJN_6CqIY4Df6HI_80_DX216_DY216.swf" />
      <file href="mobile/6gJEHeesfJN_6CqIY4Df6HI_80_DX216_DY216_CX108_CY38.png" />
      <file href="presentation_content/6gJEHeesfJN_6daH571CigA_80_DX1350_DY1350.swf" />
      <file href="mobile/6gJEHeesfJN_6daH571CigA_80_DX1350_DY1350_CX675_CY262.png" />
      <file href="presentation_content/6gJEHeesfJN_5ek6zZdwXCZ_80_DX216_DY216.swf" />
      <file href="mobile/6gJEHeesfJN_5ek6zZdwXCZ_80_DX216_DY216_CX108_CY38.png" />
      <file href="presentation_content/6gJEHeesfJN_5hDX07gEHBR_80_DX1350_DY1350.swf" />
      <file href="mobile/6gJEHeesfJN_5hDX07gEHBR_80_DX1350_DY1350_CX675_CY262.png" />
      <file href="presentation_content/6gJEHeesfJN_6nmsxkbfZAo_80_DX216_DY216.swf" />
      <file href="mobile/6gJEHeesfJN_6nmsxkbfZAo_80_DX216_DY216_CX108_CY38.png" />
      <file href="meta.xml" />
      <file href="mobile/6M6xBB5OlJh.jpg" />
      <file href="presentation_content/logo.swf" />
      <file href="presentation_content/frame.xml" />
      <file href="presentation_content/frame.js" />
      <file href="presentation_content/user.js" />
      <file href="presentation_unsupported.html" />
      <file href="mobile/Slide6gJEHeesfJN_d1sm.jpg" />
      <file href="mobile/app_store.png" />
      <file href="mobile/linen_background.jpg" />
      <file href="mobile/mobile_icon.png" />
      <file href="mobile/player.css" />
      <file href="mobile/player_compiled.js" />
      <file href="presentation_content/fonts.swf" />
      <file href="mobile/fonts.js" />
      <file href="presentation.swf" />
      <file href="presentation_content/frame.swf" />
      <file href="presentation_content/slides/5v0MbCAxM01.swf" />
      <file href="mobile/slides/5v0MbCAxM01.js" />
      <file href="presentation_content/slides/6Vjwo8PkGyU.swf" />
      <file href="mobile/slides/6Vjwo8PkGyU.js" />
      <file href="presentation_content/slides/6AUGKs14pgL.swf" />
      <file href="mobile/slides/6AUGKs14pgL.js" />
      <file href="presentation_content/slides/6SasaUKMZtT.swf" />
      <file href="mobile/slides/6SasaUKMZtT.js" />
      <file href="presentation_content/slides/6PMRl4cDFQH.swf" />
      <file href="mobile/slides/6PMRl4cDFQH.js" />
      <file href="presentation_content/slides/5XMqEbMOGvn.swf" />
      <file href="mobile/slides/5XMqEbMOGvn.js" />
      <file href="presentation_content/slides/6BN6pIcjRD2.swf" />
      <file href="mobile/slides/6BN6pIcjRD2.js" />
      <file href="presentation_content/slides/5Wt0549TjxZ.swf" />
      <file href="mobile/slides/5Wt0549TjxZ.js" />
      <file href="presentation_content/slides/6K1c3HRBfow.swf" />
      <file href="mobile/slides/6K1c3HRBfow.js" />
      <file href="presentation_content/slides/6aL7ZCLVQ8O.swf" />
      <file href="mobile/slides/6aL7ZCLVQ8O.js" />
      <file href="presentation_content/slides/6XEV3PMXB0b.swf" />
      <file href="mobile/slides/6XEV3PMXB0b.js" />
      <file href="presentation_content/slides/6psiyVzpGyn.swf" />
      <file href="mobile/slides/6psiyVzpGyn.js" />
      <file href="presentation_content/slides/5l9oniJvbjH.swf" />
      <file href="mobile/slides/5l9oniJvbjH.js" />
      <file href="presentation_content/slides/6G9avlCRBjw.swf" />
      <file href="mobile/slides/6G9avlCRBjw.js" />
      <file href="presentation_content/slides/6cy7NtH0IMD.swf" />
      <file href="mobile/slides/6cy7NtH0IMD.js" />
      <file href="presentation_content/slides/6IzfMrvevoP.swf" />
      <file href="mobile/slides/6IzfMrvevoP.js" />
      <file href="presentation_content/slides/5rUZmmPO3Al.swf" />
      <file href="mobile/slides/5rUZmmPO3Al.js" />
      <file href="presentation_content/slides/6mfyXlZ8XLB.swf" />
      <file href="mobile/slides/6mfyXlZ8XLB.js" />
      <file href="presentation_content/data.swf" />
      <file href="mobile/data.js" />
      <file href="mobile/masks.js" />
      <file href="presentation.html" />
      <file href="presentation_html5.html" />
      <file href="index_lms_html5.html" />
      <file href="presentation_content/blank.html" />
      <file href="presentation_content/presentation.js" />
      <file href="index_lms.html" />
      <file href="lms/AICCComm.html" />
      <file href="lms/AICCFunctions.js" />
      <file href="lms/API.js" />
      <file href="lms/APIConstants.js" />
      <file href="lms/blank.html" />
      <file href="lms/browsersniff.js" />
      <file href="lms/Configuration.js" />
      <file href="lms/goodbye.html" />
      <file href="lms/lms.js" />
      <file href="lms/LMSAPI.js" />
      <file href="lms/NONEFunctions.js" />
      <file href="lms/SCORM2004Functions.js" />
      <file href="lms/SCORMFunctions.js" />
      <file href="lms/UtilityFunctions.js" />
    </resource>
  </resources>
</manifest>