<?xml version="1.0" encoding="utf-8"?><bwFrame xmlns:xsi="http://www.w3.org/2001/XMLSchema-instance" xmlns:xsd="http://www.w3.org/2001/XMLSchema" default_layout="pxnsnfns01001000010" textdirection="ltr" device="false" kbshortcuts="true" outputtype="ap"><layouts><layout name="pxnsnfns01001000010" font="Articulate" controllayout="pxnsnfns01001000010" colorscheme="pxnsnfns01001000010" string_table="pxnsnfns01001000010" /></layouts><control_options><optiongroups><optiongroup name="sidebaroptions"><options><option name="title_enabled" value="true"><options><option name="title_text" value="Structural coverage" /></options></option><option name="logo_enabled" value="true"><options><option name="logo_url" value="presentation_content/logo.swf"><properties><property name="width" value="174" /><property name="height" value="98" /></properties></option><option name="html5_logo_url" value="mobile/6PunoYn4nmj.jpg" /></options></option><option name="sidebar_enabled" value="true"><options><option name="sidebarpos" value="left" /></options></option><optionlist name="tabs"><listitems><listitem name="resources" value="false" group="linkright" /><listitem name="customlink" value="true" group="linkright"><properties><property name="title" value="Exit" /><property name="data" value="6LrwB5J7u9W" /><property name="ignoreSlideLock" value="true" /></properties></listitem><listitem name="outline" value="true" group="sidebar" /><listitem name="glossary" value="false" group="sidebar" /><listitem name="transcript" value="false" group="sidebar" /></listitems></optionlist><option name="time_enabled" value="false"><options><option name="time_format" value="totalelapsed" /></options></option><option name="info_enabled" value="false"><options><option name="default" value="default" /></options></option><option name="video_enabled" value="false"><options><option name="height" value="135" /></options></option></options></optiongroup><optiongroup name="menuoptions"><options><option name="flow" value="free" /><option name="wraplistitems" value="false" /><option name="tooltips" value="true" /><option name="autocollapse" value="true" /><option name="autonumber" value="true" /><option name="levelbehavior" value="reached" /><option name="levelrestriction" value="unrestricted" /><option name="enableresultsicons" value="false" /></options></optiongroup><optiongroup name="controls"><options><option name="volume" value="false" /><option name="seekbar" value="false"><options><option name="readonly" value="false" /></options></option><option name="search" value="true" /><option name="replay" value="false" /><option name="pauseplay" value="false" /><option name="enableKeyboardShortcuts" value="true" /><option name="elapsedandtotaltime" value="true" /><option name="use_fixed_output_size" value="true" /><option name="output_size_scale_percent" value="100" /></options></optiongroup><optiongroup name="bottombaroptions"><options><option name="bottombar_enabled" value="true" /></options></optiongroup></optiongroups></control_options><control_layouts><control_layout name="pxnsnfns01001000010"><control name="volume" enabled="false" /><control name="seekbar" enabled="false" /><control name="replay" enabled="false" /><control name="pauseplay" enabled="false" /><control name="logo" enabled="true" /><control name="previous" enabled="true" /><control name="next" enabled="true" /><control name="submit" enabled="false" /><control name="finish" enabled="false" /><control name="submitall" enabled="false" /><control name="resources" enabled="false" /><control name="glossary" enabled="false" /><control name="transcript" enabled="false" /><control name="outline" enabled="true"><controls><control name="search" enabled="true" /></controls></control><control name="close_btn" enabled="false" /></control_layout></control_layouts><colorschemes><colorscheme name="pxnsnfns01001000010"><color_group name="infopanel"><group_colors><color name="link_text"><fill type="linear" rotation="90"><colors><color rgb="0x7C2280" alpha="100" stop="0" /></colors></fill></color><color name="link_hover"><fill type="linear" rotation="90"><colors><color rgb="0x0000EE" alpha="100" stop="0" /></colors></fill></color><color name="bg"><fill type="linear" rotation="90"><colors><color rgb="0xFFFFFF" alpha="100" stop="0" /></colors></fill></color><color name="shadow"><fill type="linear" rotation="90"><colors><color rgb="0xB8B8B8" alpha="100" stop="0" /></colors></fill></color><color name="name_text"><fill type="linear" rotation="90"><colors><color rgb="0x444444" alpha="100" stop="0" /></colors></fill></color><color name="title_text"><fill type="linear" rotation="90"><colors><color rgb="0x999999" alpha="100" stop="0" /></colors></fill></color></group_colors></color_group><color_group name="infopanelpopup"><group_colors><color name="link_text"><fill type="linear" rotation="90"><colors><color rgb="0x7C2280" alpha="100" stop="0" /></colors></fill></color><color name="link_hover"><fill type="linear" rotation="90"><colors><color rgb="0x0000EE" alpha="100" stop="0" /></colors></fill></color><color name="bg"><fill type="linear" rotation="90"><colors><color rgb="0xE9E9E9" alpha="100" stop="0" /><color rgb="0xCFCFCF" alpha="100" stop="255" /></colors></fill></color><color name="shadow"><fill type="linear" rotation="90"><colors><color rgb="0xB8B8B8" alpha="100" stop="0" /></colors></fill></color><color name="name_text"><fill type="linear" rotation="90"><colors><color rgb="0x444444" alpha="100" stop="0" /></colors></fill></color><color name="bio_text"><fill type="linear" rotation="90"><colors><color rgb="0x999999" alpha="100" stop="0" /></colors></fill></color></group_colors></color_group><color_group name="timer"><group_colors><color name="duration"><fill type="linear" rotation="90"><colors><color rgb="0x00D7FF" alpha="100" stop="0" /><color rgb="0x00ABFF" alpha="100" stop="255" /></colors></fill></color><color name="elapsed"><fill type="linear" rotation="90"><colors><color rgb="0xFEE347" alpha="100" stop="0" /><color rgb="0xFCCC2A" alpha="100" stop="255" /></colors></fill></color><color name="stroke"><fill type="linear" rotation="90"><colors><color rgb="0xC7C7C7" alpha="100" stop="0" /></colors></fill></color><color name="inner"><fill type="linear" rotation="90"><colors><color rgb="0xFFFFFF" alpha="100" stop="0" /></colors></fill></color><color name="text"><fill type="linear" rotation="90"><colors><color rgb="0x555555" alpha="100" stop="0" /></colors></fill></color></group_colors></color_group><color_group name="window"><group_colors><color name="text"><fill type="linear" rotation="90"><colors><color rgb="0x555555" alpha="100" stop="0" /></colors></fill></color><color name="inner"><fill type="linear" rotation="90"><colors><color rgb="0xEAEAEA" alpha="100" stop="0" /><color rgb="0xCFCFCF" alpha="100" stop="255" /></colors></fill></color><color name="bg"><fill type="linear" rotation="90"><colors><color rgb="0xF3F3F3" alpha="100" stop="0" /></colors></fill></color><color name="diva"><fill type="linear" rotation="90"><colors><color rgb="0xF7F7F7" alpha="100" stop="0" /></colors></fill></color><color name="divb"><fill type="linear" rotation="90"><colors><color rgb="0xD3D3D3" alpha="100" stop="0" /></colors></fill></color><color name="shadow"><fill type="linear" rotation="90"><colors><color rgb="0x000000" alpha="20" stop="0" /></colors></fill></color></group_colors></color_group><color_group name="editor"><group_colors><color name="slide_text"><fill type="linear" rotation="90"><colors><color rgb="0x555555" alpha="100" stop="0" /></colors></fill></color><color name="html_text"><fill type="linear" rotation="90"><colors><color rgb="0x444444" alpha="100" stop="0" /></colors></fill></color><color name="btn_bg"><fill type="linear" rotation="90"><colors><color rgb="0xF5F5F5" alpha="100" stop="0" /><color rgb="0xC7C7C7" alpha="100" stop="255" /></colors></fill></color><color name="btn_hover"><fill type="linear" rotation="90"><colors><color rgb="0xF2F2F2" alpha="100" stop="0" /><color rgb="0xAFAFAF" alpha="100" stop="255" /></colors></fill></color><color name="btn_down"><fill type="linear" rotation="90"><colors><color rgb="0xC7C7C7" alpha="100" stop="0" /><color rgb="0xF4F4F4" alpha="100" stop="255" /></colors></fill></color><color name="btn_border"><fill type="linear" rotation="90"><colors><color rgb="0xB1B1B1" alpha="100" stop="0" /></colors></fill></color><color name="btn_text"><fill type="linear" rotation="90"><colors><color rgb="0x353535" alpha="100" stop="0" /></colors></fill></color><color name="btn_text_shadow"><fill type="linear" rotation="90"><colors><color rgb="0xF0F0F0" alpha="100" stop="0" /></colors></fill></color></group_colors></color_group><color_group name="listitem"><group_colors><color name="selected_text"><fill type="linear" rotation="90"><colors><color rgb="0x353535" alpha="100" stop="0" /></colors></fill></color><color name="lines"><fill type="linear" rotation="90"><colors><color rgb="0xDFDFDF" alpha="100" stop="0" /></colors></fill></color><color name="hover"><fill type="linear" rotation="90"><colors><color rgb="0xE6E6E6" alpha="100" stop="0" /></colors></fill></color><color name="viewed"><fill type="linear" rotation="90"><colors><color rgb="0x909090" alpha="100" stop="0" /></colors></fill></color><color name="text"><fill type="linear" rotation="90"><colors><color rgb="0x353535" alpha="100" stop="0" /></colors></fill></color><color name="selected"><fill type="linear" rotation="90"><colors><color rgb="0xC0E2F1" alpha="100" stop="0" /></colors></fill></color><color name="shadow"><fill type="linear" rotation="90"><colors><color rgb="0xFFFFFF" alpha="100" stop="0" /></colors></fill></color></group_colors></color_group><color_group name="base"><group_colors><color name="text"><fill type="linear" rotation="90"><colors><color rgb="0x555555" alpha="100" stop="0" /></colors></fill></color><color name="diva"><fill type="linear" rotation="90"><colors><color rgb="0xD3D3D3" alpha="100" stop="0" /></colors></fill></color><color name="divb"><fill type="linear" rotation="90"><colors><color rgb="0xF7F7F7" alpha="100" stop="0" /></colors></fill></color><color name="bg"><fill type="linear" rotation="90"><colors><color rgb="0xE9E9E9" alpha="100" stop="0" /><color rgb="0xCFCFCF" alpha="100" stop="255" /></colors></fill></color><color name="border"><fill type="linear" rotation="90"><colors><color rgb="0xE9E9E9" alpha="100" stop="0" /><color rgb="0xF3F3F3" alpha="100" stop="255" /></colors></fill></color><color name="menu_shade"><fill type="linear" rotation="90"><colors><color rgb="0xDBDBDB" alpha="100" stop="0" /><color rgb="0xC3C3C3" alpha="100" stop="255" /></colors></fill></color><color name="slide_bg"><fill type="linear" rotation="90"><colors><color rgb="0xE9E9E9" alpha="100" stop="0" /><color rgb="0xCFCFCF" alpha="100" stop="255" /></colors></fill></color></group_colors></color_group><color_group name="button"><group_colors><color name="btn_bg"><fill type="linear" rotation="90"><colors><color rgb="0xF5F5F5" alpha="100" stop="0" /><color rgb="0xC7C7C7" alpha="100" stop="255" /></colors></fill></color><color name="btn_hover"><fill type="linear" rotation="90"><colors><color rgb="0xF2F2F2" alpha="100" stop="0" /><color rgb="0xAFAFAF" alpha="100" stop="255" /></colors></fill></color><color name="btn_down"><fill type="linear" rotation="90"><colors><color rgb="0xC7C7C7" alpha="100" stop="0" /><color rgb="0xF4F4F4" alpha="100" stop="255" /></colors></fill></color><color name="btn_border"><fill type="linear" rotation="90"><colors><color rgb="0xB1B1B1" alpha="100" stop="0" /></colors></fill></color><color name="btn_text"><fill type="linear" rotation="90"><colors><color rgb="0x353535" alpha="100" stop="0" /></colors></fill></color><color name="btn_text_shadow"><fill type="linear" rotation="90"><colors><color rgb="0xF0F0F0" alpha="100" stop="0" /></colors></fill></color><color name="btn_icon_color"><fill type="linear" rotation="90"><colors><color rgb="0x353535" alpha="100" stop="0" /></colors></fill></color><color name="btn_glow"><fill type="linear" rotation="90"><colors><color rgb="0xCFCFCF" alpha="100" stop="0" /></colors></fill></color></group_colors></color_group><color_group name="checkbox"><group_colors><color name="border"><fill type="linear" rotation="90"><colors><color rgb="0xB8B8B8" alpha="100" stop="0" /></colors></fill></color><color name="bg"><fill type="linear" rotation="90"><colors><color rgb="0xFFFFFF" alpha="100" stop="0" /></colors></fill></color><color name="check"><fill type="linear" rotation="90"><colors><color rgb="0x33CC00" alpha="100" stop="0" /></colors></fill></color><color name="text"><fill type="linear" rotation="90"><colors><color rgb="0x444444" alpha="100" stop="0" /></colors></fill></color><color name="hover"><fill type="linear" rotation="90"><colors><color rgb="0x6BF8FF" alpha="100" stop="0" /></colors></fill></color></group_colors></color_group><color_group name="logo"><group_colors><color name="bg"><fill type="linear" rotation="90"><colors><color rgb="0xFFFFFF" alpha="100" stop="0" /></colors></fill></color><color name="shadow"><fill type="linear" rotation="90"><colors><color rgb="0xB8B8B8" alpha="100" stop="0" /></colors></fill></color></group_colors></color_group><color_group name="menu"><group_colors><color name="bg"><fill type="linear" rotation="90"><colors><color rgb="0xF3F3F3" alpha="100" stop="0" /></colors></fill></color><color name="shadow"><fill type="linear" rotation="90"><colors><color rgb="0xB8B8B8" alpha="100" stop="0" /></colors></fill></color></group_colors></color_group><color_group name="scrollarea"><group_colors><color name="bg"><fill type="linear" rotation="0"><colors><color rgb="0xDEDEDE" alpha="100" stop="0" /><color rgb="0xE8E8E8" alpha="100" stop="128" /></colors></fill></color><color name="border"><fill type="linear" rotation="90"><colors><color rgb="0xF6F6F6" alpha="100" stop="0" /><color rgb="0xF3F3F3" alpha="100" stop="255" /></colors></fill></color><color name="button_bg"><fill type="linear" rotation="90"><colors><color rgb="0xC4C4C4" alpha="100" stop="0" /><color rgb="0xB2B2B2" alpha="100" stop="255" /></colors></fill></color><color name="button_inner"><fill type="linear" rotation="90"><colors><color rgb="0xCBCBCB" alpha="100" stop="0" /><color rgb="0xBABABA" alpha="100" stop="255" /></colors></fill></color><color name="button_border"><fill type="linear" rotation="90"><colors><color rgb="0xB8B8B8" alpha="100" stop="0" /></colors></fill></color><color name="icons"><fill type="linear" rotation="90"><colors><color rgb="0x555555" alpha="100" stop="0" /></colors></fill></color><color name="shadow"><fill type="linear" rotation="90"><colors><color rgb="0xD9D9D9" alpha="100" stop="0" /></colors></fill></color><color name="detaila"><fill type="linear" rotation="90"><colors><color rgb="0xA7A7A7" alpha="100" stop="0" /></colors></fill></color><color name="detailb"><fill type="linear" rotation="90"><colors><color rgb="0xCFCFCF" alpha="100" stop="0" /></colors></fill></color></group_colors></color_group><color_group name="searchinput"><group_colors><color name="bg"><fill type="linear" rotation="90"><colors><color rgb="0xDFDFDF" alpha="100" stop="0" /></colors></fill></color><color name="border"><fill type="linear" rotation="90"><colors><color rgb="0xADADAD" alpha="100" stop="0" /><color rgb="0xFAFAFA" alpha="100" stop="255" /></colors></fill></color><color name="icon"><fill type="linear" rotation="90"><colors><color rgb="0x8A8A8A" alpha="100" stop="0" /></colors></fill></color><color name="button_hover"><fill type="linear" rotation="90"><colors><color rgb="0xF5F5F5" alpha="100" stop="0" /><color rgb="0xC7C7C7" alpha="100" stop="255" /></colors></fill></color><color name="hover_glow"><fill type="linear" rotation="90"><colors><color rgb="0x6BF8FF" alpha="100" stop="0" /></colors></fill></color><color name="search_text"><fill type="linear" rotation="90"><colors><color rgb="0x8A8A8A" alpha="100" stop="0" /></colors></fill></color><color name="bg_active"><fill type="linear" rotation="90"><colors><color rgb="0xFAFAFA" alpha="100" stop="0" /></colors></fill></color><color name="text_active"><fill type="linear" rotation="90"><colors><color rgb="0x333333" alpha="100" stop="0" /></colors></fill></color></group_colors></color_group><color_group name="seekcontrol"><group_colors><color name="bg"><fill type="linear" rotation="90"><colors><color rgb="0xF5F5F5" alpha="100" stop="0" /><color rgb="0xC7C7C7" alpha="100" stop="255" /></colors></fill></color><color name="border"><fill type="linear" rotation="90"><colors><color rgb="0xB1B1B1" alpha="100" stop="0" /></colors></fill></color><color name="seek_border"><fill type="linear" rotation="90"><colors><color rgb="0xB8B8B8" alpha="100" stop="0" /><color rgb="0xEEEEEE" alpha="100" stop="255" /></colors></fill></color><color name="seek_bg"><fill type="linear" rotation="90"><colors><color rgb="0xE7E7E7" alpha="100" stop="0" /></colors></fill></color><color name="seek_position"><fill type="linear" rotation="90"><colors><color rgb="0xFFFFFF" alpha="100" stop="0" /></colors></fill></color><color name="btn_icon_color"><fill type="linear" rotation="90"><colors><color rgb="0x2D2D2D" alpha="100" stop="0" /></colors></fill></color><color name="btn_icon_hover"><fill type="linear" rotation="90"><colors><color rgb="0x555555" alpha="100" stop="0" /></colors></fill></color><color name="btn_icon_shadow"><fill type="linear" rotation="90"><colors><color rgb="0xF0F0F0" alpha="100" stop="0" /></colors></fill></color></group_colors></color_group><color_group name="tabs"><group_colors><color name="bg"><fill type="linear" rotation="90"><colors><color rgb="0xF3F3F3" alpha="100" stop="0" /></colors></fill></color><color name="text"><fill type="linear" rotation="90"><colors><color rgb="0x555555" alpha="100" stop="0" /></colors></fill></color><color name="selected"><fill type="linear" rotation="90"><colors><color rgb="0x333333" alpha="100" stop="0" /></colors></fill></color><color name="hover"><fill type="linear" rotation="90"><colors><color rgb="0x333333" alpha="100" stop="0" /></colors></fill></color><color name="shadow"><fill type="linear" rotation="90"><colors><color rgb="0xF0F0F0" alpha="100" stop="0" /></colors></fill></color></group_colors></color_group><color_group name="transcript"><group_colors><color name="div"><fill type="linear" rotation="90"><colors><color rgb="0xE1E1E1" alpha="100" stop="0" /></colors></fill></color><color name="heading_text"><fill type="linear" rotation="90"><colors><color rgb="0x444444" alpha="100" stop="0" /></colors></fill></color></group_colors></color_group><color_group name="outline"><group_colors><color name="diva"><fill type="linear" rotation="90"><colors><color rgb="0xC6C6C6" alpha="100" stop="0" /></colors></fill></color><color name="divb"><fill type="linear" rotation="90"><colors><color rgb="0xF9F9F9" alpha="100" stop="0" /></colors></fill></color><color name="divc"><fill type="linear" rotation="90"><colors><color rgb="0xE1E1E1" alpha="100" stop="0" /></colors></fill></color><color name="search_text"><fill type="linear" rotation="90"><colors><color rgb="0x444444" alpha="100" stop="0" /></colors></fill></color><color name="search_hover"><fill type="linear" rotation="90"><colors><color rgb="0x0000EE" alpha="100" stop="0" /></colors></fill></color></group_colors></color_group><color_group name="resource"><group_colors><color name="separator"><fill type="linear" rotation="90"><colors><color rgb="0xE0E0E0" alpha="100" stop="0" /></colors></fill></color></group_colors></color_group><color_group name="glossary"><group_colors><color name="selected_text"><fill type="linear" rotation="90"><colors><color rgb="0x353535" alpha="100" stop="0" /></colors></fill></color><color name="selected"><fill type="linear" rotation="90"><colors><color rgb="0xC0E2F1" alpha="100" stop="0" /></colors></fill></color><color name="text"><fill type="linear" rotation="90"><colors><color rgb="0x353535" alpha="100" stop="0" /></colors></fill></color><color name="hover"><fill type="linear" rotation="90"><colors><color rgb="0xE6E6E6" alpha="100" stop="0" /></colors></fill></color><color name="diva"><fill type="linear" rotation="90"><colors><color rgb="0xE2E2E2" alpha="100" stop="0" /></colors></fill></color><color name="divb"><fill type="linear" rotation="90"><colors><color rgb="0xE2E2E2" alpha="100" stop="0" /></colors></fill></color><color name="divc"><fill type="linear" rotation="90"><colors><color rgb="0xFAFAFA" alpha="100" stop="0" /></colors></fill></color><color name="bg"><fill type="linear" rotation="90"><colors><color rgb="0xE7E7E7" alpha="100" stop="0" /></colors></fill></color><color name="heading_text"><fill type="linear" rotation="90"><colors><color rgb="0x444444" alpha="100" stop="0" /></colors></fill></color></group_colors></color_group><color_group name="volume"><group_colors><color name="thumb_border"><fill type="linear" rotation="90"><colors><color rgb="0xA5A5A5" alpha="100" stop="0" /></colors></fill></color><color name="thumb_inner"><fill type="linear" rotation="90"><colors><color rgb="0xD4D4D4" alpha="100" stop="0" /></colors></fill></color><color name="thumb_bg"><fill type="linear" rotation="90"><colors><color rgb="0xC8C8C8" alpha="100" stop="0" /></colors></fill></color><color name="slider_border"><fill type="linear" rotation="90"><colors><color rgb="0xF2F2F2" alpha="100" stop="0" /></colors></fill></color><color name="slider_bg"><fill type="linear" rotation="90"><colors><color rgb="0xBCBCBC" alpha="100" stop="0" /><color rgb="0xBCBCBC" alpha="100" stop="128" /><color rgb="0xC3C3C3" alpha="100" stop="255" /></colors></fill></color></group_colors></color_group><color_group name="HTML"><group_colors><color name="htmlpage_bg_color"><fill type="linear" rotation="90"><colors><color rgb="0xFFFFFF" alpha="100" stop="0" /></colors></fill></color></group_colors></color_group></colorscheme></colorschemes><string_tables><string_table name="pxnsnfns01001000010"><string id="prev">PREV</string><string id="next">NEXT</string><string id="submit">SUBMIT</string><string id="outline">Menu</string><string id="resources">Resources</string><string id="glossary">Glossary</string><string id="transcript">Notes</string><string id="clear">Clear and return to Menu</string><string id="search_results">Search Results</string><string id="filter">Filter</string><string id="slide_text_chk">Slide Text</string><string id="transcript_chk">Notes</string><string id="search_in">Search in:</string><string id="check_include">Check to include</string><string id="search">Search...</string><string id="terms">Terms</string><string id="definition">Definition</string><string id="finish">FINISH</string><string id="acc_finish">finish</string><string id="acc_definition">definition</string><string id="acc_resources">resources</string><string id="acc_search_input">search</string><string id="acc_pause">pause</string><string id="acc_play">play</string><string id="acc_replay">replay</string><string id="acc_submit">submit</string><string id="acc_next">next</string><string id="acc_previous">previous</string><string id="acc_volume">volume</string><string id="submitall">SUBMIT ALL</string><string id="acc_submitall">submit all</string><string id="question_list">Question List</string><string id="more_info">More info</string><string id="send_an_email">Send an email</string><string id="close">Close</string><string id="bio">Bio</string><string id="exit">Exit</string></string_table></string_tables><sounds enabled="false" /><nav_data><outline><links><slidelink slideid="5qxtwIiP3pI.684GfUHEJxm" displaytext="Slide 1" expand="false" type="slide" /><slidelink slideid="5qxtwIiP3pI.5ZKxBgICqNW" displaytext="PRESESSION ACTIVITY" expand="false" type="slide" /><slidelink slideid="5qxtwIiP3pI.5aGHy9AvJgw" displaytext="AGENDA" expand="false" type="slide" /><slidelink slideid="5qxtwIiP3pI.6nHGR8MCQVP" displaytext="WHITE BOX TESTING" expand="false" type="slide" /><slidelink slideid="5qxtwIiP3pI.69CeKklH18W" displaytext="WHITE BOX TESTING" expand="false" type="slide" /><slidelink slideid="5qxtwIiP3pI.6enM1ovw35V" displaytext="DIFFERENCES BETWEEN VARIOUS TYPES OF TESTING" expand="false" type="slide" /><slidelink slideid="5qxtwIiP3pI.6rcQByAUplW" displaytext="TEST COVERAGE" expand="false" type="slide" /><slidelink slideid="5qxtwIiP3pI.6dpsz1ztouW" displaytext="STRUCTURAL TRAP COVERAGE" expand="false" type="slide" /><slidelink slideid="5qxtwIiP3pI.6NKUXByKerc" displaytext="TEST COVERAGE TRAP" expand="false" type="slide" /><slidelink slideid="5qxtwIiP3pI.60XA59Wj1pJ" displaytext="STRUCTURAL TESTING METHODOLOGIES" expand="false" type="slide" /><slidelink slideid="5qxtwIiP3pI.5ZaVgtUrot6" displaytext="STATEMENT COVERAGE" expand="false" type="slide" /><slidelink slideid="5qxtwIiP3pI.5hQT1UHomen" displaytext="STEPS FOR EXECUTION" expand="false" type="slide" /><slidelink slideid="5qxtwIiP3pI.6TEM2Lz5swe" displaytext="Example 1(Statement Coverage)" expand="false" type="slide" /><slidelink slideid="5qxtwIiP3pI.6OgQgs6wAME" displaytext="Example2(Statement Coverage)" expand="false" type="slide" /><slidelink slideid="5qxtwIiP3pI.60hwGVVItyk" displaytext="Example2(Statement Coverage)" expand="false" type="slide" /><slidelink slideid="5qxtwIiP3pI.6XT9y1Nm0vh" displaytext="Example3(Statement Coverage)" expand="false" type="slide" /><slidelink slideid="5qxtwIiP3pI.5XyQ9XVgKkx" displaytext="Example3(Statement Coverage)" expand="false" type="slide" /><slidelink slideid="5qxtwIiP3pI.6TCsSVDNADi" displaytext="DECISION COVERAGE" expand="false" type="slide" /><slidelink slideid="5qxtwIiP3pI.5hqMpmsBcwC" displaytext="DECISION COVERAGE" expand="false" type="slide" /><slidelink slideid="5qxtwIiP3pI.5z5rEAiyCBz" displaytext="Example1(Decision Coverage)" expand="false" type="slide" /><slidelink slideid="5qxtwIiP3pI.5nx680vOzJX" displaytext="DECISION COVERAGE" expand="false" type="slide" /><slidelink slideid="5qxtwIiP3pI.5Vwg7XX7dES" displaytext="Example2(Decision Coverage)" expand="false" type="slide" /><slidelink slideid="5qxtwIiP3pI.6DJhYP3Uibd" displaytext="Example2(Decision Coverage)" expand="false" type="slide" /><slidelink slideid="5qxtwIiP3pI.5Yq3tdQ5EHa" displaytext="CYCLOMATIC COMPLEXITY" expand="false" type="slide" /><slidelink slideid="5qxtwIiP3pI.6jRtwbUsw2X" displaytext="CYCLOMATIC COMPLEXITY" expand="false" type="slide" /><slidelink slideid="5qxtwIiP3pI.6EldiI7lFGe" displaytext="POST SESSION ACTIVITY" expand="false" type="slide" /><slidelink slideid="5qxtwIiP3pI.5yf3yORN9yQ" displaytext="POST SESSION ACTIVITY" expand="false" type="slide" /><slidelink slideid="5qxtwIiP3pI.5vr56q8dDE6" displaytext="POST SESSION ACTIVITY" expand="false" type="slide" /><slidelink slideid="5qxtwIiP3pI.5r5ENmyrV8h" displaytext="POST SESSION ACTIVITY" expand="false" type="slide" /><slidelink slideid="5qxtwIiP3pI.67e6HwdzBRQ" displaytext="POST SESSION ACTIVITY" expand="false" type="slide" /><slidelink slideid="5qxtwIiP3pI.5iiF7HvVClL" displaytext="POST SESSION ACTIVITY" expand="false" type="slide" /><slidelink slideid="5qxtwIiP3pI.6cmR36ZwLlO" displaytext="Slide 32" expand="false" type="slide" /><slidelink slideid="5qxtwIiP3pI.6oNpgaCEH4t" displaytext="Slide 33" expand="false" type="slide" /><slidelink slideid="5qxtwIiP3pI.6X4r20aTONW" displaytext="Slide 34" expand="false" type="slide" /><slidelink slideid="5qxtwIiP3pI.6n7hJYutQqN" displaytext="Slide 35" expand="false" type="slide" /><slidelink slideid="5qxtwIiP3pI.5wfD6yzWYV9" displaytext="Slide 36" expand="false" type="slide" /><slidelink slideid="5qxtwIiP3pI.65NRUzAkia4" displaytext="Slide 37" expand="false" type="slide" /><slidelink slideid="5qxtwIiP3pI.6f3RZIjijiD" displaytext="Slide 38" expand="false" type="slide" /><slidelink slideid="5qxtwIiP3pI.6nv7vfwC1z1" displaytext="Slide 39" expand="false" type="slide" /></links></outline><search><slidetext slideid="5qxtwIiP3pI.684GfUHEJxm" slidebank="false" type="slide">     white box testing techniques  version – 1.0&#xB;release date – 07-01-2016  hcl talentcare: confidential version: 1.0 release date:  07-01-2016</slidetext><slidetext slideid="5qxtwIiP3pI.5ZKxBgICqNW" slidebank="false" type="slide">   ‹#›     hcl talentcare: confidential version: 1.0 release date:  07-01-2016 presession activity given the pseudo code , review it and list out the defects read num1, num2, num3if(num1&gt;num2)print “num1 is bigger than num2”else if(num1&gt;num3)print “num1 is bigger than num3” else if(num2&gt;num3)print “num2 is bigger than num3”elseprint “num1 is largest”end</slidetext><slidetext slideid="5qxtwIiP3pI.5aGHy9AvJgw" slidebank="false" type="slide">   ‹#›     hcl talentcare: confidential version: 1.0 release date:  07-01-2016  agenda what is white box testingobjectives of white box testingdifferences between black box, white box and grey box testing?test coveragecoverage trapstructural testing approaches</slidetext><slidetext slideid="5qxtwIiP3pI.6nHGR8MCQVP" slidebank="false" type="slide">   ‹#›     hcl talentcare: confidential version: 1.0 release date:  07-01-2016 white box testing testing that is based on the structure of the program. usually better for finding defects than for exploring the behaviour of the system.in white-box testing an internal perspective of the system , as well as programming skills, are used to design test cases.it is also known as clear box testing, glass box testing, transparent box testing, and structural testingwhite-box testing objectives the major objective of white-box testing is to focus on internal program structure, and discover all internal program errors.&#xB;the white box testing focuses:program structuresprogram statements and branchesvarious kinds of program paths.program internal logic and data structuresprogram internal behaviors and states.&#xB;&#xB;&#xB;	&#xB;	</slidetext><slidetext slideid="5qxtwIiP3pI.69CeKklH18W" slidebank="false" type="slide">   ‹#›     hcl talentcare: confidential version: 1.0 release date:  07-01-2016 white box testing &#xB;&#xB;&#xB;	&#xB;	 </slidetext><slidetext slideid="5qxtwIiP3pI.6enM1ovw35V" slidebank="false" type="slide">   ‹#›     hcl talentcare: confidential version: 1.0 release date:  07-01-2016 differences between various types of testing &#xB;&#xB;&#xB;	&#xB;	 </slidetext><slidetext slideid="5qxtwIiP3pI.6rcQByAUplW" slidebank="false" type="slide">   ‹#›     hcl talentcare: confidential version: 1.0 release date:  07-01-2016 test coverage test coveragetest coverage measures the amount of testing performed by a set of test.coverage is broadly of following types: program based coverage: this category is concerned with coverage related to the software code. specification based coverage: this category is concerned with coverage related to specification or requirements.&#xB;&#xB;&#xB;	&#xB;	</slidetext><slidetext slideid="5qxtwIiP3pI.6dpsz1ztouW" slidebank="false" type="slide">   ‹#›     hcl talentcare: confidential version: 1.0 release date:  07-01-2016 structural trap coverage stronger structural techniques (different structural elements)  stronger structural techniques (different structural elements) more tests       increasing coverage increasing coverage          more tests more tests  more tests  more tests  more tests  more tests  more tests  coverage ok?  what'scovered? coverage ok?  what'scovered?                     results ok?     enoughtests? spec software   tests results ok?     enoughtests? spec software   tests</slidetext><slidetext slideid="5qxtwIiP3pI.6NKUXByKerc" slidebank="false" type="slide">   ‹#›     hcl talentcare: confidential version: 1.0 release date:  07-01-2016 test coverage trap   structure exercised,insufficient function function exercised,insufficient structure better testing better testing % statement              % decision                   % condition                                                                        combination structural testedness functionaltestedness 100% coverage does&#xB;not mean 100% tested! coverage is not&#xB;thoroughness</slidetext><slidetext slideid="5qxtwIiP3pI.60XA59Wj1pJ" slidebank="false" type="slide">   ‹#›     hcl talentcare: confidential version: 1.0 release date:  07-01-2016  there are 3 structural aspects in the codestatement  (each line of the code)decisions (when the code is executing it goes through a conditional statements(works according to the condition))cyclomatic complexity structural testing methodologies</slidetext><slidetext slideid="5qxtwIiP3pI.5ZaVgtUrot6" slidebank="false" type="slide">   ‹#›     hcl talentcare: confidential version: 1.0 release date:  07-01-2016  statement coverage percentage of executable statements exercised by a test suitestatement coverage= (number of statements exercised ) x  100 %                                          total number statements)&#xB;        statement coverage is normally measured by a software tool.example:program has 100 statements 			tests exercise 87 statementsstatement coverage = 87% </slidetext><slidetext slideid="5qxtwIiP3pI.5hQT1UHomen" slidebank="false" type="slide">   ‹#›     hcl talentcare: confidential version: 1.0 release date:  07-01-2016 steps for execution read &amp; analyze the flow of codeidentify the variables.take values into the variables in such a way the maximum statements are covered.take the test cases which covers the remaining statements.</slidetext><slidetext slideid="5qxtwIiP3pI.6TEM2Lz5swe" slidebank="false" type="slide">   ‹#›     hcl talentcare: confidential version: 1.0 release date:  07-01-2016 example 1(statement coverage) read ageif age&gt;18 then print majorelseprint minorend if  we require 2 test cases for the statement coverage</slidetext><slidetext slideid="5qxtwIiP3pI.6OgQgs6wAME" slidebank="false" type="slide">   ‹#›     hcl talentcare: confidential version: 1.0 release date:  07-01-2016 example2(statement coverage) aretheypositive(int x, int y) {   if (x &gt;= 0)    print(“x is positive”);  else    print(“x is negative”);  if (y &gt;= 0)    print(“y is positive”);  else print(“y is negative”);}</slidetext><slidetext slideid="5qxtwIiP3pI.60hwGVVItyk" slidebank="false" type="slide">   ‹#›     hcl talentcare: confidential version: 1.0 release date:  07-01-2016 example2(statement coverage) following test set will give us statement coverage:t1 = {(x=12,y=5), (x= 1,y=35),(x=115,y=-13),(x=-91,y= 2)}there are smaller test cases which will give us statement coverage too:t2 = {(x=12,y= 5), (x= -1,y=-35)}</slidetext><slidetext slideid="5qxtwIiP3pI.6XT9y1Nm0vh" slidebank="false" type="slide">   ‹#›     hcl talentcare: confidential version: 1.0 release date:  07-01-2016 example3(statement coverage) read (x); read (y);if x &gt; 0 then 	write ("1");else 	write ("2");end if;if y &gt; 0 then 	write ("3");else 	write ("4");end if;</slidetext><slidetext slideid="5qxtwIiP3pI.5XyQ9XVgKkx" slidebank="false" type="slide">   ‹#›     hcl talentcare: confidential version: 1.0 release date:  07-01-2016 example3(statement coverage) {&lt;x = 2, y = 3&gt;, &lt;x = - 13, y = 51&gt;, &lt;x = 97, y = 17&gt;, &lt;x = - 1, y = - 1&gt;}covers all statements{&lt;x = - 13, y = 51&gt;, &lt;x = 2, y = - 3&gt;} is minimal</slidetext><slidetext slideid="5qxtwIiP3pI.6TCsSVDNADi" slidebank="false" type="slide">   ‹#›     hcl talentcare: confidential version: 1.0 release date:  07-01-2016 decision coverage decision coverage is also known as branch coverage or all-edges coverage.it covers both the true and false conditions.test coverage criteria requires enough test cases such that each condition in a decision takes on all possible outcomes at least once, and each point of entry to a program or subroutine is invoked at least once.  every branch (decision) taken each way, true and false. it helps in validating all the branches in the code making sure that no branch leads to abnormal behaviour of the application.</slidetext><slidetext slideid="5qxtwIiP3pI.5hqMpmsBcwC" slidebank="false" type="slide">   ‹#›     hcl talentcare: confidential version: 1.0 release date:  07-01-2016 decision coverage percentage of decision outcomes exercised by a test suite	number of decisions outcomes exercised x100      total number of decision outcomesexample:program has 120 decision outcomestests exercise 60 decision outcomesdecision coverage = 50% = </slidetext><slidetext slideid="5qxtwIiP3pI.5z5rEAiyCBz" slidebank="false" type="slide">   ‹#›     hcl talentcare: confidential version: 1.0 release date:  07-01-2016 example1(decision coverage) read x read yif x+y &gt; 100 then print “large” endif if x &gt; 50 then print “x is  large” endif</slidetext><slidetext slideid="5qxtwIiP3pI.5nx680vOzJX" slidebank="false" type="slide">   ‹#›     hcl talentcare: confidential version: 1.0 release date:  07-01-2016 decision coverage in branch coverage, the number of paths which will ensure covering of all the edges are checked.in this case there is no single path which will ensure coverage of  all the edges at one go. branch coverage: 2so it will cover all possible true/ false decisionsnote: 100% sc doesn’t mean 100% dc , 100% dc assures 100% sc   </slidetext><slidetext slideid="5qxtwIiP3pI.5Vwg7XX7dES" slidebank="false" type="slide">   ‹#›     hcl talentcare: confidential version: 1.0 release date:  07-01-2016 example2(decision coverage) read nameif name= “hcltalentcare” thenprint “hello hcltalentcare”end ifhow many test cases are needed for 100% statement coverage and 100% branch coverage?</slidetext><slidetext slideid="5qxtwIiP3pI.6DJhYP3Uibd" slidebank="false" type="slide">   ‹#›     hcl talentcare: confidential version: 1.0 release date:  07-01-2016 example2(decision coverage) statement coverage: 1decision coverage: 2</slidetext><slidetext slideid="5qxtwIiP3pI.5Yq3tdQ5EHa" slidebank="false" type="slide">   ‹#›     hcl talentcare: confidential version: 1.0 release date:  07-01-2016 cyclomatic complexity cyclomatic complexity is the measure of number of paths through code. it is measured using the following formula:cyclomatic complexity c = number of decision points (i.e. the decision boxes in flow diagram) + 1 wait reject card display “enter pin” valid pin?  valid pin? display pin invalid select transaction end           valid card?  valid card?</slidetext><slidetext slideid="5qxtwIiP3pI.6jRtwbUsw2X" slidebank="false" type="slide">   ‹#›     hcl talentcare: confidential version: 1.0 release date:  07-01-2016 cyclomatic complexity if a = 10 then  if b &gt; c then    a = b else   a = c endifendifprint aprint bprint cwhat is the cyclomatic complexity?</slidetext><slidetext slideid="5qxtwIiP3pI.6EldiI7lFGe" slidebank="false" type="slide">   ‹#›     hcl talentcare: confidential version: 1.0 release date:  07-01-2016 post session activity program x:&#xB;if a&gt;b then&#xB;  execute function _a()&#xB;else&#xB;  execute function _b()&#xB;end if&#xB;execute function _c()&#xB;&#xB;program y:&#xB;if d&gt;e then &#xB; execute function _d()&#xB;end if&#xB; execute function _e()&#xB;execute function _f()</slidetext><slidetext slideid="5qxtwIiP3pI.5yf3yORN9yQ" slidebank="false" type="slide">   ‹#›     hcl talentcare: confidential version: 1.0 release date:  07-01-2016 which one of the following is an incorrect statement about the programs?&#xB;&#xB;a. at least 2 test cases are needed to achieve 100% statement coverage of program x&#xB;b. at least 2 test cases are needed to achieve 100% decision coverage of program x&#xB;c. at least 2 test cases are needed to achieve 100% decision coverage of program y&#xB;d. at least 2 test cases are needed to achieve 100% statement coverage of program y post session activity</slidetext><slidetext slideid="5qxtwIiP3pI.5vr56q8dDE6" slidebank="false" type="slide">   ‹#›     hcl talentcare: confidential version: 1.0 release date:  07-01-2016 post session activity minimum test required for statement coverage:disc = 0order- qty = 0read order- qtyif order- qty &gt;=20 thendisc = 0.05if order-qty &gt;=100 thendisc =0.1end ifend if</slidetext><slidetext slideid="5qxtwIiP3pI.5r5ENmyrV8h" slidebank="false" type="slide">   ‹#›     hcl talentcare: confidential version: 1.0 release date:  07-01-2016 post session activity statement coverage -1</slidetext><slidetext slideid="5qxtwIiP3pI.67e6HwdzBRQ" slidebank="false" type="slide">   ‹#›     hcl talentcare: confidential version: 1.0 release date:  07-01-2016 pick up &amp; read the newspaperlook at what is on tv todayif there is an interesting program thenswitch on the tv &amp; watch the programotherwisecontinue reading the newspaperif there is a crossword present thentry &amp; complete the crosswordhow many test cases are required for statement and branch coverage post session activity</slidetext><slidetext slideid="5qxtwIiP3pI.5iiF7HvVClL" slidebank="false" type="slide">   ‹#›     hcl talentcare: confidential version: 1.0 release date:  07-01-2016 a. sc = 1 and dc = 1b. sc = 1 and dc = 2c. sc = 1 and dc = 3d. sc = 2 and dc = 2e. sc = 2 and dc = 3 post session activity</slidetext><slidetext slideid="5qxtwIiP3pI.6cmR36ZwLlO" slidebank="false" type="slide">   ‹#›     hcl talentcare: confidential version: 1.0 release date:  07-01-2016 for the following program, how many test cases are needed to achieve 100% decision coverage?                      if (p=q)                    {                       s=s+1;                        if (s&lt;5)                            {                                t=10;                             }                     }               else if (p&gt;q)                          {                                t=5;                            }  post session activity</slidetext><slidetext slideid="5qxtwIiP3pI.6oNpgaCEH4t" slidebank="false" type="slide">   ‹#›     hcl talentcare: confidential version: 1.0 release date:  07-01-2016 decision coverage=4 post session activity</slidetext><slidetext slideid="5qxtwIiP3pI.6X4r20aTONW" slidebank="false" type="slide">   ‹#›     hcl talentcare: confidential version: 1.0 release date:  07-01-2016 for the program below, how many test cases are required in order to achieve 100% statement coverage and 100% branch coverage? if a = 2 thendisplay_message x;if b = 5 then display_message y;else display_message z;else display message z; a)      statement coverage 4, branch coverage 3.b)      statement coverage 2, branch coverage 3.c)      statement coverage 3, branch coverage 3.d)     statement coverage 3, branch coverage 2. post session activity</slidetext><slidetext slideid="5qxtwIiP3pI.6n7hJYutQqN" slidebank="false" type="slide">   ‹#›     hcl talentcare: confidential version: 1.0 release date:  07-01-2016 a)      statement coverage 4, branch coverage 3.b)      statement coverage 2, branch coverage 3.c)      statement coverage 3, branch coverage 3.d)     statement coverage 3, branch coverage 2. post session activity</slidetext><slidetext slideid="5qxtwIiP3pI.5wfD6yzWYV9" slidebank="false" type="slide">   ‹#›     hcl talentcare: confidential version: 1.0 release date:  07-01-2016 for the program below, calculate the test cases needed to achieve 100% branch  coverage?             if (a &gt; b)                       {                 a = a +1;                }         else b = b + 1;                    while (a &gt; b)                    {                         y= x * y;                           x= x + 1;                      }                       post session activity</slidetext><slidetext slideid="5qxtwIiP3pI.65NRUzAkia4" slidebank="false" type="slide">   ‹#›     hcl talentcare: confidential version: 1.0 release date:  07-01-2016  a)      4b)      3c)      2d)     1                      post session activity</slidetext><slidetext slideid="5qxtwIiP3pI.6f3RZIjijiD" slidebank="false" type="slide">   ‹#›     hcl talentcare: confidential version: 1.0 release date:  07-01-2016  a)      4b)      3c)      2d)     1                      post session activity</slidetext><slidetext slideid="5qxtwIiP3pI.6nv7vfwC1z1" slidebank="false" type="slide">      this document contains information that is proprietary and confidential to hcl talentcare private limited and shall not be disclosed outside the recipient's company or duplicated, used or disclosed in whole or in part by the recipient for any purpose other than to evaluate this document. any other use or disclosure in whole or in part of this information without the express written permission of hcl talentcare private limited is prohibited. further, this document does not constitute a contract to perform servicesthe reader should not act upon the information contained in this document without obtaining specific professional advice. no representation or warranty (express or implied) is given as to the accuracy or completeness of the information contained in this presentation, and, to the extent permitted by law; hcl talentcare private limited, its consultants, its members, employees and agents accept no liability, and disclaim all responsibility, for the consequences of reader or anyone else acting, or refraining to act, in reliance on the information contained in this document or for any decision based on it. thank you  hcl talentcare: confidential version: 1.0 release date:  07-01-2016</slidetext></search></nav_data><resource_data description="" /><transcript_data><slidetranscripts><slidetranscript slideid="5qxtwIiP3pI.5yf3yORN9yQ" slidebank="false" type="slide" noteswf="presentation_content/notes/5yf3yORN9yQ.swf" notespng="mobile/notes/5yf3yORN9yQ.png">&lt;html&gt;&lt;p align='left'&gt;&lt;textformat leading='1' tabstops='[48, 96]' leftmargin='0' indent='0'&gt;&lt;font face='Microsoft Sans Serif' size='10.9933pt' color='#000000'&gt;Answer : D&lt;/font&gt;&lt;/textformat&gt;&lt;/p&gt;&lt;/html&gt;</slidetranscript><slidetranscript slideid="5qxtwIiP3pI.5vr56q8dDE6" slidebank="false" type="slide" noteswf="presentation_content/notes/5vr56q8dDE6.swf" notespng="mobile/notes/5vr56q8dDE6.png">&lt;html&gt;&lt;p align='left'&gt;&lt;textformat leading='1' tabstops='[48, 96]' leftmargin='0' indent='0'&gt;&lt;font face='Microsoft Sans Serif' size='10.9933pt' color='#000000'&gt;1 test case for complete statement coverage&lt;br&gt;We require 2 TC for DC&lt;br&gt;&lt;/font&gt;&lt;/textformat&gt;&lt;/p&gt;&lt;/html&gt;</slidetranscript><slidetranscript slideid="5qxtwIiP3pI.5r5ENmyrV8h" slidebank="false" type="slide" noteswf="presentation_content/notes/5r5ENmyrV8h.swf" notespng="mobile/notes/5r5ENmyrV8h.png">&lt;html&gt;&lt;p align='left'&gt;&lt;textformat leading='1' tabstops='[48, 96]' leftmargin='0' indent='0'&gt;&lt;font face='Microsoft Sans Serif' size='10.9933pt' color='#000000'&gt;1 test case for complete statement coverage&lt;br&gt;We require 2 TC for DC&lt;br&gt;&lt;/font&gt;&lt;/textformat&gt;&lt;/p&gt;&lt;/html&gt;</slidetranscript><slidetranscript slideid="5qxtwIiP3pI.67e6HwdzBRQ" slidebank="false" type="slide" noteswf="presentation_content/notes/67e6HwdzBRQ.swf" notespng="mobile/notes/67e6HwdzBRQ.png">&lt;html&gt;&lt;p align='left'&gt;&lt;textformat leading='1' tabstops='[48, 96]' leftmargin='0' indent='0'&gt;&lt;font face='Microsoft Sans Serif' size='10.9933pt' color='#000000'&gt;Here we need 2 test cases for statement coverage&lt;br&gt;1 test case for watching the TV&lt;br&gt;The other test case for crossword&lt;br&gt;DC-3 TC&lt;/font&gt;&lt;/textformat&gt;&lt;/p&gt;&lt;/html&gt;</slidetranscript><slidetranscript slideid="5qxtwIiP3pI.5iiF7HvVClL" slidebank="false" type="slide" noteswf="presentation_content/notes/5iiF7HvVClL.swf" notespng="mobile/notes/5iiF7HvVClL.png">&lt;html&gt;&lt;p align='left'&gt;&lt;textformat leading='1' tabstops='[48, 96]' leftmargin='0' indent='0'&gt;&lt;font face='Microsoft Sans Serif' size='10.9933pt' color='#000000'&gt;Here we need 2 test cases for statement coverage&lt;br&gt;1 test case for watching the TV&lt;br&gt;The other test case for crossword&lt;br&gt;DC-3 TC&lt;/font&gt;&lt;/textformat&gt;&lt;/p&gt;&lt;/html&gt;</slidetranscript><slidetranscript slideid="5qxtwIiP3pI.6cmR36ZwLlO" slidebank="false" type="slide" noteswf="presentation_content/notes/6cmR36ZwLlO.swf" notespng="mobile/notes/6cmR36ZwLlO.png">&lt;html&gt;&lt;p align='left'&gt;&lt;textformat leading='1' tabstops='[48, 96]' leftmargin='0' indent='0'&gt;&lt;font face='Microsoft Sans Serif' size='10.9933pt' color='#000000'&gt;we require 2 TC for SC&lt;br&gt;1 for executing the statements above the else statement&lt;br&gt;The other for executing the remaining 2 statements&lt;br&gt;DC-3&lt;br&gt;PC-3&lt;br&gt;&lt;br&gt;&lt;/font&gt;&lt;/textformat&gt;&lt;/p&gt;&lt;/html&gt;</slidetranscript><slidetranscript slideid="5qxtwIiP3pI.6oNpgaCEH4t" slidebank="false" type="slide" noteswf="presentation_content/notes/6oNpgaCEH4t.swf" notespng="mobile/notes/6oNpgaCEH4t.png">&lt;html&gt;&lt;p align='left'&gt;&lt;textformat leading='1' tabstops='[48, 96]' leftmargin='0' indent='0'&gt;&lt;font face='Microsoft Sans Serif' size='10.9933pt' color='#000000'&gt;we require 2 TC for SC&lt;br&gt;1 for executing the statements above the else statement&lt;br&gt;The other for executing the remaining 2 statements&lt;br&gt;DC-3&lt;br&gt;PC-3&lt;br&gt;&lt;br&gt;&lt;/font&gt;&lt;/textformat&gt;&lt;/p&gt;&lt;/html&gt;</slidetranscript><slidetranscript slideid="5qxtwIiP3pI.6X4r20aTONW" slidebank="false" type="slide" noteswf="presentation_content/notes/6X4r20aTONW.swf" notespng="mobile/notes/6X4r20aTONW.png">&lt;html&gt;&lt;p align='left'&gt;&lt;textformat leading='1' tabstops='[48, 96]' leftmargin='0' indent='0'&gt;&lt;font face='Microsoft Sans Serif' size='10.9933pt' color='#000000'&gt;we require 2 TC for SC&lt;br&gt;1 for executing the statements above the else statement&lt;br&gt;The other for executing the remaining 2 statements&lt;br&gt;DC-3&lt;br&gt;PC-3&lt;br&gt;&lt;br&gt;&lt;/font&gt;&lt;/textformat&gt;&lt;/p&gt;&lt;/html&gt;</slidetranscript><slidetranscript slideid="5qxtwIiP3pI.6n7hJYutQqN" slidebank="false" type="slide" noteswf="presentation_content/notes/6n7hJYutQqN.swf" notespng="mobile/notes/6n7hJYutQqN.png">&lt;html&gt;&lt;p align='left'&gt;&lt;textformat leading='1' tabstops='[48, 96]' leftmargin='0' indent='0'&gt;&lt;font face='Microsoft Sans Serif' size='10.9933pt' color='#000000'&gt;we require 2 TC for SC&lt;br&gt;1 for executing the statements above the else statement&lt;br&gt;The other for executing the remaining 2 statements&lt;br&gt;DC-3&lt;br&gt;PC-3&lt;br&gt;&lt;br&gt;&lt;/font&gt;&lt;/textformat&gt;&lt;/p&gt;&lt;/html&gt;</slidetranscript><slidetranscript slideid="5qxtwIiP3pI.5wfD6yzWYV9" slidebank="false" type="slide" noteswf="presentation_content/notes/5wfD6yzWYV9.swf" notespng="mobile/notes/5wfD6yzWYV9.png">&lt;html&gt;&lt;p align='left'&gt;&lt;textformat leading='1' tabstops='[48, 96]' leftmargin='0' indent='0'&gt;&lt;font face='Microsoft Sans Serif' size='10.9933pt' color='#000000'&gt;we require 2 TC for SC&lt;br&gt;1 for executing the statements above the else statement&lt;br&gt;The other for executing the remaining 2 statements&lt;br&gt;DC-3&lt;br&gt;PC-3&lt;br&gt;&lt;br&gt;&lt;/font&gt;&lt;/textformat&gt;&lt;/p&gt;&lt;/html&gt;</slidetranscript><slidetranscript slideid="5qxtwIiP3pI.65NRUzAkia4" slidebank="false" type="slide" noteswf="presentation_content/notes/65NRUzAkia4.swf" notespng="mobile/notes/65NRUzAkia4.png">&lt;html&gt;&lt;p align='left'&gt;&lt;textformat leading='1' tabstops='[48, 96]' leftmargin='0' indent='0'&gt;&lt;font face='Microsoft Sans Serif' size='10.9933pt' color='#000000'&gt;we require 2 TC for SC&lt;br&gt;1 for executing the statements above the else statement&lt;br&gt;The other for executing the remaining 2 statements&lt;br&gt;DC-3&lt;br&gt;PC-3&lt;br&gt;&lt;br&gt;&lt;/font&gt;&lt;/textformat&gt;&lt;/p&gt;&lt;/html&gt;</slidetranscript><slidetranscript slideid="5qxtwIiP3pI.6f3RZIjijiD" slidebank="false" type="slide" noteswf="presentation_content/notes/6f3RZIjijiD.swf" notespng="mobile/notes/6f3RZIjijiD.png">&lt;html&gt;&lt;p align='left'&gt;&lt;textformat leading='1' tabstops='[48, 96]' leftmargin='0' indent='0'&gt;&lt;font face='Microsoft Sans Serif' size='10.9933pt' color='#000000'&gt;we require 2 TC for SC&lt;br&gt;1 for executing the statements above the else statement&lt;br&gt;The other for executing the remaining 2 statements&lt;br&gt;DC-3&lt;br&gt;PC-3&lt;br&gt;&lt;br&gt;&lt;/font&gt;&lt;/textformat&gt;&lt;/p&gt;&lt;/html&gt;</slidetranscript></slidetranscripts></transcript_data><glossary_data /></bwFrame>