<?xml version="1.0" encoding="utf-8"?>
<manifest identifier="_4Dzg5wvNhFI_course_id" version="1.0" xmlns="http://www.imsproject.org/xsd/imscp_rootv1p1p2" xmlns:adlcp="http://www.adlnet.org/xsd/adlcp_rootv1p2" xmlns:xsi="http://www.w3.org/2001/XMLSchema-instance" xsi:schemaLocation="http://www.imsproject.org/xsd/imscp_rootv1p1p2 imscp_rootv1p1p2.xsd http://www.imsglobal.org/xsd/imsmd_rootv1p2p1 imsmd_rootv1p2p1.xsd http://www.adlnet.org/xsd/adlcp_rootv1p2 adlcp_rootv1p2.xsd">
  <metadata>
    <schema>ADL SCORM</schema>
    <schemaversion>1.2</schemaversion>
    <lom xmlns="http://www.imsglobal.org/xsd/imsmd_rootv1p2p1" xmlns:xsi="http://www.w3.org/2001/XMLSchema-instance" xsi:schemaLocation="http://www.imsglobal.org/xsd/imsmd_rootv1p2p1 imsmd_rootv1p2p1.xsd">
      <general>
        <title>
          <langstring xml:lang="x-none">FunctionalTesting-Part1</langstring>
        </title>
      </general>
      <lifecycle>
        <version>
          <langstring xml:lang="x-none">1</langstring>
        </version>
        <status>
          <source>
            <langstring xml:lang="x-none">LOMv1.0</langstring>
          </source>
          <value>
            <langstring xml:lang="x-none">Final</langstring>
          </value>
        </status>
      </lifecycle>
      <metametadata>
        <metadatascheme>ADL SCORM 1.2</metadatascheme>
      </metametadata>
      <educational>
        <typicallearningtime>
          <datetime>PT0H0M0S</datetime>
        </typicallearningtime>
      </educational>
      <rights>
        <cost>
          <source>
            <langstring xml:lang="x-none">LOMv1.0</langstring>
          </source>
          <value>
            <langstring xml:lang="x-none">yes</langstring>
          </value>
        </cost>
        <copyrightandotherrestrictions>
          <source>
            <langstring xml:lang="x-none">LOMv1.0</langstring>
          </source>
          <value>
            <langstring xml:lang="x-none">yes</langstring>
          </value>
        </copyrightandotherrestrictions>
      </rights>
    </lom>
  </metadata>
  <organizations default="FunctionalTesting-Part1_ORG">
    <organization identifier="FunctionalTesting-Part1_ORG">
      <title>FunctionalTesting-Part1</title>
      <item identifier="FunctionalTesting-Part1_SCO" isvisible="true" identifierref="__4Dzg5wvNhFI_course_id_RES">
        <title>FunctionalTesting-Part1</title>
      </item>
    </organization>
  </organizations>
  <resources>
    <resource identifier="__4Dzg5wvNhFI_course_id_RES" type="webcontent" href="index_lms.html" adlcp:scormtype="sco">
      <file href="presentation_content/thumbnail.jpg" />
      <file href="presentation_content/5mSkTXKbJnj_d11_HCLTemplatecl465_TitleSlideshp14_80_DX1440_DY1440.swf" />
      <file href="mobile/5mSkTXKbJnj_d11_HCLTemplatecl465_TitleSlideshp14_80_DX1440_DY1440_CX720_CY278.png" />
      <file href="presentation_content/5mSkTXKbJnj_d11_HCLTemplatecl465_TitleSlideshp2_80_DX1440_DY1440.swf" />
      <file href="mobile/5mSkTXKbJnj_d11_HCLTemplatecl465_TitleSlideshp2_80_DX1440_DY1440_CX720_CY21.png" />
      <file href="presentation_content/5mSkTXKbJnj_d11_HCLTemplatecl465_TitleSlideshp15_80_DX1116_DY1116.swf" />
      <file href="mobile/5mSkTXKbJnj_d11_HCLTemplatecl465_TitleSlideshp15_80_DX1116_DY1116_CX558_CY76.png" />
      <file href="presentation_content/5mSkTXKbJnj_63ubi3M1wyR_80_DX216_DY216.swf" />
      <file href="mobile/5mSkTXKbJnj_63ubi3M1wyR_80_DX216_DY216_CX108_CY38.png" />
      <file href="presentation_content/5mSkTXKbJnj_d11_HCLTemplatesmshp19_80_DX1116_DY1116.swf" />
      <file href="mobile/5mSkTXKbJnj_d11_HCLTemplatesmshp19_80_DX1116_DY1116_CX558_CY76.png" />
      <file href="presentation_content/5mSkTXKbJnj_5vwKkg7F20G_80_DX216_DY216.swf" />
      <file href="mobile/5mSkTXKbJnj_5vwKkg7F20G_80_DX216_DY216_CX108_CY38.png" />
      <file href="presentation_content/5mSkTXKbJnj_6eAiaTqCBkB_80_DX1350_DY1350.swf" />
      <file href="mobile/5mSkTXKbJnj_6eAiaTqCBkB_80_DX1350_DY1350_CX675_CY262.png" />
      <file href="presentation_content/5mSkTXKbJnj_6jUkqq4CSKv_80_DX216_DY216.swf" />
      <file href="mobile/5mSkTXKbJnj_6jUkqq4CSKv_80_DX216_DY216_CX108_CY38.png" />
      <file href="presentation_content/5mSkTXKbJnj_5tO5QYM1JS5_80_DX1350_DY1350.swf" />
      <file href="mobile/5mSkTXKbJnj_5tO5QYM1JS5_80_DX1350_DY1350_CX675_CY262.png" />
      <file href="presentation_content/5mSkTXKbJnj_6eaTDuFAYWI_80_DX216_DY216.swf" />
      <file href="mobile/5mSkTXKbJnj_6eaTDuFAYWI_80_DX216_DY216_CX108_CY38.png" />
      <file href="presentation_content/5mSkTXKbJnj_6jNdK7ZgiOq_80_DX1350_DY1350.swf" />
      <file href="mobile/5mSkTXKbJnj_6jNdK7ZgiOq_80_DX1350_DY1350_CX675_CY262.png" />
      <file href="presentation_content/5mSkTXKbJnj_6CGkO3twPwU_80_DX216_DY216.swf" />
      <file href="mobile/5mSkTXKbJnj_6CGkO3twPwU_80_DX216_DY216_CX108_CY38.png" />
      <file href="presentation_content/5mSkTXKbJnj_6JkxHoEOIqz_80_DX1350_DY1350.swf" />
      <file href="mobile/5mSkTXKbJnj_6JkxHoEOIqz_80_DX1350_DY1350_CX675_CY262.png" />
      <file href="presentation_content/5mSkTXKbJnj_68fuMP7YazF_80_DX216_DY216.swf" />
      <file href="mobile/5mSkTXKbJnj_68fuMP7YazF_80_DX216_DY216_CX108_CY38.png" />
      <file href="presentation_content/5mSkTXKbJnj_6YrjD1EaJlm_80_DX1350_DY1350.swf" />
      <file href="mobile/5mSkTXKbJnj_6YrjD1EaJlm_80_DX1350_DY1350_CX675_CY262.png" />
      <file href="presentation_content/5mSkTXKbJnj_5eXIk3SYF9G_80_DX216_DY216.swf" />
      <file href="mobile/5mSkTXKbJnj_5eXIk3SYF9G_80_DX216_DY216_CX108_CY38.png" />
      <file href="presentation_content/5mSkTXKbJnj_5wW8YSh7QWm_80_DX1350_DY1350.swf" />
      <file href="mobile/5mSkTXKbJnj_5wW8YSh7QWm_80_DX1350_DY1350_CX675_CY262.png" />
      <file href="presentation_content/5mSkTXKbJnj_6jA0VTVfyIy_80_DX216_DY216.swf" />
      <file href="mobile/5mSkTXKbJnj_6jA0VTVfyIy_80_DX216_DY216_CX108_CY38.png" />
      <file href="presentation_content/5mSkTXKbJnj_69WeUkX8wMy_80_DX1350_DY1350.swf" />
      <file href="mobile/5mSkTXKbJnj_69WeUkX8wMy_80_DX1350_DY1350_CX675_CY262.png" />
      <file href="presentation_content/5mSkTXKbJnj_5Z6pj8KGNwU_80_DX216_DY216.swf" />
      <file href="mobile/5mSkTXKbJnj_5Z6pj8KGNwU_80_DX216_DY216_CX108_CY38.png" />
      <file href="presentation_content/5mSkTXKbJnj_6dzbd6QwpE0_80_DX1350_DY1350.swf" />
      <file href="mobile/5mSkTXKbJnj_6dzbd6QwpE0_80_DX1350_DY1350_CX675_CY262.png" />
      <file href="presentation_content/5mSkTXKbJnj_sl678shp7_80_DX764_DY764.swf" />
      <file href="mobile/5mSkTXKbJnj_sl678shp7_80_DX764_DY764_CX382_CY60.png" />
      <file href="presentation_content/5mSkTXKbJnj_6FFv3koPzkQ_80_DX216_DY216.swf" />
      <file href="mobile/5mSkTXKbJnj_6FFv3koPzkQ_80_DX216_DY216_CX108_CY38.png" />
      <file href="presentation_content/5mSkTXKbJnj_6Mpjdmkumkc_80_DX1350_DY1350.swf" />
      <file href="mobile/5mSkTXKbJnj_6Mpjdmkumkc_80_DX1350_DY1350_CX675_CY262.png" />
      <file href="presentation_content/5mSkTXKbJnj_5tCVKRCpe1X_80_DX216_DY216.swf" />
      <file href="mobile/5mSkTXKbJnj_5tCVKRCpe1X_80_DX216_DY216_CX108_CY38.png" />
      <file href="presentation_content/5mSkTXKbJnj_6cyRRHEqm1x_80_DX1350_DY1350.swf" />
      <file href="mobile/5mSkTXKbJnj_6cyRRHEqm1x_80_DX1350_DY1350_CX675_CY262.png" />
      <file href="presentation_content/5mSkTXKbJnj_6K5pBQEE2dG_80_DX216_DY216.swf" />
      <file href="mobile/5mSkTXKbJnj_6K5pBQEE2dG_80_DX216_DY216_CX108_CY38.png" />
      <file href="presentation_content/5mSkTXKbJnj_6WwaG5xZog1_80_DX1350_DY1350.swf" />
      <file href="mobile/5mSkTXKbJnj_6WwaG5xZog1_80_DX1350_DY1350_CX675_CY262.png" />
      <file href="presentation_content/5mSkTXKbJnj_sl683shp4_80_DX1276_DY1276.swf" />
      <file href="mobile/5mSkTXKbJnj_sl683shp4_80_DX1276_DY1276_CX638_CY186.png" />
      <file href="presentation_content/5mSkTXKbJnj_6YyruCzZQCu_80_DX216_DY216.swf" />
      <file href="mobile/5mSkTXKbJnj_6YyruCzZQCu_80_DX216_DY216_CX108_CY38.png" />
      <file href="presentation_content/5mSkTXKbJnj_6NFwlHEUbgw_80_DX1350_DY1350.swf" />
      <file href="mobile/5mSkTXKbJnj_6NFwlHEUbgw_80_DX1350_DY1350_CX675_CY262.png" />
      <file href="presentation_content/5mSkTXKbJnj_5y5j3AqnqCU_80_DX216_DY216.swf" />
      <file href="mobile/5mSkTXKbJnj_5y5j3AqnqCU_80_DX216_DY216_CX108_CY38.png" />
      <file href="meta.xml" />
      <file href="mobile/6UBQ05Yqk53.jpg" />
      <file href="presentation_content/logo.swf" />
      <file href="presentation_content/frame.xml" />
      <file href="presentation_content/frame.js" />
      <file href="presentation_content/user.js" />
      <file href="presentation_unsupported.html" />
      <file href="mobile/Slide5mSkTXKbJnj_d1sm.jpg" />
      <file href="mobile/app_store.png" />
      <file href="mobile/linen_background.jpg" />
      <file href="mobile/mobile_icon.png" />
      <file href="mobile/player.css" />
      <file href="mobile/player_compiled.js" />
      <file href="presentation_content/fonts.swf" />
      <file href="mobile/fonts.js" />
      <file href="presentation.swf" />
      <file href="presentation_content/frame.swf" />
      <file href="presentation_content/slides/6oiLRBMkmIw.swf" />
      <file href="mobile/slides/6oiLRBMkmIw.js" />
      <file href="presentation_content/slides/5u5PXs3L6pw.swf" />
      <file href="mobile/slides/5u5PXs3L6pw.js" />
      <file href="presentation_content/slides/5kU2fzMeSlF.swf" />
      <file href="mobile/slides/5kU2fzMeSlF.js" />
      <file href="presentation_content/slides/5serQlNHGDI.swf" />
      <file href="mobile/slides/5serQlNHGDI.js" />
      <file href="presentation_content/slides/6jOmo5dfPK0.swf" />
      <file href="mobile/slides/6jOmo5dfPK0.js" />
      <file href="presentation_content/slides/6MRB3Zasued.swf" />
      <file href="mobile/slides/6MRB3Zasued.js" />
      <file href="presentation_content/slides/5z95wGBmmh2.swf" />
      <file href="mobile/slides/5z95wGBmmh2.js" />
      <file href="presentation_content/slides/5amOl3mOOts.swf" />
      <file href="mobile/slides/5amOl3mOOts.js" />
      <file href="presentation_content/slides/5em2QLjUuCF.swf" />
      <file href="mobile/slides/5em2QLjUuCF.js" />
      <file href="presentation_content/slides/6HjJoKpth30.swf" />
      <file href="mobile/slides/6HjJoKpth30.js" />
      <file href="presentation_content/slides/6GvdBYuD9Xe.swf" />
      <file href="mobile/slides/6GvdBYuD9Xe.js" />
      <file href="presentation_content/slides/5mR8phb3Ytc.swf" />
      <file href="mobile/slides/5mR8phb3Ytc.js" />
      <file href="presentation_content/slides/5yIdsgT4DoQ.swf" />
      <file href="mobile/slides/5yIdsgT4DoQ.js" />
      <file href="presentation_content/slides/5WoHcvpSScU.swf" />
      <file href="mobile/slides/5WoHcvpSScU.js" />
      <file href="presentation_content/data.swf" />
      <file href="mobile/data.js" />
      <file href="mobile/masks.js" />
      <file href="presentation.html" />
      <file href="presentation_html5.html" />
      <file href="index_lms_html5.html" />
      <file href="presentation_content/blank.html" />
      <file href="presentation_content/presentation.js" />
      <file href="index_lms.html" />
      <file href="lms/AICCComm.html" />
      <file href="lms/AICCFunctions.js" />
      <file href="lms/API.js" />
      <file href="lms/APIConstants.js" />
      <file href="lms/blank.html" />
      <file href="lms/browsersniff.js" />
      <file href="lms/Configuration.js" />
      <file href="lms/goodbye.html" />
      <file href="lms/lms.js" />
      <file href="lms/LMSAPI.js" />
      <file href="lms/NONEFunctions.js" />
      <file href="lms/SCORM2004Functions.js" />
      <file href="lms/SCORMFunctions.js" />
      <file href="lms/UtilityFunctions.js" />
    </resource>
  </resources>
</manifest>