<?xml version="1.0" encoding="utf-8"?><bwFrame xmlns:xsi="http://www.w3.org/2001/XMLSchema-instance" xmlns:xsd="http://www.w3.org/2001/XMLSchema" default_layout="pxnsnfns01001000010" textdirection="ltr" device="false" kbshortcuts="true" outputtype="ap"><layouts><layout name="pxnsnfns01001000010" font="Articulate" controllayout="pxnsnfns01001000010" colorscheme="pxnsnfns01001000010" string_table="pxnsnfns01001000010" /></layouts><control_options><optiongroups><optiongroup name="sidebaroptions"><options><option name="title_enabled" value="true"><options><option name="title_text" value="TestPlanning" /></options></option><option name="logo_enabled" value="true"><options><option name="logo_url" value="presentation_content/logo.swf"><properties><property name="width" value="218" /><property name="height" value="123" /></properties></option><option name="html5_logo_url" value="mobile/69rfxD2eYu8.jpg" /></options></option><option name="sidebar_enabled" value="true"><options><option name="sidebarpos" value="left" /></options></option><optionlist name="tabs"><listitems><listitem name="resources" value="false" group="linkright" /><listitem name="customlink" value="true" group="linkright"><properties><property name="title" value="Exit" /><property name="data" value="5ptUFiw6aSc" /><property name="ignoreSlideLock" value="true" /></properties></listitem><listitem name="outline" value="true" group="sidebar" /><listitem name="glossary" value="false" group="sidebar" /><listitem name="transcript" value="false" group="sidebar" /></listitems></optionlist><option name="time_enabled" value="false"><options><option name="time_format" value="totalelapsed" /></options></option><option name="info_enabled" value="false"><options><option name="default" value="default" /></options></option><option name="video_enabled" value="false"><options><option name="height" value="135" /></options></option></options></optiongroup><optiongroup name="menuoptions"><options><option name="flow" value="free" /><option name="wraplistitems" value="false" /><option name="tooltips" value="true" /><option name="autocollapse" value="true" /><option name="autonumber" value="true" /><option name="levelbehavior" value="reached" /><option name="levelrestriction" value="unrestricted" /><option name="enableresultsicons" value="false" /></options></optiongroup><optiongroup name="controls"><options><option name="volume" value="false" /><option name="seekbar" value="false"><options><option name="readonly" value="false" /></options></option><option name="search" value="true" /><option name="replay" value="false" /><option name="pauseplay" value="false" /><option name="enableKeyboardShortcuts" value="true" /><option name="elapsedandtotaltime" value="true" /><option name="use_fixed_output_size" value="true" /><option name="output_size_scale_percent" value="100" /></options></optiongroup><optiongroup name="bottombaroptions"><options><option name="bottombar_enabled" value="true" /></options></optiongroup></optiongroups></control_options><control_layouts><control_layout name="pxnsnfns01001000010"><control name="volume" enabled="false" /><control name="seekbar" enabled="false" /><control name="replay" enabled="false" /><control name="pauseplay" enabled="false" /><control name="logo" enabled="true" /><control name="previous" enabled="true" /><control name="next" enabled="true" /><control name="submit" enabled="false" /><control name="finish" enabled="false" /><control name="submitall" enabled="false" /><control name="resources" enabled="false" /><control name="glossary" enabled="false" /><control name="transcript" enabled="false" /><control name="outline" enabled="true"><controls><control name="search" enabled="true" /></controls></control><control name="close_btn" enabled="false" /></control_layout></control_layouts><colorschemes><colorscheme name="pxnsnfns01001000010"><color_group name="infopanel"><group_colors><color name="link_text"><fill type="linear" rotation="90"><colors><color rgb="0x7C2280" alpha="100" stop="0" /></colors></fill></color><color name="link_hover"><fill type="linear" rotation="90"><colors><color rgb="0x0000EE" alpha="100" stop="0" /></colors></fill></color><color name="bg"><fill type="linear" rotation="90"><colors><color rgb="0xFFFFFF" alpha="100" stop="0" /></colors></fill></color><color name="shadow"><fill type="linear" rotation="90"><colors><color rgb="0xB8B8B8" alpha="100" stop="0" /></colors></fill></color><color name="name_text"><fill type="linear" rotation="90"><colors><color rgb="0x444444" alpha="100" stop="0" /></colors></fill></color><color name="title_text"><fill type="linear" rotation="90"><colors><color rgb="0x999999" alpha="100" stop="0" /></colors></fill></color></group_colors></color_group><color_group name="infopanelpopup"><group_colors><color name="link_text"><fill type="linear" rotation="90"><colors><color rgb="0x7C2280" alpha="100" stop="0" /></colors></fill></color><color name="link_hover"><fill type="linear" rotation="90"><colors><color rgb="0x0000EE" alpha="100" stop="0" /></colors></fill></color><color name="bg"><fill type="linear" rotation="90"><colors><color rgb="0xE9E9E9" alpha="100" stop="0" /><color rgb="0xCFCFCF" alpha="100" stop="255" /></colors></fill></color><color name="shadow"><fill type="linear" rotation="90"><colors><color rgb="0xB8B8B8" alpha="100" stop="0" /></colors></fill></color><color name="name_text"><fill type="linear" rotation="90"><colors><color rgb="0x444444" alpha="100" stop="0" /></colors></fill></color><color name="bio_text"><fill type="linear" rotation="90"><colors><color rgb="0x999999" alpha="100" stop="0" /></colors></fill></color></group_colors></color_group><color_group name="timer"><group_colors><color name="duration"><fill type="linear" rotation="90"><colors><color rgb="0x00D7FF" alpha="100" stop="0" /><color rgb="0x00ABFF" alpha="100" stop="255" /></colors></fill></color><color name="elapsed"><fill type="linear" rotation="90"><colors><color rgb="0xFEE347" alpha="100" stop="0" /><color rgb="0xFCCC2A" alpha="100" stop="255" /></colors></fill></color><color name="stroke"><fill type="linear" rotation="90"><colors><color rgb="0xC7C7C7" alpha="100" stop="0" /></colors></fill></color><color name="inner"><fill type="linear" rotation="90"><colors><color rgb="0xFFFFFF" alpha="100" stop="0" /></colors></fill></color><color name="text"><fill type="linear" rotation="90"><colors><color rgb="0x555555" alpha="100" stop="0" /></colors></fill></color></group_colors></color_group><color_group name="window"><group_colors><color name="text"><fill type="linear" rotation="90"><colors><color rgb="0x555555" alpha="100" stop="0" /></colors></fill></color><color name="inner"><fill type="linear" rotation="90"><colors><color rgb="0xEAEAEA" alpha="100" stop="0" /><color rgb="0xCFCFCF" alpha="100" stop="255" /></colors></fill></color><color name="bg"><fill type="linear" rotation="90"><colors><color rgb="0xF3F3F3" alpha="100" stop="0" /></colors></fill></color><color name="diva"><fill type="linear" rotation="90"><colors><color rgb="0xF7F7F7" alpha="100" stop="0" /></colors></fill></color><color name="divb"><fill type="linear" rotation="90"><colors><color rgb="0xD3D3D3" alpha="100" stop="0" /></colors></fill></color><color name="shadow"><fill type="linear" rotation="90"><colors><color rgb="0x000000" alpha="20" stop="0" /></colors></fill></color></group_colors></color_group><color_group name="editor"><group_colors><color name="slide_text"><fill type="linear" rotation="90"><colors><color rgb="0x555555" alpha="100" stop="0" /></colors></fill></color><color name="html_text"><fill type="linear" rotation="90"><colors><color rgb="0x444444" alpha="100" stop="0" /></colors></fill></color><color name="btn_bg"><fill type="linear" rotation="90"><colors><color rgb="0xF5F5F5" alpha="100" stop="0" /><color rgb="0xC7C7C7" alpha="100" stop="255" /></colors></fill></color><color name="btn_hover"><fill type="linear" rotation="90"><colors><color rgb="0xF2F2F2" alpha="100" stop="0" /><color rgb="0xAFAFAF" alpha="100" stop="255" /></colors></fill></color><color name="btn_down"><fill type="linear" rotation="90"><colors><color rgb="0xC7C7C7" alpha="100" stop="0" /><color rgb="0xF4F4F4" alpha="100" stop="255" /></colors></fill></color><color name="btn_border"><fill type="linear" rotation="90"><colors><color rgb="0xB1B1B1" alpha="100" stop="0" /></colors></fill></color><color name="btn_text"><fill type="linear" rotation="90"><colors><color rgb="0x353535" alpha="100" stop="0" /></colors></fill></color><color name="btn_text_shadow"><fill type="linear" rotation="90"><colors><color rgb="0xF0F0F0" alpha="100" stop="0" /></colors></fill></color></group_colors></color_group><color_group name="listitem"><group_colors><color name="selected_text"><fill type="linear" rotation="90"><colors><color rgb="0x353535" alpha="100" stop="0" /></colors></fill></color><color name="lines"><fill type="linear" rotation="90"><colors><color rgb="0xDFDFDF" alpha="100" stop="0" /></colors></fill></color><color name="hover"><fill type="linear" rotation="90"><colors><color rgb="0xE6E6E6" alpha="100" stop="0" /></colors></fill></color><color name="viewed"><fill type="linear" rotation="90"><colors><color rgb="0x909090" alpha="100" stop="0" /></colors></fill></color><color name="text"><fill type="linear" rotation="90"><colors><color rgb="0x353535" alpha="100" stop="0" /></colors></fill></color><color name="selected"><fill type="linear" rotation="90"><colors><color rgb="0xC0E2F1" alpha="100" stop="0" /></colors></fill></color><color name="shadow"><fill type="linear" rotation="90"><colors><color rgb="0xFFFFFF" alpha="100" stop="0" /></colors></fill></color></group_colors></color_group><color_group name="base"><group_colors><color name="text"><fill type="linear" rotation="90"><colors><color rgb="0x555555" alpha="100" stop="0" /></colors></fill></color><color name="diva"><fill type="linear" rotation="90"><colors><color rgb="0xD3D3D3" alpha="100" stop="0" /></colors></fill></color><color name="divb"><fill type="linear" rotation="90"><colors><color rgb="0xF7F7F7" alpha="100" stop="0" /></colors></fill></color><color name="bg"><fill type="linear" rotation="90"><colors><color rgb="0xE9E9E9" alpha="100" stop="0" /><color rgb="0xCFCFCF" alpha="100" stop="255" /></colors></fill></color><color name="border"><fill type="linear" rotation="90"><colors><color rgb="0xE9E9E9" alpha="100" stop="0" /><color rgb="0xF3F3F3" alpha="100" stop="255" /></colors></fill></color><color name="menu_shade"><fill type="linear" rotation="90"><colors><color rgb="0xDBDBDB" alpha="100" stop="0" /><color rgb="0xC3C3C3" alpha="100" stop="255" /></colors></fill></color><color name="slide_bg"><fill type="linear" rotation="90"><colors><color rgb="0xE9E9E9" alpha="100" stop="0" /><color rgb="0xCFCFCF" alpha="100" stop="255" /></colors></fill></color></group_colors></color_group><color_group name="button"><group_colors><color name="btn_bg"><fill type="linear" rotation="90"><colors><color rgb="0xF5F5F5" alpha="100" stop="0" /><color rgb="0xC7C7C7" alpha="100" stop="255" /></colors></fill></color><color name="btn_hover"><fill type="linear" rotation="90"><colors><color rgb="0xF2F2F2" alpha="100" stop="0" /><color rgb="0xAFAFAF" alpha="100" stop="255" /></colors></fill></color><color name="btn_down"><fill type="linear" rotation="90"><colors><color rgb="0xC7C7C7" alpha="100" stop="0" /><color rgb="0xF4F4F4" alpha="100" stop="255" /></colors></fill></color><color name="btn_border"><fill type="linear" rotation="90"><colors><color rgb="0xB1B1B1" alpha="100" stop="0" /></colors></fill></color><color name="btn_text"><fill type="linear" rotation="90"><colors><color rgb="0x353535" alpha="100" stop="0" /></colors></fill></color><color name="btn_text_shadow"><fill type="linear" rotation="90"><colors><color rgb="0xF0F0F0" alpha="100" stop="0" /></colors></fill></color><color name="btn_icon_color"><fill type="linear" rotation="90"><colors><color rgb="0x353535" alpha="100" stop="0" /></colors></fill></color><color name="btn_glow"><fill type="linear" rotation="90"><colors><color rgb="0xCFCFCF" alpha="100" stop="0" /></colors></fill></color></group_colors></color_group><color_group name="checkbox"><group_colors><color name="border"><fill type="linear" rotation="90"><colors><color rgb="0xB8B8B8" alpha="100" stop="0" /></colors></fill></color><color name="bg"><fill type="linear" rotation="90"><colors><color rgb="0xFFFFFF" alpha="100" stop="0" /></colors></fill></color><color name="check"><fill type="linear" rotation="90"><colors><color rgb="0x33CC00" alpha="100" stop="0" /></colors></fill></color><color name="text"><fill type="linear" rotation="90"><colors><color rgb="0x444444" alpha="100" stop="0" /></colors></fill></color><color name="hover"><fill type="linear" rotation="90"><colors><color rgb="0x6BF8FF" alpha="100" stop="0" /></colors></fill></color></group_colors></color_group><color_group name="logo"><group_colors><color name="bg"><fill type="linear" rotation="90"><colors><color rgb="0xFFFFFF" alpha="100" stop="0" /></colors></fill></color><color name="shadow"><fill type="linear" rotation="90"><colors><color rgb="0xB8B8B8" alpha="100" stop="0" /></colors></fill></color></group_colors></color_group><color_group name="menu"><group_colors><color name="bg"><fill type="linear" rotation="90"><colors><color rgb="0xF3F3F3" alpha="100" stop="0" /></colors></fill></color><color name="shadow"><fill type="linear" rotation="90"><colors><color rgb="0xB8B8B8" alpha="100" stop="0" /></colors></fill></color></group_colors></color_group><color_group name="scrollarea"><group_colors><color name="bg"><fill type="linear" rotation="0"><colors><color rgb="0xDEDEDE" alpha="100" stop="0" /><color rgb="0xE8E8E8" alpha="100" stop="128" /></colors></fill></color><color name="border"><fill type="linear" rotation="90"><colors><color rgb="0xF6F6F6" alpha="100" stop="0" /><color rgb="0xF3F3F3" alpha="100" stop="255" /></colors></fill></color><color name="button_bg"><fill type="linear" rotation="90"><colors><color rgb="0xC4C4C4" alpha="100" stop="0" /><color rgb="0xB2B2B2" alpha="100" stop="255" /></colors></fill></color><color name="button_inner"><fill type="linear" rotation="90"><colors><color rgb="0xCBCBCB" alpha="100" stop="0" /><color rgb="0xBABABA" alpha="100" stop="255" /></colors></fill></color><color name="button_border"><fill type="linear" rotation="90"><colors><color rgb="0xB8B8B8" alpha="100" stop="0" /></colors></fill></color><color name="icons"><fill type="linear" rotation="90"><colors><color rgb="0x555555" alpha="100" stop="0" /></colors></fill></color><color name="shadow"><fill type="linear" rotation="90"><colors><color rgb="0xD9D9D9" alpha="100" stop="0" /></colors></fill></color><color name="detaila"><fill type="linear" rotation="90"><colors><color rgb="0xA7A7A7" alpha="100" stop="0" /></colors></fill></color><color name="detailb"><fill type="linear" rotation="90"><colors><color rgb="0xCFCFCF" alpha="100" stop="0" /></colors></fill></color></group_colors></color_group><color_group name="searchinput"><group_colors><color name="bg"><fill type="linear" rotation="90"><colors><color rgb="0xDFDFDF" alpha="100" stop="0" /></colors></fill></color><color name="border"><fill type="linear" rotation="90"><colors><color rgb="0xADADAD" alpha="100" stop="0" /><color rgb="0xFAFAFA" alpha="100" stop="255" /></colors></fill></color><color name="icon"><fill type="linear" rotation="90"><colors><color rgb="0x8A8A8A" alpha="100" stop="0" /></colors></fill></color><color name="button_hover"><fill type="linear" rotation="90"><colors><color rgb="0xF5F5F5" alpha="100" stop="0" /><color rgb="0xC7C7C7" alpha="100" stop="255" /></colors></fill></color><color name="hover_glow"><fill type="linear" rotation="90"><colors><color rgb="0x6BF8FF" alpha="100" stop="0" /></colors></fill></color><color name="search_text"><fill type="linear" rotation="90"><colors><color rgb="0x8A8A8A" alpha="100" stop="0" /></colors></fill></color><color name="bg_active"><fill type="linear" rotation="90"><colors><color rgb="0xFAFAFA" alpha="100" stop="0" /></colors></fill></color><color name="text_active"><fill type="linear" rotation="90"><colors><color rgb="0x333333" alpha="100" stop="0" /></colors></fill></color></group_colors></color_group><color_group name="seekcontrol"><group_colors><color name="bg"><fill type="linear" rotation="90"><colors><color rgb="0xF5F5F5" alpha="100" stop="0" /><color rgb="0xC7C7C7" alpha="100" stop="255" /></colors></fill></color><color name="border"><fill type="linear" rotation="90"><colors><color rgb="0xB1B1B1" alpha="100" stop="0" /></colors></fill></color><color name="seek_border"><fill type="linear" rotation="90"><colors><color rgb="0xB8B8B8" alpha="100" stop="0" /><color rgb="0xEEEEEE" alpha="100" stop="255" /></colors></fill></color><color name="seek_bg"><fill type="linear" rotation="90"><colors><color rgb="0xE7E7E7" alpha="100" stop="0" /></colors></fill></color><color name="seek_position"><fill type="linear" rotation="90"><colors><color rgb="0xFFFFFF" alpha="100" stop="0" /></colors></fill></color><color name="btn_icon_color"><fill type="linear" rotation="90"><colors><color rgb="0x2D2D2D" alpha="100" stop="0" /></colors></fill></color><color name="btn_icon_hover"><fill type="linear" rotation="90"><colors><color rgb="0x555555" alpha="100" stop="0" /></colors></fill></color><color name="btn_icon_shadow"><fill type="linear" rotation="90"><colors><color rgb="0xF0F0F0" alpha="100" stop="0" /></colors></fill></color></group_colors></color_group><color_group name="tabs"><group_colors><color name="bg"><fill type="linear" rotation="90"><colors><color rgb="0xF3F3F3" alpha="100" stop="0" /></colors></fill></color><color name="text"><fill type="linear" rotation="90"><colors><color rgb="0x555555" alpha="100" stop="0" /></colors></fill></color><color name="selected"><fill type="linear" rotation="90"><colors><color rgb="0x333333" alpha="100" stop="0" /></colors></fill></color><color name="hover"><fill type="linear" rotation="90"><colors><color rgb="0x333333" alpha="100" stop="0" /></colors></fill></color><color name="shadow"><fill type="linear" rotation="90"><colors><color rgb="0xF0F0F0" alpha="100" stop="0" /></colors></fill></color></group_colors></color_group><color_group name="transcript"><group_colors><color name="div"><fill type="linear" rotation="90"><colors><color rgb="0xE1E1E1" alpha="100" stop="0" /></colors></fill></color><color name="heading_text"><fill type="linear" rotation="90"><colors><color rgb="0x444444" alpha="100" stop="0" /></colors></fill></color></group_colors></color_group><color_group name="outline"><group_colors><color name="diva"><fill type="linear" rotation="90"><colors><color rgb="0xC6C6C6" alpha="100" stop="0" /></colors></fill></color><color name="divb"><fill type="linear" rotation="90"><colors><color rgb="0xF9F9F9" alpha="100" stop="0" /></colors></fill></color><color name="divc"><fill type="linear" rotation="90"><colors><color rgb="0xE1E1E1" alpha="100" stop="0" /></colors></fill></color><color name="search_text"><fill type="linear" rotation="90"><colors><color rgb="0x444444" alpha="100" stop="0" /></colors></fill></color><color name="search_hover"><fill type="linear" rotation="90"><colors><color rgb="0x0000EE" alpha="100" stop="0" /></colors></fill></color></group_colors></color_group><color_group name="resource"><group_colors><color name="separator"><fill type="linear" rotation="90"><colors><color rgb="0xE0E0E0" alpha="100" stop="0" /></colors></fill></color></group_colors></color_group><color_group name="glossary"><group_colors><color name="selected_text"><fill type="linear" rotation="90"><colors><color rgb="0x353535" alpha="100" stop="0" /></colors></fill></color><color name="selected"><fill type="linear" rotation="90"><colors><color rgb="0xC0E2F1" alpha="100" stop="0" /></colors></fill></color><color name="text"><fill type="linear" rotation="90"><colors><color rgb="0x353535" alpha="100" stop="0" /></colors></fill></color><color name="hover"><fill type="linear" rotation="90"><colors><color rgb="0xE6E6E6" alpha="100" stop="0" /></colors></fill></color><color name="diva"><fill type="linear" rotation="90"><colors><color rgb="0xE2E2E2" alpha="100" stop="0" /></colors></fill></color><color name="divb"><fill type="linear" rotation="90"><colors><color rgb="0xE2E2E2" alpha="100" stop="0" /></colors></fill></color><color name="divc"><fill type="linear" rotation="90"><colors><color rgb="0xFAFAFA" alpha="100" stop="0" /></colors></fill></color><color name="bg"><fill type="linear" rotation="90"><colors><color rgb="0xE7E7E7" alpha="100" stop="0" /></colors></fill></color><color name="heading_text"><fill type="linear" rotation="90"><colors><color rgb="0x444444" alpha="100" stop="0" /></colors></fill></color></group_colors></color_group><color_group name="volume"><group_colors><color name="thumb_border"><fill type="linear" rotation="90"><colors><color rgb="0xA5A5A5" alpha="100" stop="0" /></colors></fill></color><color name="thumb_inner"><fill type="linear" rotation="90"><colors><color rgb="0xD4D4D4" alpha="100" stop="0" /></colors></fill></color><color name="thumb_bg"><fill type="linear" rotation="90"><colors><color rgb="0xC8C8C8" alpha="100" stop="0" /></colors></fill></color><color name="slider_border"><fill type="linear" rotation="90"><colors><color rgb="0xF2F2F2" alpha="100" stop="0" /></colors></fill></color><color name="slider_bg"><fill type="linear" rotation="90"><colors><color rgb="0xBCBCBC" alpha="100" stop="0" /><color rgb="0xBCBCBC" alpha="100" stop="128" /><color rgb="0xC3C3C3" alpha="100" stop="255" /></colors></fill></color></group_colors></color_group><color_group name="HTML"><group_colors><color name="htmlpage_bg_color"><fill type="linear" rotation="90"><colors><color rgb="0xFFFFFF" alpha="100" stop="0" /></colors></fill></color></group_colors></color_group></colorscheme></colorschemes><string_tables><string_table name="pxnsnfns01001000010"><string id="prev">PREV</string><string id="next">NEXT</string><string id="submit">SUBMIT</string><string id="outline">Menu</string><string id="resources">Resources</string><string id="glossary">Glossary</string><string id="transcript">Notes</string><string id="clear">Clear and return to Menu</string><string id="search_results">Search Results</string><string id="filter">Filter</string><string id="slide_text_chk">Slide Text</string><string id="transcript_chk">Notes</string><string id="search_in">Search in:</string><string id="check_include">Check to include</string><string id="search">Search...</string><string id="terms">Terms</string><string id="definition">Definition</string><string id="finish">FINISH</string><string id="acc_finish">finish</string><string id="acc_definition">definition</string><string id="acc_resources">resources</string><string id="acc_search_input">search</string><string id="acc_pause">pause</string><string id="acc_play">play</string><string id="acc_replay">replay</string><string id="acc_submit">submit</string><string id="acc_next">next</string><string id="acc_previous">previous</string><string id="acc_volume">volume</string><string id="submitall">SUBMIT ALL</string><string id="acc_submitall">submit all</string><string id="question_list">Question List</string><string id="more_info">More info</string><string id="send_an_email">Send an email</string><string id="close">Close</string><string id="bio">Bio</string><string id="exit">Exit</string></string_table></string_tables><sounds enabled="false" /><nav_data><outline><links><slidelink slideid="624Dlae8JG7.65YU1zSKBct" displaytext="Slide 1" expand="false" type="slide" /><slidelink slideid="624Dlae8JG7.5gV92UxpJ8M" displaytext="Pre Session –Case Study" expand="false" type="slide" /><slidelink slideid="624Dlae8JG7.5xDCuHcsufo" displaytext="CASE STUDY" expand="false" type="slide" /><slidelink slideid="624Dlae8JG7.5dISriEJ5lU" displaytext="AGENDA" expand="false" type="slide" /><slidelink slideid="624Dlae8JG7.5x91cwG9JLC" displaytext="TEST STRATEGY" expand="false" type="slide" /><slidelink slideid="624Dlae8JG7.6jcH7atCy9G" displaytext="TEST PLAN" expand="false" type="slide" /><slidelink slideid="624Dlae8JG7.6QIGWhflZ2w" displaytext="SAMPLE REQUIREMENTS" expand="false" type="slide" /><slidelink slideid="624Dlae8JG7.64m1fztnZLu" displaytext="SAMPLE REQUIREMENTS" expand="false" type="slide" /><slidelink slideid="624Dlae8JG7.6ZJcO08JdM2" displaytext="COMPONENTS OF TEST PLAN" expand="false" type="slide" /><slidelink slideid="624Dlae8JG7.6YrUqlSz9ZZ" displaytext="COMPONENTS OF TEST PLAN" expand="false" type="slide" /><slidelink slideid="624Dlae8JG7.6E6L139FgCk" displaytext="COMPONENTS OF TEST PLAN" expand="false" type="slide" /><slidelink slideid="624Dlae8JG7.6gEY53XPThc" displaytext="COMPONENTS OF TEST PLAN" expand="false" type="slide" /><slidelink slideid="624Dlae8JG7.6dgKasfKk5f" displaytext="COMPONENTS OF TEST PLAN" expand="false" type="slide" /><slidelink slideid="624Dlae8JG7.6CVlDTey87a" displaytext="COMPONENTS OF TEST PLAN" expand="false" type="slide" /><slidelink slideid="624Dlae8JG7.5ktx1JiKi3n" displaytext="COMPONENTS OF TEST PLAN" expand="false" type="slide" /><slidelink slideid="624Dlae8JG7.5p1Ff2npQZo" displaytext="COMPONENTS OF TEST PLAN" expand="false" type="slide" /><slidelink slideid="624Dlae8JG7.5VpQjeoQwLM" displaytext="COMPONENTS OF TEST PLAN" expand="false" type="slide" /><slidelink slideid="624Dlae8JG7.6SzqhP9pvl8" displaytext="COMPONENTS OF TEST PLAN" expand="false" type="slide" /><slidelink slideid="624Dlae8JG7.6bjMWbKaHqf" displaytext="COMPONENTS OF TEST PLAN" expand="false" type="slide" /><slidelink slideid="624Dlae8JG7.5n80UDHt9e4" displaytext="COMPONENTS OF TEST PLAN" expand="false" type="slide" /><slidelink slideid="624Dlae8JG7.5mdmQ3UnPVh" displaytext="COMPONENTS OF TEST PLAN" expand="false" type="slide" /><slidelink slideid="624Dlae8JG7.5XQtyqvPphc" displaytext="COMPONENTS OF TEST PLAN" expand="false" type="slide" /><slidelink slideid="624Dlae8JG7.5f49M30UvBh" displaytext="TEST PLAN GUIDELINES" expand="false" type="slide" /><slidelink slideid="624Dlae8JG7.6L4WqORL7Ik" displaytext="DIFFERENCE -TEST PLAN &amp;TEST STRATEGY" expand="false" type="slide" /><slidelink slideid="624Dlae8JG7.6nN80HhuNIz" displaytext="Slide 25" expand="false" type="slide" /></links></outline><search><slidetext slideid="624Dlae8JG7.65YU1zSKBct" slidebank="false" type="slide">     hcl talentcare: confidential  version: 1.0 release date:  07-01-2016 test planning29-july  version – 1.0&#xB;release date – 07-01-2016</slidetext><slidetext slideid="624Dlae8JG7.5gV92UxpJ8M" slidebank="false" type="slide">   ‹#›   hcl talentcare: confidential  version: 1.0 release date:  07-01-2016  pre session –case study participants:kamal – test managerrajesh – test lead</slidetext><slidetext slideid="624Dlae8JG7.5xDCuHcsufo" slidebank="false" type="slide">   ‹#›   hcl talentcare: confidential  version: 1.0 release date:  07-01-2016  case study kamal: i have a good news for all of you. we had won the project to test bitrix24(crm project). rajesh: what would be the size of our team.kamal: it would be nine people in the offshore. let us not have slippage in deadline like the previous project.rajesh :sure raj ,but the delay was due to development build that was not delivered on time and also the functions to be tested increased during our test design phase.kamal :let us prepare a test plan which will take consensus of all the stakeholders so that our test team is not held responsible in the future.             suggest of how rajesh will prepare a test plan keeping in mind this conversation.</slidetext><slidetext slideid="624Dlae8JG7.5dISriEJ5lU" slidebank="false" type="slide">   ‹#›   hcl talentcare: confidential  version: 1.0 release date:  07-01-2016  agenda test strategy –introductiontest plan components of test plandifference of test strategy and test plan</slidetext><slidetext slideid="624Dlae8JG7.5x91cwG9JLC" slidebank="false" type="slide">   ‹#›   hcl talentcare: confidential  version: 1.0 release date:  07-01-2016  test strategy test strategyit describes the method of testing that will be followed by the organization.test strategy may detail the test levels to be carried out.each type of testing can have a separate strategy document for example (automation, performance).preparing a strategy in a project will help to mitigate risk.effective strategy needs to be prepared for a test project to be successful.</slidetext><slidetext slideid="624Dlae8JG7.6jcH7atCy9G" slidebank="false" type="slide">   ‹#›   hcl talentcare: confidential  version: 1.0 release date:  07-01-2016  test plan  test planit is a record of the test planning process.helps other stakeholders involved in the project to understand the details of testing.test plan determines the scope and risk associated with the project under test.test plan is mostly written from test strategy document or from the brs,srs.testers need to understand the development methods adopted for effective planning.essentially three major elements test scopetest methodstest responsibilities</slidetext><slidetext slideid="624Dlae8JG7.6QIGWhflZ2w" slidebank="false" type="slide">   ‹#›   hcl talentcare: confidential  version: 1.0 release date:  07-01-2016  sample requirements  online attendance system:the attendance system is intended to track the attendance of the scholars. the scholars will be able to mark the attendance in an online system. the faculty will be able to pull reports of each individual scholars for every batch.the system will work on the windows os (vista, windows 7 and windows 8).features of the system:mark the attendance :scholars have to choose the section number ,session (morning session, afternoon) .choose the date from the calendar and submit the attendance .</slidetext><slidetext slideid="624Dlae8JG7.64m1fztnZLu" slidebank="false" type="slide">   ‹#›   hcl talentcare: confidential  version: 1.0 release date:  07-01-2016  sample requirements  e-mail notificationonce the attendance is submitted e-mail notification should be sent to the faculty.view reportsfaculty will be able to generate the attendance of a batch or a individual scholar.report will be generated in the excel ,pdf and html format.non-functional requirements of the system:the students should be able to mark the attendance on any browsers.the system should be able to handle 80 concurrent users.future requirementsthe system will have an additional absence notification sent to the parents mobile number .</slidetext><slidetext slideid="624Dlae8JG7.6ZJcO08JdM2" slidebank="false" type="slide">   ‹#›   hcl talentcare: confidential  version: 1.0 release date:  07-01-2016  components of test plan test plan identifiertest objectivesfeatures to be testedfeatures not to be testedapproachitem pass/fail criteriasuspension criteria and resumption requirements.test deliverables</slidetext><slidetext slideid="624Dlae8JG7.6YrUqlSz9ZZ" slidebank="false" type="slide">   ‹#›   hcl talentcare: confidential  version: 1.0 release date:  07-01-2016  components of test plan environmental needstest dataresponsibilitiesstaffing and training needsschedulerisks and contingenciesapprovals</slidetext><slidetext slideid="624Dlae8JG7.6E6L139FgCk" slidebank="false" type="slide">   ‹#›   hcl talentcare: confidential  version: 1.0 release date:  07-01-2016  components of test plan test plan identifier:it is a unique number to identify the plan.the identifier also helps in identifying if it is a master plan or a level plan.test objectivestest team specifies of what the team wants to accomplish. example:        master plan- onlineattendancesystem _v1.0 example:the document describes the plan for testing the online attendance system.            functional and non-functional testing need to be performed.            test case  execution will require 15 person days.</slidetext><slidetext slideid="624Dlae8JG7.6gEY53XPThc" slidebank="false" type="slide">   ‹#›   hcl talentcare: confidential  version: 1.0 release date:  07-01-2016  components of test plan features to be tested:items/features/functions to be tested that are within the scope of the test plan is mentioned.include a description of how they will be tested.features not to be testedincludes list of features that will not be tested by the team.reasons are identified of why the features are not tested. example:1)mark the attendance 2) view reports. example:1)report generation in pdf format –it need not be tested in this release as there is a limited time available.</slidetext><slidetext slideid="624Dlae8JG7.6dgKasfKk5f" slidebank="false" type="slide">   ‹#›   hcl talentcare: confidential  version: 1.0 release date:  07-01-2016  components of test plan approach:this is your overall test strategy for this test plantypes and levels of testing applicable for a project need to be identified and mentioned. example: types of testing1)functional testing2)load testing3)compatibility testing4)regression testing</slidetext><slidetext slideid="624Dlae8JG7.6CVlDTey87a" slidebank="false" type="slide">   ‹#›   hcl talentcare: confidential  version: 1.0 release date:  07-01-2016  components of test plan pass/fail criteria:criteria that determines if a test item has passed/failed need to be mentioned . example:all test cases have been successfully executed and passed .if the system crashes in load testing it will be considered as a fail criteria. </slidetext><slidetext slideid="624Dlae8JG7.5ktx1JiKi3n" slidebank="false" type="slide">   ‹#›   hcl talentcare: confidential  version: 1.0 release date:  07-01-2016  components of test plan suspension &amp; resumption criteria :factors that will lead to stop the testing process.list the factors or tasks that need to satisfied in order to start the testing process. example –suspension criteriasmoke test cases fails.marking attendance module fails execution of other test cases will be suspended.resumption criteria1) new build for defect fix available.</slidetext><slidetext slideid="624Dlae8JG7.5p1Ff2npQZo" slidebank="false" type="slide">   ‹#›   hcl talentcare: confidential  version: 1.0 release date:  07-01-2016  components of test plan test deliverables :       the deliverables of the testing process must be provided.test plan document.test cases.test scripts.test logsdefect logtest summary report. example:test plan document  - 02 –august -20152)  test cases -     25 –august -2015</slidetext><slidetext slideid="624Dlae8JG7.5VpQjeoQwLM" slidebank="false" type="slide">   ‹#›   hcl talentcare: confidential  version: 1.0 release date:  07-01-2016  components of test plan environmental needs: the software/hardware and the environment required for testing the application is mentioned.the environmental details and the availability of environments need to be provided.test data: test data that need to be created by respective testing team developments / test site based on scenarios for the application need to be mentioned. example:1)te1 will be used for functional testing.2)te2 will be used for performance testing. example:1)test team need to create 100 unique id to run the load test.</slidetext><slidetext slideid="624Dlae8JG7.6SzqhP9pvl8" slidebank="false" type="slide">   ‹#›   hcl talentcare: confidential  version: 1.0 release date:  07-01-2016  components of test plan responsibilities:roles and responsibilities of the various stake holders involved in the project is mentioned.a matrix can be derived to understand the responsibility of the stakeholder for each type and level of testing. example:development team will be responsible for code delivery and defect fix.test engineers are responsible for creating test cases and test scripts.build team is responsible for fixing environmental defects.</slidetext><slidetext slideid="624Dlae8JG7.6bjMWbKaHqf" slidebank="false" type="slide">   ‹#›   hcl talentcare: confidential  version: 1.0 release date:  07-01-2016  components of test plan staffing and training needs:describe area on which training is required.i.e, (tools ,application).staffing requirements with particular specialization can be provided. example:1)test engineers have to be trained in load runner in order to perform the load testing.</slidetext><slidetext slideid="624Dlae8JG7.5n80UDHt9e4" slidebank="false" type="slide">   ‹#›   hcl talentcare: confidential  version: 1.0 release date:  07-01-2016  components of test plan schedule:the time required to complete the testing activities will be provided based on the estimations .each activity will be provided a start date and an end date. example:1)test plan – start date – 29 july                               end date -  2 august2)test design – start date – 4 august                                end date -11 august3)test data prepartion- start date – 11 august                                                  end date -13 august</slidetext><slidetext slideid="624Dlae8JG7.5mdmQ3UnPVh" slidebank="false" type="slide">   ‹#›   hcl talentcare: confidential  version: 1.0 release date:  07-01-2016  components of test plan risk and contigencies:the overall risks to the project with an emphasis on the testing process needs to be identified.specify what actions will be done if the risk occurs.severity of the risk need to be analyzed to understand the impact in the testing process.approval:list the individuals whose approval is required as the process to be complete is mentioned.. example:1)unavailability of test environment.2)tool license not procured.</slidetext><slidetext slideid="624Dlae8JG7.5XQtyqvPphc" slidebank="false" type="slide">   ‹#›   hcl talentcare: confidential  version: 1.0 release date:  07-01-2016  components of test plan approval:list the individuals whose approval is required as the process to be complete is mentioned.. the test plan will be approved by the delivery head of development, release and test team</slidetext><slidetext slideid="624Dlae8JG7.5f49M30UvBh" slidebank="false" type="slide">   ‹#›   hcl talentcare: confidential  version: 1.0 release date:  07-01-2016  test plan guidelines make the plan concise. avoid redundancy and superfluous-ness. be specific. for example, when you specify an operating system as a property of a test environment, mention the os edition/version as well, not just the os name.make use of lists and tables wherever possible. have the test plan reviewed a number of times prior to base lining it or sending it for approval. the quality of your test plan speaks volumes about the quality of the testing you or your team is going to perform.update the plan as and when necessary. </slidetext><slidetext slideid="624Dlae8JG7.6L4WqORL7Ik" slidebank="false" type="slide">   ‹#›   hcl talentcare: confidential  version: 1.0 release date:  07-01-2016  difference -test plan &amp;test strategy test strategy document developed by test managerdefines testing approach derived from br specification document static document and does not get updatedcontains scope and objectives business issues roles and responsibilities communication and status reporting test deliverability industry standards to follow test automation and tools testing measurements and metrics risks and mitigation defect reporting and tracking change and configuration management training plan  test plan developed by test leaddefines what to test, how to test, when to test and who will do what testderived from srs, product descriptioncan undergo regular updatescontains test plan id introduction test items features to be tested features not to be tested test techniques suspension criteria features pass or fail criteria test deliverables staff and training needs responsibilities schedule </slidetext><slidetext slideid="624Dlae8JG7.6nN80HhuNIz" slidebank="false" type="slide">     hcl talentcare: confidential  version: 1.0 release date:  07-01-2016  this document contains information that is proprietary and confidential to hcl talentcare private limited and shall not be disclosed outside the recipient's company or duplicated, used or disclosed in whole or in part by the recipient for any purpose other than to evaluate this document. any other use or disclosure in whole or in part of this information without the express written permission of hcl talentcare private limited is prohibited. further, this document does not constitute a contract to perform servicesthe reader should not act upon the information contained in this document without obtaining specific professional advice. no representation or warranty (express or implied) is given as to the accuracy or completeness of the information contained in this presentation, and, to the extent permitted by law; hcl talentcare private limited, its consultants, its members, employees and agents accept no liability, and disclaim all responsibility, for the consequences of reader or anyone else acting, or refraining to act, in reliance on the information contained in this document or for any decision based on it. thank you</slidetext></search></nav_data><resource_data description="" /><transcript_data /><glossary_data /></bwFrame>