<?xml version="1.0" encoding="utf-8"?><bwFrame xmlns:xsi="http://www.w3.org/2001/XMLSchema-instance" xmlns:xsd="http://www.w3.org/2001/XMLSchema" default_layout="pxnsnfns01001000010" textdirection="ltr" device="false" kbshortcuts="true" outputtype="ap"><layouts><layout name="pxnsnfns01001000010" font="Articulate" controllayout="pxnsnfns01001000010" colorscheme="pxnsnfns01001000010" string_table="pxnsnfns01001000010" /></layouts><control_options><optiongroups><optiongroup name="sidebaroptions"><options><option name="title_enabled" value="true"><options><option name="title_text" value="Defect Management" /></options></option><option name="logo_enabled" value="true"><options><option name="logo_url" value="presentation_content/logo.swf"><properties><property name="width" value="218" /><property name="height" value="123" /></properties></option><option name="html5_logo_url" value="mobile/6EOijlO4GOM.jpg" /></options></option><option name="sidebar_enabled" value="true"><options><option name="sidebarpos" value="left" /></options></option><optionlist name="tabs"><listitems><listitem name="resources" value="false" group="linkright" /><listitem name="customlink" value="true" group="linkright"><properties><property name="title" value="Exit" /><property name="data" value="5bZ965Pmzsq" /><property name="ignoreSlideLock" value="true" /></properties></listitem><listitem name="outline" value="true" group="sidebar" /><listitem name="glossary" value="false" group="sidebar" /><listitem name="transcript" value="false" group="sidebar" /></listitems></optionlist><option name="time_enabled" value="false"><options><option name="time_format" value="totalelapsed" /></options></option><option name="info_enabled" value="false"><options><option name="default" value="default" /></options></option><option name="video_enabled" value="false"><options><option name="height" value="135" /></options></option></options></optiongroup><optiongroup name="menuoptions"><options><option name="flow" value="free" /><option name="wraplistitems" value="false" /><option name="tooltips" value="true" /><option name="autocollapse" value="true" /><option name="autonumber" value="true" /><option name="levelbehavior" value="reached" /><option name="levelrestriction" value="unrestricted" /><option name="enableresultsicons" value="false" /></options></optiongroup><optiongroup name="controls"><options><option name="volume" value="false" /><option name="seekbar" value="false"><options><option name="readonly" value="false" /></options></option><option name="search" value="true" /><option name="replay" value="false" /><option name="pauseplay" value="false" /><option name="enableKeyboardShortcuts" value="true" /><option name="elapsedandtotaltime" value="true" /><option name="use_fixed_output_size" value="true" /><option name="output_size_scale_percent" value="100" /></options></optiongroup><optiongroup name="bottombaroptions"><options><option name="bottombar_enabled" value="true" /></options></optiongroup></optiongroups></control_options><control_layouts><control_layout name="pxnsnfns01001000010"><control name="volume" enabled="false" /><control name="seekbar" enabled="false" /><control name="replay" enabled="false" /><control name="pauseplay" enabled="false" /><control name="logo" enabled="true" /><control name="previous" enabled="true" /><control name="next" enabled="true" /><control name="submit" enabled="false" /><control name="finish" enabled="false" /><control name="submitall" enabled="false" /><control name="resources" enabled="false" /><control name="glossary" enabled="false" /><control name="transcript" enabled="false" /><control name="outline" enabled="true"><controls><control name="search" enabled="true" /></controls></control><control name="close_btn" enabled="false" /></control_layout></control_layouts><colorschemes><colorscheme name="pxnsnfns01001000010"><color_group name="infopanel"><group_colors><color name="link_text"><fill type="linear" rotation="90"><colors><color rgb="0x7C2280" alpha="100" stop="0" /></colors></fill></color><color name="link_hover"><fill type="linear" rotation="90"><colors><color rgb="0x0000EE" alpha="100" stop="0" /></colors></fill></color><color name="bg"><fill type="linear" rotation="90"><colors><color rgb="0xFFFFFF" alpha="100" stop="0" /></colors></fill></color><color name="shadow"><fill type="linear" rotation="90"><colors><color rgb="0xB8B8B8" alpha="100" stop="0" /></colors></fill></color><color name="name_text"><fill type="linear" rotation="90"><colors><color rgb="0x444444" alpha="100" stop="0" /></colors></fill></color><color name="title_text"><fill type="linear" rotation="90"><colors><color rgb="0x999999" alpha="100" stop="0" /></colors></fill></color></group_colors></color_group><color_group name="infopanelpopup"><group_colors><color name="link_text"><fill type="linear" rotation="90"><colors><color rgb="0x7C2280" alpha="100" stop="0" /></colors></fill></color><color name="link_hover"><fill type="linear" rotation="90"><colors><color rgb="0x0000EE" alpha="100" stop="0" /></colors></fill></color><color name="bg"><fill type="linear" rotation="90"><colors><color rgb="0xE9E9E9" alpha="100" stop="0" /><color rgb="0xCFCFCF" alpha="100" stop="255" /></colors></fill></color><color name="shadow"><fill type="linear" rotation="90"><colors><color rgb="0xB8B8B8" alpha="100" stop="0" /></colors></fill></color><color name="name_text"><fill type="linear" rotation="90"><colors><color rgb="0x444444" alpha="100" stop="0" /></colors></fill></color><color name="bio_text"><fill type="linear" rotation="90"><colors><color rgb="0x999999" alpha="100" stop="0" /></colors></fill></color></group_colors></color_group><color_group name="timer"><group_colors><color name="duration"><fill type="linear" rotation="90"><colors><color rgb="0x00D7FF" alpha="100" stop="0" /><color rgb="0x00ABFF" alpha="100" stop="255" /></colors></fill></color><color name="elapsed"><fill type="linear" rotation="90"><colors><color rgb="0xFEE347" alpha="100" stop="0" /><color rgb="0xFCCC2A" alpha="100" stop="255" /></colors></fill></color><color name="stroke"><fill type="linear" rotation="90"><colors><color rgb="0xC7C7C7" alpha="100" stop="0" /></colors></fill></color><color name="inner"><fill type="linear" rotation="90"><colors><color rgb="0xFFFFFF" alpha="100" stop="0" /></colors></fill></color><color name="text"><fill type="linear" rotation="90"><colors><color rgb="0x555555" alpha="100" stop="0" /></colors></fill></color></group_colors></color_group><color_group name="window"><group_colors><color name="text"><fill type="linear" rotation="90"><colors><color rgb="0x555555" alpha="100" stop="0" /></colors></fill></color><color name="inner"><fill type="linear" rotation="90"><colors><color rgb="0xEAEAEA" alpha="100" stop="0" /><color rgb="0xCFCFCF" alpha="100" stop="255" /></colors></fill></color><color name="bg"><fill type="linear" rotation="90"><colors><color rgb="0xF3F3F3" alpha="100" stop="0" /></colors></fill></color><color name="diva"><fill type="linear" rotation="90"><colors><color rgb="0xF7F7F7" alpha="100" stop="0" /></colors></fill></color><color name="divb"><fill type="linear" rotation="90"><colors><color rgb="0xD3D3D3" alpha="100" stop="0" /></colors></fill></color><color name="shadow"><fill type="linear" rotation="90"><colors><color rgb="0x000000" alpha="20" stop="0" /></colors></fill></color></group_colors></color_group><color_group name="editor"><group_colors><color name="slide_text"><fill type="linear" rotation="90"><colors><color rgb="0x555555" alpha="100" stop="0" /></colors></fill></color><color name="html_text"><fill type="linear" rotation="90"><colors><color rgb="0x444444" alpha="100" stop="0" /></colors></fill></color><color name="btn_bg"><fill type="linear" rotation="90"><colors><color rgb="0xF5F5F5" alpha="100" stop="0" /><color rgb="0xC7C7C7" alpha="100" stop="255" /></colors></fill></color><color name="btn_hover"><fill type="linear" rotation="90"><colors><color rgb="0xF2F2F2" alpha="100" stop="0" /><color rgb="0xAFAFAF" alpha="100" stop="255" /></colors></fill></color><color name="btn_down"><fill type="linear" rotation="90"><colors><color rgb="0xC7C7C7" alpha="100" stop="0" /><color rgb="0xF4F4F4" alpha="100" stop="255" /></colors></fill></color><color name="btn_border"><fill type="linear" rotation="90"><colors><color rgb="0xB1B1B1" alpha="100" stop="0" /></colors></fill></color><color name="btn_text"><fill type="linear" rotation="90"><colors><color rgb="0x353535" alpha="100" stop="0" /></colors></fill></color><color name="btn_text_shadow"><fill type="linear" rotation="90"><colors><color rgb="0xF0F0F0" alpha="100" stop="0" /></colors></fill></color></group_colors></color_group><color_group name="listitem"><group_colors><color name="selected_text"><fill type="linear" rotation="90"><colors><color rgb="0x353535" alpha="100" stop="0" /></colors></fill></color><color name="lines"><fill type="linear" rotation="90"><colors><color rgb="0xDFDFDF" alpha="100" stop="0" /></colors></fill></color><color name="hover"><fill type="linear" rotation="90"><colors><color rgb="0xE6E6E6" alpha="100" stop="0" /></colors></fill></color><color name="viewed"><fill type="linear" rotation="90"><colors><color rgb="0x909090" alpha="100" stop="0" /></colors></fill></color><color name="text"><fill type="linear" rotation="90"><colors><color rgb="0x353535" alpha="100" stop="0" /></colors></fill></color><color name="selected"><fill type="linear" rotation="90"><colors><color rgb="0xC0E2F1" alpha="100" stop="0" /></colors></fill></color><color name="shadow"><fill type="linear" rotation="90"><colors><color rgb="0xFFFFFF" alpha="100" stop="0" /></colors></fill></color></group_colors></color_group><color_group name="base"><group_colors><color name="text"><fill type="linear" rotation="90"><colors><color rgb="0x555555" alpha="100" stop="0" /></colors></fill></color><color name="diva"><fill type="linear" rotation="90"><colors><color rgb="0xD3D3D3" alpha="100" stop="0" /></colors></fill></color><color name="divb"><fill type="linear" rotation="90"><colors><color rgb="0xF7F7F7" alpha="100" stop="0" /></colors></fill></color><color name="bg"><fill type="linear" rotation="90"><colors><color rgb="0xE9E9E9" alpha="100" stop="0" /><color rgb="0xCFCFCF" alpha="100" stop="255" /></colors></fill></color><color name="border"><fill type="linear" rotation="90"><colors><color rgb="0xE9E9E9" alpha="100" stop="0" /><color rgb="0xF3F3F3" alpha="100" stop="255" /></colors></fill></color><color name="menu_shade"><fill type="linear" rotation="90"><colors><color rgb="0xDBDBDB" alpha="100" stop="0" /><color rgb="0xC3C3C3" alpha="100" stop="255" /></colors></fill></color><color name="slide_bg"><fill type="linear" rotation="90"><colors><color rgb="0xE9E9E9" alpha="100" stop="0" /><color rgb="0xCFCFCF" alpha="100" stop="255" /></colors></fill></color></group_colors></color_group><color_group name="button"><group_colors><color name="btn_bg"><fill type="linear" rotation="90"><colors><color rgb="0xF5F5F5" alpha="100" stop="0" /><color rgb="0xC7C7C7" alpha="100" stop="255" /></colors></fill></color><color name="btn_hover"><fill type="linear" rotation="90"><colors><color rgb="0xF2F2F2" alpha="100" stop="0" /><color rgb="0xAFAFAF" alpha="100" stop="255" /></colors></fill></color><color name="btn_down"><fill type="linear" rotation="90"><colors><color rgb="0xC7C7C7" alpha="100" stop="0" /><color rgb="0xF4F4F4" alpha="100" stop="255" /></colors></fill></color><color name="btn_border"><fill type="linear" rotation="90"><colors><color rgb="0xB1B1B1" alpha="100" stop="0" /></colors></fill></color><color name="btn_text"><fill type="linear" rotation="90"><colors><color rgb="0x353535" alpha="100" stop="0" /></colors></fill></color><color name="btn_text_shadow"><fill type="linear" rotation="90"><colors><color rgb="0xF0F0F0" alpha="100" stop="0" /></colors></fill></color><color name="btn_icon_color"><fill type="linear" rotation="90"><colors><color rgb="0x353535" alpha="100" stop="0" /></colors></fill></color><color name="btn_glow"><fill type="linear" rotation="90"><colors><color rgb="0xCFCFCF" alpha="100" stop="0" /></colors></fill></color></group_colors></color_group><color_group name="checkbox"><group_colors><color name="border"><fill type="linear" rotation="90"><colors><color rgb="0xB8B8B8" alpha="100" stop="0" /></colors></fill></color><color name="bg"><fill type="linear" rotation="90"><colors><color rgb="0xFFFFFF" alpha="100" stop="0" /></colors></fill></color><color name="check"><fill type="linear" rotation="90"><colors><color rgb="0x33CC00" alpha="100" stop="0" /></colors></fill></color><color name="text"><fill type="linear" rotation="90"><colors><color rgb="0x444444" alpha="100" stop="0" /></colors></fill></color><color name="hover"><fill type="linear" rotation="90"><colors><color rgb="0x6BF8FF" alpha="100" stop="0" /></colors></fill></color></group_colors></color_group><color_group name="logo"><group_colors><color name="bg"><fill type="linear" rotation="90"><colors><color rgb="0xFFFFFF" alpha="100" stop="0" /></colors></fill></color><color name="shadow"><fill type="linear" rotation="90"><colors><color rgb="0xB8B8B8" alpha="100" stop="0" /></colors></fill></color></group_colors></color_group><color_group name="menu"><group_colors><color name="bg"><fill type="linear" rotation="90"><colors><color rgb="0xF3F3F3" alpha="100" stop="0" /></colors></fill></color><color name="shadow"><fill type="linear" rotation="90"><colors><color rgb="0xB8B8B8" alpha="100" stop="0" /></colors></fill></color></group_colors></color_group><color_group name="scrollarea"><group_colors><color name="bg"><fill type="linear" rotation="0"><colors><color rgb="0xDEDEDE" alpha="100" stop="0" /><color rgb="0xE8E8E8" alpha="100" stop="128" /></colors></fill></color><color name="border"><fill type="linear" rotation="90"><colors><color rgb="0xF6F6F6" alpha="100" stop="0" /><color rgb="0xF3F3F3" alpha="100" stop="255" /></colors></fill></color><color name="button_bg"><fill type="linear" rotation="90"><colors><color rgb="0xC4C4C4" alpha="100" stop="0" /><color rgb="0xB2B2B2" alpha="100" stop="255" /></colors></fill></color><color name="button_inner"><fill type="linear" rotation="90"><colors><color rgb="0xCBCBCB" alpha="100" stop="0" /><color rgb="0xBABABA" alpha="100" stop="255" /></colors></fill></color><color name="button_border"><fill type="linear" rotation="90"><colors><color rgb="0xB8B8B8" alpha="100" stop="0" /></colors></fill></color><color name="icons"><fill type="linear" rotation="90"><colors><color rgb="0x555555" alpha="100" stop="0" /></colors></fill></color><color name="shadow"><fill type="linear" rotation="90"><colors><color rgb="0xD9D9D9" alpha="100" stop="0" /></colors></fill></color><color name="detaila"><fill type="linear" rotation="90"><colors><color rgb="0xA7A7A7" alpha="100" stop="0" /></colors></fill></color><color name="detailb"><fill type="linear" rotation="90"><colors><color rgb="0xCFCFCF" alpha="100" stop="0" /></colors></fill></color></group_colors></color_group><color_group name="searchinput"><group_colors><color name="bg"><fill type="linear" rotation="90"><colors><color rgb="0xDFDFDF" alpha="100" stop="0" /></colors></fill></color><color name="border"><fill type="linear" rotation="90"><colors><color rgb="0xADADAD" alpha="100" stop="0" /><color rgb="0xFAFAFA" alpha="100" stop="255" /></colors></fill></color><color name="icon"><fill type="linear" rotation="90"><colors><color rgb="0x8A8A8A" alpha="100" stop="0" /></colors></fill></color><color name="button_hover"><fill type="linear" rotation="90"><colors><color rgb="0xF5F5F5" alpha="100" stop="0" /><color rgb="0xC7C7C7" alpha="100" stop="255" /></colors></fill></color><color name="hover_glow"><fill type="linear" rotation="90"><colors><color rgb="0x6BF8FF" alpha="100" stop="0" /></colors></fill></color><color name="search_text"><fill type="linear" rotation="90"><colors><color rgb="0x8A8A8A" alpha="100" stop="0" /></colors></fill></color><color name="bg_active"><fill type="linear" rotation="90"><colors><color rgb="0xFAFAFA" alpha="100" stop="0" /></colors></fill></color><color name="text_active"><fill type="linear" rotation="90"><colors><color rgb="0x333333" alpha="100" stop="0" /></colors></fill></color></group_colors></color_group><color_group name="seekcontrol"><group_colors><color name="bg"><fill type="linear" rotation="90"><colors><color rgb="0xF5F5F5" alpha="100" stop="0" /><color rgb="0xC7C7C7" alpha="100" stop="255" /></colors></fill></color><color name="border"><fill type="linear" rotation="90"><colors><color rgb="0xB1B1B1" alpha="100" stop="0" /></colors></fill></color><color name="seek_border"><fill type="linear" rotation="90"><colors><color rgb="0xB8B8B8" alpha="100" stop="0" /><color rgb="0xEEEEEE" alpha="100" stop="255" /></colors></fill></color><color name="seek_bg"><fill type="linear" rotation="90"><colors><color rgb="0xE7E7E7" alpha="100" stop="0" /></colors></fill></color><color name="seek_position"><fill type="linear" rotation="90"><colors><color rgb="0xFFFFFF" alpha="100" stop="0" /></colors></fill></color><color name="btn_icon_color"><fill type="linear" rotation="90"><colors><color rgb="0x2D2D2D" alpha="100" stop="0" /></colors></fill></color><color name="btn_icon_hover"><fill type="linear" rotation="90"><colors><color rgb="0x555555" alpha="100" stop="0" /></colors></fill></color><color name="btn_icon_shadow"><fill type="linear" rotation="90"><colors><color rgb="0xF0F0F0" alpha="100" stop="0" /></colors></fill></color></group_colors></color_group><color_group name="tabs"><group_colors><color name="bg"><fill type="linear" rotation="90"><colors><color rgb="0xF3F3F3" alpha="100" stop="0" /></colors></fill></color><color name="text"><fill type="linear" rotation="90"><colors><color rgb="0x555555" alpha="100" stop="0" /></colors></fill></color><color name="selected"><fill type="linear" rotation="90"><colors><color rgb="0x333333" alpha="100" stop="0" /></colors></fill></color><color name="hover"><fill type="linear" rotation="90"><colors><color rgb="0x333333" alpha="100" stop="0" /></colors></fill></color><color name="shadow"><fill type="linear" rotation="90"><colors><color rgb="0xF0F0F0" alpha="100" stop="0" /></colors></fill></color></group_colors></color_group><color_group name="transcript"><group_colors><color name="div"><fill type="linear" rotation="90"><colors><color rgb="0xE1E1E1" alpha="100" stop="0" /></colors></fill></color><color name="heading_text"><fill type="linear" rotation="90"><colors><color rgb="0x444444" alpha="100" stop="0" /></colors></fill></color></group_colors></color_group><color_group name="outline"><group_colors><color name="diva"><fill type="linear" rotation="90"><colors><color rgb="0xC6C6C6" alpha="100" stop="0" /></colors></fill></color><color name="divb"><fill type="linear" rotation="90"><colors><color rgb="0xF9F9F9" alpha="100" stop="0" /></colors></fill></color><color name="divc"><fill type="linear" rotation="90"><colors><color rgb="0xE1E1E1" alpha="100" stop="0" /></colors></fill></color><color name="search_text"><fill type="linear" rotation="90"><colors><color rgb="0x444444" alpha="100" stop="0" /></colors></fill></color><color name="search_hover"><fill type="linear" rotation="90"><colors><color rgb="0x0000EE" alpha="100" stop="0" /></colors></fill></color></group_colors></color_group><color_group name="resource"><group_colors><color name="separator"><fill type="linear" rotation="90"><colors><color rgb="0xE0E0E0" alpha="100" stop="0" /></colors></fill></color></group_colors></color_group><color_group name="glossary"><group_colors><color name="selected_text"><fill type="linear" rotation="90"><colors><color rgb="0x353535" alpha="100" stop="0" /></colors></fill></color><color name="selected"><fill type="linear" rotation="90"><colors><color rgb="0xC0E2F1" alpha="100" stop="0" /></colors></fill></color><color name="text"><fill type="linear" rotation="90"><colors><color rgb="0x353535" alpha="100" stop="0" /></colors></fill></color><color name="hover"><fill type="linear" rotation="90"><colors><color rgb="0xE6E6E6" alpha="100" stop="0" /></colors></fill></color><color name="diva"><fill type="linear" rotation="90"><colors><color rgb="0xE2E2E2" alpha="100" stop="0" /></colors></fill></color><color name="divb"><fill type="linear" rotation="90"><colors><color rgb="0xE2E2E2" alpha="100" stop="0" /></colors></fill></color><color name="divc"><fill type="linear" rotation="90"><colors><color rgb="0xFAFAFA" alpha="100" stop="0" /></colors></fill></color><color name="bg"><fill type="linear" rotation="90"><colors><color rgb="0xE7E7E7" alpha="100" stop="0" /></colors></fill></color><color name="heading_text"><fill type="linear" rotation="90"><colors><color rgb="0x444444" alpha="100" stop="0" /></colors></fill></color></group_colors></color_group><color_group name="volume"><group_colors><color name="thumb_border"><fill type="linear" rotation="90"><colors><color rgb="0xA5A5A5" alpha="100" stop="0" /></colors></fill></color><color name="thumb_inner"><fill type="linear" rotation="90"><colors><color rgb="0xD4D4D4" alpha="100" stop="0" /></colors></fill></color><color name="thumb_bg"><fill type="linear" rotation="90"><colors><color rgb="0xC8C8C8" alpha="100" stop="0" /></colors></fill></color><color name="slider_border"><fill type="linear" rotation="90"><colors><color rgb="0xF2F2F2" alpha="100" stop="0" /></colors></fill></color><color name="slider_bg"><fill type="linear" rotation="90"><colors><color rgb="0xBCBCBC" alpha="100" stop="0" /><color rgb="0xBCBCBC" alpha="100" stop="128" /><color rgb="0xC3C3C3" alpha="100" stop="255" /></colors></fill></color></group_colors></color_group><color_group name="HTML"><group_colors><color name="htmlpage_bg_color"><fill type="linear" rotation="90"><colors><color rgb="0xFFFFFF" alpha="100" stop="0" /></colors></fill></color></group_colors></color_group></colorscheme></colorschemes><string_tables><string_table name="pxnsnfns01001000010"><string id="prev">PREV</string><string id="next">NEXT</string><string id="submit">SUBMIT</string><string id="outline">Menu</string><string id="resources">Resources</string><string id="glossary">Glossary</string><string id="transcript">Notes</string><string id="clear">Clear and return to Menu</string><string id="search_results">Search Results</string><string id="filter">Filter</string><string id="slide_text_chk">Slide Text</string><string id="transcript_chk">Notes</string><string id="search_in">Search in:</string><string id="check_include">Check to include</string><string id="search">Search...</string><string id="terms">Terms</string><string id="definition">Definition</string><string id="finish">FINISH</string><string id="acc_finish">finish</string><string id="acc_definition">definition</string><string id="acc_resources">resources</string><string id="acc_search_input">search</string><string id="acc_pause">pause</string><string id="acc_play">play</string><string id="acc_replay">replay</string><string id="acc_submit">submit</string><string id="acc_next">next</string><string id="acc_previous">previous</string><string id="acc_volume">volume</string><string id="submitall">SUBMIT ALL</string><string id="acc_submitall">submit all</string><string id="question_list">Question List</string><string id="more_info">More info</string><string id="send_an_email">Send an email</string><string id="close">Close</string><string id="bio">Bio</string><string id="exit">Exit</string></string_table></string_tables><sounds enabled="false" /><nav_data><outline><links><slidelink slideid="5m69pTSGyYs.69YUBkt5401" displaytext="Slide 1" expand="false" type="slide" /><slidelink slideid="5m69pTSGyYs.6pRBchN9MAc" displaytext="Let’s look at the pre-read scenario!" expand="false" type="slide" /><slidelink slideid="5m69pTSGyYs.5YU9L21lZ2u" displaytext="Module Objectives" expand="false" type="slide" /><slidelink slideid="5m69pTSGyYs.5YpmDItxhF3" displaytext="Agenda" expand="false" type="slide" /><slidelink slideid="5m69pTSGyYs.6Udmk5s33Cs" displaytext="Defects" expand="false" type="slide" /><slidelink slideid="5m69pTSGyYs.5e1Y2MgIO0e" displaytext="Agenda" expand="false" type="slide" /><slidelink slideid="5m69pTSGyYs.6i02ZgrXpjP" displaytext="Defect Life Cycle" expand="false" type="slide" /><slidelink slideid="5m69pTSGyYs.6lVcokLasI5" displaytext="Defect Life Cycle" expand="false" type="slide" /><slidelink slideid="5m69pTSGyYs.68Dmec8wtLK" displaytext="Agenda" expand="false" type="slide" /><slidelink slideid="5m69pTSGyYs.5q4VSFiGGjI" displaytext="Defect Components" expand="false" type="slide" /><slidelink slideid="5m69pTSGyYs.5qLR8YutW8x" displaytext="Slide 11" expand="false" type="slide" /><slidelink slideid="5m69pTSGyYs.6olkRwLehk5" displaytext="Severity" expand="false" type="slide" /><slidelink slideid="5m69pTSGyYs.5yY3yAzR69v" displaytext="Types of Severity" expand="false" type="slide" /><slidelink slideid="5m69pTSGyYs.6lLZ71W3zCI" displaytext="Types of Severity (Cont’d.)" expand="false" type="slide" /><slidelink slideid="5m69pTSGyYs.6ne9byY6H5s" displaytext="Types of Severity (Cont’d.)" expand="false" type="slide" /><slidelink slideid="5m69pTSGyYs.6YSdRrWyABV" displaytext="Example" expand="false" type="slide" /><slidelink slideid="5m69pTSGyYs.6IOeqNHfD4X" displaytext="Priority" expand="false" type="slide" /><slidelink slideid="5m69pTSGyYs.6Y7LJ43y0uL" displaytext="Status of Defect" expand="false" type="slide" /><slidelink slideid="5m69pTSGyYs.6jDqeurvXC6" displaytext="Defect Status" expand="false" type="slide" /><slidelink slideid="5m69pTSGyYs.5hAlGeNv1to" displaytext="Defect Status (Cont’d.)" expand="false" type="slide" /><slidelink slideid="5m69pTSGyYs.6fHRxH13y39" displaytext="Defect Status (Cont’d.)" expand="false" type="slide" /><slidelink slideid="5m69pTSGyYs.5YJwDTbpNIY" displaytext="Defect Status (Cont’d.)" expand="false" type="slide" /><slidelink slideid="5m69pTSGyYs.67DEaaLf6k4" displaytext="Slide 23" expand="false" type="slide" /><slidelink slideid="5m69pTSGyYs.6WRXr5aI8Ib" displaytext="Testing After a Defect Fix" expand="false" type="slide" /><slidelink slideid="5m69pTSGyYs.5VnbOiNRHCx" displaytext="Agenda" expand="false" type="slide" /><slidelink slideid="5m69pTSGyYs.5fbIEXxQhXz" displaytext="Defect Tracking Tools in market" expand="false" type="slide" /><slidelink slideid="5m69pTSGyYs.5wqCZx9iE86" displaytext="Licensed Tools in the Market" expand="false" type="slide" /><slidelink slideid="5m69pTSGyYs.5uSa9gzfblt" displaytext="Tips for writing a good defect report" expand="false" type="slide" /><slidelink slideid="5m69pTSGyYs.5Uq3zQsCYq3" displaytext="Post-Session Activity" expand="false" type="slide" /><slidelink slideid="5m69pTSGyYs.5xtPXupIcL1" displaytext="Check your Understanding" expand="false" type="slide" /><slidelink slideid="5m69pTSGyYs.6XUseGRQudQ" displaytext="Check your Understanding" expand="false" type="slide" /><slidelink slideid="5m69pTSGyYs.67w9Mdufk0k" displaytext="Check your Understanding" expand="false" type="slide" /><slidelink slideid="5m69pTSGyYs.652tFy2xIvs" displaytext="Slide 33" expand="false" type="slide" /></links></outline><search><slidetext slideid="5m69pTSGyYs.69YUBkt5401" slidebank="false" type="slide">     defect management – an overview   hcl talentcare: confidential  version: 1.0 release date:  07-01-2016 version – 1.0&#xB;release date – 07-01-2016</slidetext><slidetext slideid="5m69pTSGyYs.6pRBchN9MAc" slidebank="false" type="slide">   ‹#›   hcl talentcare: confidential version: 1.0 release date:  07-01-2016  hcl talentcare: confidential  version: 1.0 release date:  07-01-2016 let’s look at the pre-read scenario!    ok. but the defect report shows only six defects yes, i have logged all of them.   krishna and ramya are working on a matrimonial site. ramya has identified 20 defects and logged all of them.   ramya, haven’t you logged all the defects?  yes,14 defects were rejected  analyse the reason for defect rejection.</slidetext><slidetext slideid="5m69pTSGyYs.5YU9L21lZ2u" slidebank="false" type="slide">   ‹#›   hcl talentcare: confidential version: 1.0 release date:  07-01-2016  hcl talentcare: confidential  version: 1.0 release date:  07-01-2016  module objectives  at the end of this module, you will be able to understand : this module will help to understand about defects and effective ways of logging defects. </slidetext><slidetext slideid="5m69pTSGyYs.5YpmDItxhF3" slidebank="false" type="slide">   ‹#›   hcl talentcare: confidential version: 1.0 release date:  07-01-2016  hcl talentcare: confidential  version: 1.0 release date:  07-01-2016 agenda what is defect?   defect life cycle   components of defect    defect tracking tools   best practices when logging defects  what is defect?   defect life cycle   components of defect    defect tracking tools   best practices when logging defects  </slidetext><slidetext slideid="5m69pTSGyYs.6Udmk5s33Cs" slidebank="false" type="slide">   ‹#›   hcl talentcare: confidential version: 1.0 release date:  07-01-2016  hcl talentcare: confidential  version: 1.0 release date:  07-01-2016 defects a flaw in a component or system that can cause the component or system to fail to perform its required function is a defect.the variation in the expected and actual results is also known as defects. defect can be detected both in static and dynamic testing. defect is a condition in which the software does not meet a software requirement. </slidetext><slidetext slideid="5m69pTSGyYs.5e1Y2MgIO0e" slidebank="false" type="slide">   ‹#›   hcl talentcare: confidential version: 1.0 release date:  07-01-2016  hcl talentcare: confidential  version: 1.0 release date:  07-01-2016 agenda what is defect?   defect life cycle   components of defect    defect tracking tools   best practices when logging defects  what is defect?   defect life cycle   components of defect    defect tracking tools   best practices when logging defects  </slidetext><slidetext slideid="5m69pTSGyYs.6i02ZgrXpjP" slidebank="false" type="slide">   ‹#›   hcl talentcare: confidential version: 1.0 release date:  07-01-2016  hcl talentcare: confidential  version: 1.0 release date:  07-01-2016 defect life cycle the whole process from the start of reporting a defect till it is fixed and closed is called defect life cycle. the defect attains different states in the life cycle. on logging the defect it is reviewed by development or test manager.  test manager after review, assigns the defect to the developer for fix.when the defect gets assigned to developer, a  code fix is provided.if defect is fixed, then test team verifies it and sets the defect status as  ‘closed’.if there is a variance in the expected result and actual result, even after the defect fix, the defect status is changed to ‘re-open’.</slidetext><slidetext slideid="5m69pTSGyYs.6lVcokLasI5" slidebank="false" type="slide">   ‹#›   hcl talentcare: confidential version: 1.0 release date:  07-01-2016  hcl talentcare: confidential  version: 1.0 release date:  07-01-2016 defect life cycle     tester reports defect(s)    test manager or dev manager validates and assigns it to developer with a code fix    developer fixes the defect and resends it to test team for review     tester verifies the fixes          closed re-open  fixed  not fixed</slidetext><slidetext slideid="5m69pTSGyYs.68Dmec8wtLK" slidebank="false" type="slide">   ‹#›   hcl talentcare: confidential version: 1.0 release date:  07-01-2016  hcl talentcare: confidential  version: 1.0 release date:  07-01-2016 what is defect?   defect life cycle   components of defect    defect tracking tools   best practices when logging defects  what is defect?   defect life cycle   components of defect    defect tracking tools   best practices when logging defects   agenda</slidetext><slidetext slideid="5m69pTSGyYs.5q4VSFiGGjI" slidebank="false" type="slide">   ‹#›   hcl talentcare: confidential version: 1.0 release date:  07-01-2016  hcl talentcare: confidential  version: 1.0 release date:  07-01-2016  defect components defect identification (name/ number)             defect descriptionsteps to reproduceexpected resultsactual resultstest data severityprioritystatusassigned toenvironment/build number summary information to be provided when logging defect: </slidetext><slidetext slideid="5m69pTSGyYs.5qLR8YutW8x" slidebank="false" type="slide">   ‹#›   hcl talentcare: confidential version: 1.0 release date:  07-01-2016  hcl talentcare: confidential  version: 1.0 release date:  07-01-2016  defect identification: unique id which is generated.defect description: description of the defect need to be provided in a clear and a precise manner.steps to reproduce: clear mention of the steps to reproduce the defect expected result: expected behavior of the applicationactual result: what is the actual result on running above stepstest data: input used during execution defect components </slidetext><slidetext slideid="5m69pTSGyYs.6olkRwLehk5" slidebank="false" type="slide">   ‹#›   hcl talentcare: confidential version: 1.0 release date:  07-01-2016  hcl talentcare: confidential  version: 1.0 release date:  07-01-2016 severity severity  indicates the impact of the defect on the application. it can be categorized into critical / show stopper :an item that prevents further testing of the product or function under test can be classified as ‘critical’ defect. no workaround is possible for such defects.examples: missing menu option or security permission required to access a function under test. </slidetext><slidetext slideid="5m69pTSGyYs.5yY3yAzR69v" slidebank="false" type="slide">   ‹#›   hcl talentcare: confidential version: 1.0 release date:  07-01-2016  hcl talentcare: confidential  version: 1.0 release date:  07-01-2016 types of severity major / high: a defect that does not function as expected/designed or cause other functionality to fail to meet requirements can be classified as ‘major’ defect. the workaround can be provided for such defects. examples :inaccurate calculations, wrong field being updated, etc. </slidetext><slidetext slideid="5m69pTSGyYs.6lLZ71W3zCI" slidebank="false" type="slide">   ‹#›   hcl talentcare: confidential version: 1.0 release date:  07-01-2016  hcl talentcare: confidential  version: 1.0 release date:  07-01-2016 types of severity (cont’d.) medium: the defects which can or have caused a low-level disruption of the system or the business operation.examples : part of the feature not working. </slidetext><slidetext slideid="5m69pTSGyYs.6ne9byY6H5s" slidebank="false" type="slide">   ‹#›   hcl talentcare: confidential version: 1.0 release date:  07-01-2016  hcl talentcare: confidential  version: 1.0 release date:  07-01-2016 types of severity (cont’d.) minor / low: cosmetic defects which does not affect the functionality of the system can be classified as ‘minor’ defects.   examples : label of the button is not getting displayed as expected.</slidetext><slidetext slideid="5m69pTSGyYs.6YSdRrWyABV" slidebank="false" type="slide">   ‹#›   hcl talentcare: confidential version: 1.0 release date:  07-01-2016  hcl talentcare: confidential  version: 1.0 release date:  07-01-2016 example  example  :online shoppingcritical (or ) show stopper – search for products functionality is not workinghigh - search results are displayed but it is not displaying results of the particular search criteria.if you are searching  a watch for a price range between 2000-5000 it is displaying the list of watches available.medium  - customer reviews of the product  is not getting displayed .low – images are not displayed with clarity . </slidetext><slidetext slideid="5m69pTSGyYs.6IOeqNHfD4X" slidebank="false" type="slide">   ‹#›   hcl talentcare: confidential version: 1.0 release date:  07-01-2016  hcl talentcare: confidential  version: 1.0 release date:  07-01-2016 priority priority of a defect is related to how quickly a defect should be fixed and deployed.the order in which the bug needs to be fixed by the developer .the categories of priority are high medium low </slidetext><slidetext slideid="5m69pTSGyYs.6Y7LJ43y0uL" slidebank="false" type="slide">   ‹#›   hcl talentcare: confidential version: 1.0 release date:  07-01-2016  hcl talentcare: confidential  version: 1.0 release date:  07-01-2016 status of defect   </slidetext><slidetext slideid="5m69pTSGyYs.6jDqeurvXC6" slidebank="false" type="slide">   ‹#›   hcl talentcare: confidential version: 1.0 release date:  07-01-2016  hcl talentcare: confidential  version: 1.0 release date:  07-01-2016 defect status   new  when the defect is posted for the first time, its state will be new. this means that the defect is not yet approved.   after a tester has posted a defect, the lead of the tester approves that the defect is genuine and he changes the state as open.  open   once the lead changes the state as open, the defect is assigned to corresponding developer/team. the state of the defect now is changed to “assigned”.  assign</slidetext><slidetext slideid="5m69pTSGyYs.5hAlGeNv1to" slidebank="false" type="slide">   ‹#›   hcl talentcare: confidential version: 1.0 release date:  07-01-2016  hcl talentcare: confidential  version: 1.0 release date:  07-01-2016 defect status (cont’d.)   fixed once the developer makes necessary changes in the code and verifies the code, he/she marks the defect as ‘fixed’ and passes it over to the development lead, in order to pass it to the testing team.    the defect, changed to deferred state means that the defect is expected to be fixed in next releases. the reasons for changing the defect to this state have many factors. some of them are priority of the defect may be low, lack of time for the release or the defect may not have major effect on  the software.   deferred   once the lead changes the state as open, the defect is assigned to corresponding developer/team. the state of the defect now is changed to “assigned”.  assign</slidetext><slidetext slideid="5m69pTSGyYs.6fHRxH13y39" slidebank="false" type="slide">   ‹#›   hcl talentcare: confidential version: 1.0 release date:  07-01-2016  hcl talentcare: confidential  version: 1.0 release date:  07-01-2016 defect status (cont’d.)   rejected if the developer feels that the defect is not genuine, he rejects the defect. then the state of the defect is changed to rejected.    if the defect is repeated twice or the two defects mention the same concept of the defect, then one defect status is changed to duplicate.  duplicate   once the defect is fixed, it is tested by the tester. if the tester feels that the defect no longer exists in the software, he changes the status of the defect to closed. this state means that the defect is fixed, tested and approved.   closed</slidetext><slidetext slideid="5m69pTSGyYs.5YJwDTbpNIY" slidebank="false" type="slide">   ‹#›   hcl talentcare: confidential version: 1.0 release date:  07-01-2016  hcl talentcare: confidential  version: 1.0 release date:  07-01-2016 defect status (cont’d.)   retest after the defect fix is provided by the developer the status is changed to re test. testing team will then execute the test case to verify if the defect is fixed.&#xB;   if the defect still exists even after the defect is fixed by the developer, the tester changes the status to “reopened”. the defect traverses the life cycle once again.  reopened</slidetext><slidetext slideid="5m69pTSGyYs.67DEaaLf6k4" slidebank="false" type="slide">   ‹#›   hcl talentcare: confidential version: 1.0 release date:  07-01-2016  hcl talentcare: confidential  version: 1.0 release date:  07-01-2016  assigned to: choose the person whom you want to assign the defect.environment :specify the environment in which testing was done.build number: provide the version of the code in which the defect was detected. defect components </slidetext><slidetext slideid="5m69pTSGyYs.6WRXr5aI8Ib" slidebank="false" type="slide">   ‹#›   hcl talentcare: confidential version: 1.0 release date:  07-01-2016  hcl talentcare: confidential  version: 1.0 release date:  07-01-2016 &#xB;testing after a defect fix&#xB; the two types of testing that is performed after a defect fix isretest regression test.re –testing : once the defect is fixed test case  need to be executed to check if there is no variance in the expected and actual result after the code fix.regression testing : once the defect fix is provided critical test cases are executed to verify if the defect fix is not introduced in the other parts of the system.       </slidetext><slidetext slideid="5m69pTSGyYs.5VnbOiNRHCx" slidebank="false" type="slide">   ‹#›   hcl talentcare: confidential version: 1.0 release date:  07-01-2016  hcl talentcare: confidential  version: 1.0 release date:  07-01-2016 agenda what is defect?   cost of quality    defect life cycle   components of defect    defect tracking tools   best practices when logging defects  what is defect?   cost of quality    defect life cycle   components of defect    defect tracking tools   best practices when logging defects  </slidetext><slidetext slideid="5m69pTSGyYs.5fbIEXxQhXz" slidebank="false" type="slide">   ‹#›   hcl talentcare: confidential version: 1.0 release date:  07-01-2016  hcl talentcare: confidential  version: 1.0 release date:  07-01-2016 defect tracking tools in market  </slidetext><slidetext slideid="5m69pTSGyYs.5wqCZx9iE86" slidebank="false" type="slide">   ‹#›   hcl talentcare: confidential version: 1.0 release date:  07-01-2016  hcl talentcare: confidential  version: 1.0 release date:  07-01-2016 licensed tools in the market quality center:hp quality center offers a single, web-based application that supports all essential aspects of test management. it provides a consistent, repeatable process for gathering requirements, planning and scheduling tests, analyzing results and managing defects and issues. this software enables your organization to digitize specific quality processes and procedures within the larger application lifecycle. it also supports high levels of communication and collaboration among your it team. </slidetext><slidetext slideid="5m69pTSGyYs.5uSa9gzfblt" slidebank="false" type="slide">   ‹#›   hcl talentcare: confidential version: 1.0 release date:  07-01-2016  hcl talentcare: confidential  version: 1.0 release date:  07-01-2016  tips for writing a good defect report  report the problem immediately: do not wait to write detailed defect report later - report immediately. reproduce the defect before writing defect report: make sure your steps are robust enough to reproduce  the defect without any ambiguity. test the same defect with different set of data: it is always a best practice to  run the test case with different set of data to avoid defect rejection due to invalid use of test data.write a good defect summary: defect description should be clear and simple, reflecting what the problem is.screen shots: attach screen shots with clear marking of the defective area. </slidetext><slidetext slideid="5m69pTSGyYs.5Uq3zQsCYq3" slidebank="false" type="slide">   ‹#›   hcl talentcare: confidential version: 1.0 release date:  07-01-2016  hcl talentcare: confidential  version: 1.0 release date:  07-01-2016 post-session activity  defect logging :assume you are logging into the online attendance system for marking the attendance the system is not allowing you to mark the attendance.  raise a defect with appropriate severity. </slidetext><slidetext slideid="5m69pTSGyYs.5xtPXupIcL1" slidebank="false" type="slide">   ‹#›   hcl talentcare: confidential version: 1.0 release date:  07-01-2016  hcl talentcare: confidential  version: 1.0 release date:  07-01-2016  check your understanding  defect cascadingdefect preventionqcdefect leakage ........... happens when defect introduced in one phase passes to another phase without getting caught in the phase-end verification or validation activities. </slidetext><slidetext slideid="5m69pTSGyYs.6XUseGRQudQ" slidebank="false" type="slide">   ‹#›   hcl talentcare: confidential version: 1.0 release date:  07-01-2016  hcl talentcare: confidential  version: 1.0 release date:  07-01-2016  check your understanding  newopenverifieddeferredcritical which of the following is not a state of a defect in defect life cycle: </slidetext><slidetext slideid="5m69pTSGyYs.67w9Mdufk0k" slidebank="false" type="slide">   ‹#›   hcl talentcare: confidential version: 1.0 release date:  07-01-2016  hcl talentcare: confidential  version: 1.0 release date:  07-01-2016  check your understanding  minor, low, criticallow, major, criticalminor, major, highminor, major, critical normally, the impact ratings for defects are classified into three types: </slidetext><slidetext slideid="5m69pTSGyYs.652tFy2xIvs" slidebank="false" type="slide">      this document contains information that is proprietary and confidential to hcl talentcare private limited and shall not be disclosed outside the recipient's company or duplicated, used or disclosed in whole or in part by the recipient for any purpose other than to evaluate this document. any other use or disclosure in whole or in part of this information without the express written permission of hcl talentcare private limited is prohibited. further, this document does not constitute a contract to perform servicesthe reader should not act upon the information contained in this document without obtaining specific professional advice. no representation or warranty (express or implied) is given as to the accuracy or completeness of the information contained in this presentation, and, to the extent permitted by law; hcl talentcare private limited, its consultants, its members, employees and agents accept no liability, and disclaim all responsibility, for the consequences of reader or anyone else acting, or refraining to act, in reliance on the information contained in this document or for any decision based on it. thank you hcl talentcare: confidential  version: 1.0 release date:  07-01-2016</slidetext></search></nav_data><resource_data description="" /><transcript_data><slidetranscripts><slidetranscript slideid="5m69pTSGyYs.5YU9L21lZ2u" slidebank="false" type="slide" noteswf="presentation_content/notes/5YU9L21lZ2u.swf" notespng="mobile/notes/5YU9L21lZ2u.png">&lt;html&gt;&lt;p align='left'&gt;&lt;textformat leading='1' tabstops='[48, 96]' leftmargin='0' indent='0'&gt;&lt;font face='Microsoft Sans Serif' size='10.9933pt' color='#000000'&gt;Discuss the  objectives on the screen&lt;/font&gt;&lt;/textformat&gt;&lt;/p&gt;&lt;/html&gt;</slidetranscript></slidetranscripts></transcript_data><glossary_data /></bwFrame>